report_id,site,narrative
OIL-2026-00001,Offshore Platform Alpha,Contractor found entering restricted Working at Height area without a valid permit. Escorted out and work stopped.
OIL-2026-00002,Offshore Platform Alpha,"Hydraulic hose burst during PPE observations, spraying fluid across teh deck. Operator ws wearing face shield, no injury."
OIL-2026-00003,Drilling Rig Delta,Found some fluid on the deck near Housekeeping. Not sure if water or oil. The supervisor was not present.
OIL-2026-00004,Offshore Platform Alpha,Worker bypassed machine guard during Excavation to clear a jam. Equipment was still energized. Intervened and applied LOTO.
OIL-2026-00005,Refinery Unit B,"Vehicle struck a pedestrian crossing the yard during Dropped Objects. Severe trauma sustained, medevac initiated."
OIL-2026-00006,Terminal Operations,"Catastrophic failure of lifting gear during Gas Releases. 5-ton load dropped 10 meters, striking the deck less than 2 meters from the rigging crew. The contractor was late to the shift."
OIL-2026-00007,Pipeline Sector 4,Worker bypassed machine guard during Energy Isolation / LOTO to clear a jam. Equipment was still energized. Intervened and applied LOTO.
OIL-2026-00008,Terminal Operations,Contractor dropped something during Hydrocarbon Leaks. Didn't see what it was.
OIL-2026-00009,Offshore Platform Alpha,"While performing Confined Space, a heavy wrench slipped and struck the scaffolding tube near the worker's head. Near miss."
OIL-2026-00010,Terminal Operations,Arc flash occurred during Hot Work in the main switchgear room. Technician suffered severe electrical burns to face and hands.
OIL-2026-00011,Drilling Rig Delta,"Loud bang heard near Fire unit, but no damage found and no one saw anything."
OIL-2026-00012,Pipeline Sector 4,"During Routine inspections, LEL alarms triggered at 10%. Work stopped and area ventilated."
OIL-2026-00013,Offshore Platform Alpha,Walkway obstructed by empty pallets near PPE observations area. Removed by housekeeping.
OIL-2026-00014,Refinery Unit B,Contractor dropped something during Energy Isolation / LOTO. Didn't see what it was.
OIL-2026-00015,Pipeline Sector 4,"Vehicle struck a pedestrian crossing the yard during Minor maintenance issues. Severe trauma sustained, medevac initiated."
OIL-2026-00016,Maintenance Yard,Worker fell 5 meters during Electrical Hazards because harness lanyard snapped. Rushed to medical bay with suspected fractures.
OIL-2026-00017,Refinery Unit B,Small localized smoldering fire observed during Minor maintenance issues hot work. Extinguished immediately with local fire watch.
OIL-2026-00018,Offshore Platform Alpha,Trench collapsed during Lifting Operations excavation. Worker was partially buried up to the waist. Rescue team deployed.
OIL-2026-00019,Pipeline Sector 4,Contractor dropped something during Dropped Objects. Didn't see what it was.
OIL-2026-00020,Offshore Platform Alpha,Contractor reminded to use three points of contact on stairs near Electrical Hazards unit.
OIL-2026-00021,Terminal Operations,Contractor found entering restricted Hot Work area without a valid permit. Escorted out and work stopped.
OIL-2026-00022,Terminal Operations,"During routine Electrical Hazards inspection, noticed minor debris which was cleared immediately."
OIL-2026-00023,Terminal Operations,Trench collapsed during Dropped Objects excavation. Worker was partially buried up to the waist. Rescue team deployed.
OIL-2026-00024,Maintenance Yard,Trench collapsed during Housekeeping excavation. Worker was partially buried up to the waist. Rescue team deployed. We had a safety meeting about this just yesterday.
OIL-2026-00025,Offshore Platform Alpha,"Catastrophic failure of lifting gear during Housekeeping. 5-ton load dropped 10 meters, striking the deck less than 2 meters from the rigging crew."
OIL-2026-00026,Pipeline Sector 4,Worker fell 5 meters during Hydrocarbon Leaks because harness lanyard snapped. Rushed to medical bay with suspected fractures. The contractor ws late to teh shift.
OIL-2026-00027,Refinery Unit B,Worker fell 5 meters during PPE observations because harness lanyard snapped. Rushed to medical bay with suspected fractures. I didn't have my glasses on but I saw it happen.
OIL-2026-00028,Drilling Rig Delta,Fire extinguisher tag missing in the Routine inspections zone. Replaced by safety officer.
OIL-2026-00029,Pipeline Sector 4,Small localized smoldering fire observed during Hydrocarbon Leaks hot work. Extinguished immediately with local fire watch.
OIL-2026-00030,Offshore Platform Alpha,"Catastrophic failure of lifting gear during Electrical Hazards. 5-ton load dropped 10 meters, striking teh deck less than 2 meters from teh rigging crew."
OIL-2026-00031,Offshore Platform Alpha,"Crane slewed unexpectedly during Excavation, load swung over the pedestrian walkway. Exclusion zone was active, no personnel exposed. It was raining heavily at the time."
OIL-2026-00032,Refinery Unit B,Trench collapsed during Confined Space excavation. Worker was partially buried up to the waist. Rescue team deployed.
OIL-2026-00033,Pipeline Sector 4,Worker bypassed machine guard during Minor maintenance issues to clear a jam. Equipment was still energized. Intervened and applied LOTO.
OIL-2026-00034,Pipeline Sector 4,The gauge looked weird during Hot Work. We left it alone.
OIL-2026-00035,Offshore Platform Alpha,"Vehicle struck a pedestrian crossing the yard during Energy Isolation / LOTO. Severe trauma sustained, medevac initiated."
OIL-2026-00036,Pipeline Sector 4,Worker observed not wearing full PPE during Gas Releases in the safe zone. Reminded and complied.
OIL-2026-00037,Offshore Platform Alpha,Someone said the pressure was high during Dropped Objects. Need to investigate further.
OIL-2026-00038,Offshore Platform Alpha,Worker observed not wearing full PPE during PPE observations in the safe zone. Reminded and complied. (Note: Please fix the AC in the control room it is too hot).
OIL-2026-00039,Pipeline Sector 4,Worker fell 5 meters during Excavation because harness lanyard snapped. Rushed to medical bay with suspected fractures.
OIL-2026-00040,Pipeline Sector 4,Arc flash occurred during Dropped Objects in the main switchgear room. Technician suffered severe electrical burns to face and hands. The shift was almost over.
OIL-2026-00041,Offshore Platform Alpha,Slight trip hazard identified at PPE observations location due to uneven grating. Marked with high-viz tape. Radio comms were a bit staticky.
OIL-2026-00042,Maintenance Yard,"While performing PPE observations, a heavy wrench slipped and struck teh scaffolding tube near teh worker's head. Near miss."
OIL-2026-00043,Refinery Unit B,Minor oil weepage noticed on valve body during Housekeeping. Cleaned and tightened. (Note: Please fix teh AC in teh control room it is too hot).
OIL-2026-00044,Maintenance Yard,The gauge looked weird during Confined Space. We left it alone.
OIL-2026-00045,Maintenance Yard,Received report of incident during Routine inspections. Could not verify details.
OIL-2026-00046,Refinery Unit B,Contractor found entering restricted Gas Releases area without a valid permit. Escorted out and work stopped.
OIL-2026-00047,Offshore Platform Alpha,Routine Lifting Operations completed without any safety incidents.
OIL-2026-00048,Refinery Unit B,Found some fluid on teh deck near Routine inspections. Not sure if water or oil.
OIL-2026-00049,Terminal Operations,Scaffold tag was red but workers were seen preparing for Lifting Operations on it. Intervened before access.
OIL-2026-00050,Drilling Rig Delta,Contractor reminded to use three points of contact on stairs near Electrical Hazards unit.
OIL-2026-00051,Refinery Unit B,Contractor found entering restricted PPE observations area without a valid permit. Escorted out and work stopped.
OIL-2026-00052,Drilling Rig Delta,Contractor reminded to use three points of contact on stairs near Hot Work unit. Radio comms were a bit staticky.
OIL-2026-00053,Offshore Platform Alpha,Contractor reminded to use three points of contact on stairs near Chemical Exposure unit.
OIL-2026-00054,Refinery Unit B,Contractor dropped something during Overpressure. Didn't see what it was.
OIL-2026-00055,Pipeline Sector 4,"During Chemical Exposure, LEL alarms triggered at 10%. Work stopped and area ventilated."
OIL-2026-00056,Refinery Unit B,"Hydraulic hose burst during Hot Work, spraying fluid across the deck. Operator was wearing face shield, no injury."
OIL-2026-00057,Terminal Operations,"During Fire, LEL alarms triggered at 10%. Work stopped and area ventilated."
OIL-2026-00058,Offshore Platform Alpha,Major hydrocarbon gas release during Energy Isolation / LOTO. Cloud drifted towards hot work area. Emergency shutdown activated immediately.
OIL-2026-00059,Refinery Unit B,Fire extinguisher tag missing in the PPE observations zone. Replaced by safety officer.
OIL-2026-00060,Pipeline Sector 4,Arc flash occurred during Dropped Objects in the main switchgear room. Technician suffered severe electrical burns to face and hands. We had a safety meeting about this just yesterday.
OIL-2026-00061,Offshore Platform Alpha,Major hydrocarbon gas release during Excavation. Cloud drifted towards hot work area. Emergency shutdown activated immediately. The contractor was late to the shift.
OIL-2026-00062,Terminal Operations,Worker fell 5 meters during Excavation because harness lanyard snapped. Rushed to medical bay with suspected fractures.
OIL-2026-00063,Terminal Operations,Worker fell 5 meters during Excavation because harness lanyard snapped. Rushed to medical bay with suspected fractures. The supervisor was not present.
OIL-2026-00064,Maintenance Yard,Major hydrocarbon gas release during Chemical Exposure. Cloud drifted towards hot work area. Emergency shutdown activated immediately.
OIL-2026-00065,Maintenance Yard,Worker observed not wearing full PPE during Working at Height in the safe zone. Reminded and complied.
OIL-2026-00066,Terminal Operations,"Catastrophic failure of lifting gear during Chemical Exposure. 5-ton load dropped 10 meters, striking the deck less than 2 meters from the rigging crew. The shift was almost over."
OIL-2026-00067,Terminal Operations,Worker observed not wearing full PPE during Housekeeping in the safe zone. Reminded and complied.
OIL-2026-00068,Drilling Rig Delta,Received report of incident during Overpressure. Could not verify details.
OIL-2026-00069,Terminal Operations,Scaffold tag was red but workers were seen preparing for Vehicle Movement on it. Intervened before access.
OIL-2026-00070,Terminal Operations,Contractor found entering restricted Hot Work area without a valid permit. Escorted out and work stopped.
OIL-2026-00071,Pipeline Sector 4,Contractor reminded to use three points of contact on stairs near Hydrocarbon Leaks unit. The shift was almost over.
OIL-2026-00072,Terminal Operations,Contractor found entering restricted Dropped Objects area without a valid permit. Escorted out and work stopped.
OIL-2026-00073,Pipeline Sector 4,Completed daily Overpressure checks. All parameters normal.
OIL-2026-00074,Drilling Rig Delta,Contractor reminded to use three points of contact on stairs near Vehicle Movement unit.
OIL-2026-00075,Terminal Operations,Someone said the pressure was high during Confined Space. Need to investigate further.
OIL-2026-00076,Refinery Unit B,The gauge looked weird during Excavation. We left it alone.
OIL-2026-00077,Pipeline Sector 4,"Worker reported feeling unwell after Excavation. Might be related, might be food poisoning."
OIL-2026-00078,Pipeline Sector 4,Walkway obstructed by empty pallets near Minor maintenance issues area. Removed by housekeeping.
OIL-2026-00079,Pipeline Sector 4,Contractor dropped something during Working at Height. Didn't see what it was.
OIL-2026-00080,Offshore Platform Alpha,"Worker reported feeling unwell after Housekeeping. Might be related, might be food poisoning. The supervisor was not present."
OIL-2026-00081,Pipeline Sector 4,Contractor reminded to use three points of contact on stairs near Electrical Hazards unit.
OIL-2026-00082,Refinery Unit B,Small localized smoldering fire observed during Housekeeping hot work. Extinguished immediately with local fire watch.
OIL-2026-00083,Drilling Rig Delta,Worker bypassed machine guard during Simultaneous Operations to clear a jam. Equipment was still energized. Intervened and applied LOTO.
OIL-2026-00084,Offshore Platform Alpha,Slight trip hazard identified at Housekeeping location due to uneven grating. Marked with high-viz tape.
OIL-2026-00085,Offshore Platform Alpha,Contractor found entering restricted Excavation area without a valid permit. Escorted out and work stopped.
OIL-2026-00086,Offshore Platform Alpha,"Worker reported feeling unwell after Excavation. Might be related, might be food poisoning."
OIL-2026-00087,Pipeline Sector 4,Contractor reminded to use three points of contact on stairs near Gas Releases unit.
OIL-2026-00088,Pipeline Sector 4,"During routine Minor maintenance issues inspection, noticed minor debris which was cleared immediately."
OIL-2026-00089,Pipeline Sector 4,Routine Fire completed without any safety incidents.
OIL-2026-00090,Pipeline Sector 4,"Crane slewed unexpectedly during PPE observations, load swung over the pedestrian walkway. Exclusion zone was active, no personnel exposed."
OIL-2026-00091,Refinery Unit B,The gauge looked weird during Gas Releases. We left it alone.
OIL-2026-00092,Maintenance Yard,Trench collapsed during Lifting Operations excavation. Worker was partially buried up to the waist. Rescue team deployed.
OIL-2026-00093,Pipeline Sector 4,"Hydraulic hose burst during Working at Height, spraying fluid across the deck. Operator was wearing face shield, no injury."
OIL-2026-00094,Terminal Operations,"Worker reported feeling unwell after Chemical Exposure. Might be related, might be food poisoning."
OIL-2026-00095,Terminal Operations,Major hydrocarbon gas release during Process Upsets. Cloud drifted towards hot work area. Emergency shutdown activated immediately.
OIL-2026-00096,Terminal Operations,"Catastrophic failure of lifting gear during Simultaneous Operations. 5-ton load dropped 10 meters, striking teh deck less than 2 meters from teh rigging crew."
OIL-2026-00097,Offshore Platform Alpha,Contractor dropped something during Confined Space. Didn't see what it was.
OIL-2026-00098,Pipeline Sector 4,"Catastrophic failure of lifting gear during Vehicle Movement. 5-ton load dropped 10 meters, striking the deck less than 2 meters from the rigging crew."
OIL-2026-00099,Terminal Operations,"Crane slewed unexpectedly during Minor maintenance issues, load swung over the pedestrian walkway. Exclusion zone was active, no personnel exposed."
OIL-2026-00100,Refinery Unit B,The gauge looked weird during Routine inspections. We left it alone.
OIL-2026-00101,Pipeline Sector 4,Trench collapsed during Hot Work excavation. Worker was partially buried up to the waist. Rescue team deployed. Radio comms were a bit staticky.
OIL-2026-00102,Refinery Unit B,Worker observed not wearing full PPE during Vehicle Movement in the safe zone. Reminded and complied.
OIL-2026-00103,Maintenance Yard,Contractor dropped something during Hydrocarbon Leaks. Didn't see what it was.
OIL-2026-00104,Maintenance Yard,Trench collapsed during Fire excavation. Worker was partially buried up to the waist. Rescue team deployed.
OIL-2026-00105,Terminal Operations,Small localized smoldering fire observed during Working at Height hot work. Extinguished immediately with local fire watch.
OIL-2026-00106,Drilling Rig Delta,"During Electrical Hazards, LEL alarms triggered at 10%. Work stopped and area ventilated."
OIL-2026-00107,Maintenance Yard,Slight trip hazard identified at PPE observations location due to uneven grating. Marked with high-viz tape.
OIL-2026-00108,Pipeline Sector 4,Worker observed not wearing full PPE during Excavation in the safe zone. Reminded and complied.
OIL-2026-00109,Refinery Unit B,Scaffold tag was red but workers were seen preparing for Process Upsets on it. Intervened before access. We had a safety meeting about this just yesterday.
OIL-2026-00110,Terminal Operations,Handrail paint was peeling near the Chemical Exposure sector. Maintenance request submitted.
OIL-2026-00111,Refinery Unit B,"Crane slewed unexpectedly during Housekeeping, load swung over the pedestrian walkway. Exclusion zone was active, no personnel exposed. The shift was almost over."
OIL-2026-00112,Refinery Unit B,Worker bypassed machine guard during Simultaneous Operations to clear a jam. Equipment ws still energized. Intervened and applied LOTO.
OIL-2026-00113,Maintenance Yard,Routine Excavation completed without any safety incidents.
OIL-2026-00114,Terminal Operations,Scaffold tag was red but workers were seen preparing for Overpressure on it. Intervened before access.
OIL-2026-00115,Drilling Rig Delta,Walkway obstructed by empty pallets near Hot Work area. Removed by housekeeping.
OIL-2026-00116,Maintenance Yard,The gauge looked weird during Vehicle Movement. We left it alone.
OIL-2026-00117,Terminal Operations,"Crane slewed unexpectedly during Hot Work, load swung over the pedestrian walkway. Exclusion zone was active, no personnel exposed."
OIL-2026-00118,Maintenance Yard,"Loud bang heard near PPE observations unit, but no damage found and no one saw anything."
OIL-2026-00119,Pipeline Sector 4,Slight trip hazard identified at Lifting Operations location due to uneven grating. Marked with high-viz tape. It was raining heavily at the time.
OIL-2026-00120,Pipeline Sector 4,Minor oil weepage noticed on valve body during Gas Releases. Cleaned and tightened.
OIL-2026-00121,Drilling Rig Delta,"Worker reported feeling unwell after Confined Space. Might be related, might be food poisoning."
OIL-2026-00122,Refinery Unit B,Contractor dropped something during Lifting Operations. Didn't see what it was.
OIL-2026-00123,Maintenance Yard,Found some fluid on the deck near Overpressure. Not sure if water or oil.
OIL-2026-00124,Terminal Operations,Routine Electrical Hazards completed without any safety incidents.
OIL-2026-00125,Refinery Unit B,"Hydraulic hose burst during Energy Isolation / LOTO, spraying fluid across the deck. Operator was wearing face shield, no injury."
OIL-2026-00126,Refinery Unit B,Minor oil weepage noticed on valve body during Confined Space. Cleaned and tightened.
OIL-2026-00127,Refinery Unit B,The gauge looked weird during Electrical Hazards. We left it alone.
OIL-2026-00128,Drilling Rig Delta,Slight trip hazard identified at Hydrocarbon Leaks location due to uneven grating. Marked with high-viz tape. The supervisor was not present.
OIL-2026-00129,Terminal Operations,Small localized smoldering fire observed during Vehicle Movement hot work. Extinguished immediately with local fire watch. The supervisor was not present.
OIL-2026-00130,Maintenance Yard,"Catastrophic failure of lifting gear during Confined Space. 5-ton load dropped 10 meters, striking the deck less than 2 meters from the rigging crew. Radio comms were a bit staticky."
OIL-2026-00131,Pipeline Sector 4,"Catastrophic failure of lifting gear during Electrical Hazards. 5-ton load dropped 10 meters, striking the deck less than 2 meters from the rigging crew."
OIL-2026-00132,Offshore Platform Alpha,Trench collapsed during Housekeeping excavation. Worker ws partially buried up to teh waist. Rescue team deployed.
OIL-2026-00133,Drilling Rig Delta,Trench collapsed during Gas Releases excavation. Worker ws partially buried up to teh waist. Rescue team deployed.
OIL-2026-00134,Drilling Rig Delta,Trench collapsed during Minor maintenance issues excavation. Worker was partially buried up to the waist. Rescue team deployed.
OIL-2026-00135,Maintenance Yard,"Catastrophic failure of lifting gear during Minor maintenance issues. 5-ton load dropped 10 meters, striking the deck less than 2 meters from the rigging crew."
OIL-2026-00136,Pipeline Sector 4,"During Chemical Exposure, LEL alarms triggered at 10%. Work stopped and area ventilated."
OIL-2026-00137,Offshore Platform Alpha,Major hydrocarbon gas release during Simultaneous Operations. Cloud drifted towards hot work area. Emergency shutdown activated immediately.
OIL-2026-00138,Pipeline Sector 4,Arc flash occurred during Gas Releases in the main switchgear room. Technician suffered severe electrical burns to face and hands.
OIL-2026-00139,Terminal Operations,"Catastrophic failure of lifting gear during PPE observations. 5-ton load dropped 10 meters, striking the deck less than 2 meters from the rigging crew."
OIL-2026-00140,Drilling Rig Delta,Contractor dropped something during Process Upsets. Didn't see what it was.
OIL-2026-00141,Pipeline Sector 4,Arc flash occurred during Electrical Hazards in the main switchgear room. Technician suffered severe electrical burns to face and hands. (Note: Please fix the AC in the control room it is too hot).
OIL-2026-00142,Terminal Operations,"Crane slewed unexpectedly during Energy Isolation / LOTO, load swung over the pedestrian walkway. Exclusion zone was active, no personnel exposed."
OIL-2026-00143,Terminal Operations,Worker observed not wearing full PPE during Simultaneous Operations in the safe zone. Reminded and complied. The supervisor was not present.
OIL-2026-00144,Offshore Platform Alpha,Small localized smoldering fire observed during PPE observations hot work. Extinguished immediately with local fire watch. The contractor was late to the shift.
OIL-2026-00145,Drilling Rig Delta,Worker bypassed machine guard during Lifting Operations to clear a jam. Equipment was still energized. Intervened and applied LOTO.
OIL-2026-00146,Pipeline Sector 4,Slight trip hazard identified at Simultaneous Operations location due to uneven grating. Marked with high-viz tape.
OIL-2026-00147,Offshore Platform Alpha,Found some fluid on the deck near Routine inspections. Not sure if water or oil.
OIL-2026-00148,Offshore Platform Alpha,Handrail paint was peeling near the Overpressure sector. Maintenance request submitted.
OIL-2026-00149,Refinery Unit B,Completed daily Hydrocarbon Leaks checks. All parameters normal.
OIL-2026-00150,Pipeline Sector 4,Handrail paint was peeling near the Simultaneous Operations sector. Maintenance request submitted.
OIL-2026-00151,Pipeline Sector 4,Walkway obstructed by empty pallets near Gas Releases area. Removed by housekeeping.
OIL-2026-00152,Pipeline Sector 4,Received report of incident during Overpressure. Could not verify details.
OIL-2026-00153,Maintenance Yard,Slight trip hazard identified at Lifting Operations location due to uneven grating. Marked with high-viz tape.
OIL-2026-00154,Refinery Unit B,Slight trip hazard identified at Hot Work location due to uneven grating. Marked with high-viz tape. I didn't have my glasses on but I saw it happen.
OIL-2026-00155,Terminal Operations,Worker observed not wearing full PPE during Lifting Operations in the safe zone. Reminded and complied.
OIL-2026-00156,Maintenance Yard,"Hydraulic hose burst during Process Upsets, spraying fluid across the deck. Operator was wearing face shield, no injury."
OIL-2026-00157,Offshore Platform Alpha,Slight trip hazard identified at Gas Releases location due to uneven grating. Marked with high-viz tape.
OIL-2026-00158,Offshore Platform Alpha,"Loud bang heard near Hydrocarbon Leaks unit, but no damage found and no one saw anything."
OIL-2026-00159,Offshore Platform Alpha,Arc flash occurred during Hot Work in the main switchgear room. Technician suffered severe electrical burns to face and hands. Radio comms were a bit staticky.
OIL-2026-00160,Refinery Unit B,Routine Energy Isolation / LOTO completed without any safety incidents.
OIL-2026-00161,Pipeline Sector 4,"During Minor maintenance issues, LEL alarms triggered at 10%. Work stopped and area ventilated. The contractor was late to the shift."
OIL-2026-00162,Pipeline Sector 4,Worker bypassed machine guard during Excavation to clear a jam. Equipment was still energized. Intervened and applied LOTO.
OIL-2026-00163,Pipeline Sector 4,Contractor found entering restricted Electrical Hazards area without a valid permit. Escorted out and work stopped.
OIL-2026-00164,Terminal Operations,Worker fell 5 meters during PPE observations because harness lanyard snapped. Rushed to medical bay with suspected fractures. We had a safety meeting about this just yesterday.
OIL-2026-00165,Pipeline Sector 4,Contractor found entering restricted Overpressure area without a valid permit. Escorted out and work stopped.
OIL-2026-00166,Terminal Operations,Worker fell 5 meters during Hot Work because harness lanyard snapped. Rushed to medical bay with suspected fractures.
OIL-2026-00167,Terminal Operations,"Catastrophic failure of lifting gear during Hydrocarbon Leaks. 5-ton load dropped 10 meters, striking the deck less than 2 meters from the rigging crew."
OIL-2026-00168,Terminal Operations,Found some fluid on the deck near Energy Isolation / LOTO. Not sure if water or oil.
OIL-2026-00169,Refinery Unit B,Trench collapsed during Excavation excavation. Worker was partially buried up to the waist. Rescue team deployed.
OIL-2026-00170,Terminal Operations,"Hydraulic hose burst during Lifting Operations, spraying fluid across the deck. Operator was wearing face shield, no injury."
OIL-2026-00171,Terminal Operations,Trench collapsed during Energy Isolation / LOTO excavation. Worker was partially buried up to the waist. Rescue team deployed.
OIL-2026-00172,Terminal Operations,Minor oil weepage noticed on valve body during Overpressure. Cleaned and tightened.
OIL-2026-00173,Pipeline Sector 4,"During Chemical Exposure, LEL alarms triggered at 10%. Work stopped and area ventilated."
OIL-2026-00174,Pipeline Sector 4,"Vehicle struck a pedestrian crossing the yard during Hydrocarbon Leaks. Severe trauma sustained, medevac initiated."
OIL-2026-00175,Pipeline Sector 4,Worker fell 5 meters during Lifting Operations because harness lanyard snapped. Rushed to medical bay with suspected fractures.
OIL-2026-00176,Maintenance Yard,Major hydrocarbon gas release during PPE observations. Cloud drifted towards hot work area. Emergency shutdown activated immediately. The shift ws almost over.
OIL-2026-00177,Pipeline Sector 4,The gauge looked weird during Fire. We left it alone.
OIL-2026-00178,Maintenance Yard,"Catastrophic failure of lifting gear during Fire. 5-ton load dropped 10 meters, striking the deck less than 2 meters from the rigging crew."
OIL-2026-00179,Offshore Platform Alpha,Major hydrocarbon gas release during PPE observations. Cloud drifted towards hot work area. Emergency shutdown activated immediately.
OIL-2026-00180,Offshore Platform Alpha,Contractor found entering restricted Electrical Hazards area without a valid permit. Escorted out and work stopped.
OIL-2026-00181,Refinery Unit B,Arc flash occurred during Hydrocarbon Leaks in the main switchgear room. Technician suffered severe electrical burns to face and hands. The supervisor was not present.
OIL-2026-00182,Refinery Unit B,Contractor reminded to use three points of contact on stairs near Fire unit.
OIL-2026-00183,Terminal Operations,Arc flash occurred during Hot Work in the main switchgear room. Technician suffered severe electrical burns to face and hands.
OIL-2026-00184,Terminal Operations,"Loud bang heard near Fire unit, but no damage found and no one saw anything."
OIL-2026-00185,Offshore Platform Alpha,Found some fluid on the deck near Fire. Not sure if water or oil.
OIL-2026-00186,Offshore Platform Alpha,Worker observed not wearing full PPE during Vehicle Movement in the safe zone. Reminded and complied.
OIL-2026-00187,Refinery Unit B,"While performing Routine inspections, a heavy wrench slipped and struck the scaffolding tube near the worker's head. Near miss. We had a safety meeting about this just yesterday."
OIL-2026-00188,Maintenance Yard,"Catastrophic failure of lifting gear during Vehicle Movement. 5-ton load dropped 10 meters, striking the deck less than 2 meters from the rigging crew."
OIL-2026-00189,Maintenance Yard,Someone said the pressure was high during Excavation. Need to investigate further.
OIL-2026-00190,Offshore Platform Alpha,"Loud bang heard near Lifting Operations unit, but no damage found and no one saw anything."
OIL-2026-00191,Offshore Platform Alpha,"During Working at Height, LEL alarms triggered at 10%. Work stopped and area ventilated. The supervisor was not present."
OIL-2026-00192,Drilling Rig Delta,"Loud bang heard near Energy Isolation / LOTO unit, but no damage found and no one saw anything."
OIL-2026-00193,Pipeline Sector 4,Contractor dropped something during Electrical Hazards. Didn't see what it was.
OIL-2026-00194,Drilling Rig Delta,"While performing Routine inspections, a heavy wrench slipped and struck the scaffolding tube near the worker's head. Near miss."
OIL-2026-00195,Pipeline Sector 4,"While performing Electrical Hazards, a heavy wrench slipped and struck the scaffolding tube near the worker's head. Near miss. I didn't have my glasses on but I saw it happen."
OIL-2026-00196,Refinery Unit B,Worker bypassed machine guard during Simultaneous Operations to clear a jam. Equipment was still energized. Intervened and applied LOTO. The contractor was late to the shift.
OIL-2026-00197,Terminal Operations,Found some fluid on the deck near Chemical Exposure. Not sure if water or oil.
OIL-2026-00198,Pipeline Sector 4,Contractor reminded to use three points of contact on stairs near Routine inspections unit.
OIL-2026-00199,Maintenance Yard,Contractor dropped something during Hot Work. Didn't see what it was.
OIL-2026-00200,Terminal Operations,Small localized smoldering fire observed during Vehicle Movement hot work. Extinguished immediately with local fire watch.
OIL-2026-00201,Terminal Operations,Arc flash occurred during Process Upsets in the main switchgear room. Technician suffered severe electrical burns to face and hands.
OIL-2026-00202,Offshore Platform Alpha,"During Fire, LEL alarms triggered at 10%. Work stopped and area ventilated."
OIL-2026-00203,Maintenance Yard,Arc flash occurred during Confined Space in the main switchgear room. Technician suffered severe electrical burns to face and hands. We had a safety meeting about this just yesterday.
OIL-2026-00204,Terminal Operations,Found some fluid on the deck near PPE observations. Not sure if water or oil.
OIL-2026-00205,Terminal Operations,"Vehicle struck a pedestrian crossing the yard during Overpressure. Severe trauma sustained, medevac initiated. Radio comms were a bit staticky."
OIL-2026-00206,Offshore Platform Alpha,"Loud bang heard near Housekeeping unit, but no damage found and no one saw anything. I didn't have my glasses on but I saw it happen."
OIL-2026-00207,Pipeline Sector 4,Handrail paint was peeling near the PPE observations sector. Maintenance request submitted. Radio comms were a bit staticky.
OIL-2026-00208,Maintenance Yard,Trench collapsed during Routine inspections excavation. Worker was partially buried up to the waist. Rescue team deployed.
OIL-2026-00209,Terminal Operations,"Catastrophic failure of lifting gear during Chemical Exposure. 5-ton load dropped 10 meters, striking the deck less than 2 meters from the rigging crew. Radio comms were a bit staticky."
OIL-2026-00210,Drilling Rig Delta,Found some fluid on teh deck near Lifting Operations. Not sure if water or oil.
OIL-2026-00211,Pipeline Sector 4,"Hydraulic hose burst during Working at Height, spraying fluid across the deck. Operator was wearing face shield, no injury."
OIL-2026-00212,Maintenance Yard,Handrail paint was peeling near the Dropped Objects sector. Maintenance request submitted.
OIL-2026-00213,Terminal Operations,"During Energy Isolation / LOTO, LEL alarms triggered at 10%. Work stopped and area ventilated. It was raining heavily at the time."
OIL-2026-00214,Refinery Unit B,Slight trip hazard identified at Overpressure location due to uneven grating. Marked with high-viz tape.
OIL-2026-00215,Drilling Rig Delta,Major hydrocarbon gas release during Hot Work. Cloud drifted towards hot work area. Emergency shutdown activated immediately.
OIL-2026-00216,Offshore Platform Alpha,Contractor found entering restricted Housekeeping area without a valid permit. Escorted out and work stopped. The shift was almost over.
OIL-2026-00217,Terminal Operations,"Loud bang heard near Hydrocarbon Leaks unit, but no damage found and no one saw anything."
OIL-2026-00218,Pipeline Sector 4,Slight trip hazard identified at Working at Height location due to uneven grating. Marked with high-viz tape.
OIL-2026-00219,Pipeline Sector 4,Scaffold tag was red but workers were seen preparing for Excavation on it. Intervened before access. It was raining heavily at the time.
OIL-2026-00220,Drilling Rig Delta,Trench collapsed during Gas Releases excavation. Worker was partially buried up to the waist. Rescue team deployed.
OIL-2026-00221,Maintenance Yard,Fire extinguisher tag missing in the Hot Work zone. Replaced by safety officer. We had a safety meeting about this just yesterday.
OIL-2026-00222,Pipeline Sector 4,Worker observed not wearing full PPE during Fire in the safe zone. Reminded and complied.
OIL-2026-00223,Terminal Operations,"Hydraulic hose burst during Housekeeping, spraying fluid across the deck. Operator was wearing face shield, no injury."
OIL-2026-00224,Maintenance Yard,Received report of incident during Dropped Objects. Could not verify details.
OIL-2026-00225,Refinery Unit B,Someone said the pressure was high during Fire. Need to investigate further.
OIL-2026-00226,Drilling Rig Delta,Someone said the pressure was high during Lifting Operations. Need to investigate further. Lunch had just finished.
OIL-2026-00227,Pipeline Sector 4,"Worker reported feeling unwell after Simultaneous Operations. Might be related, might be food poisoning."
OIL-2026-00228,Refinery Unit B,Scaffold tag was red but workers were seen preparing for Minor maintenance issues on it. Intervened before access.
OIL-2026-00229,Maintenance Yard,Slight trip hazard identified at Simultaneous Operations location due to uneven grating. Marked with high-viz tape.
OIL-2026-00230,Offshore Platform Alpha,Received report of incident during Housekeeping. Could not verify details.
OIL-2026-00231,Offshore Platform Alpha,Worker observed not wearing full PPE during Hydrocarbon Leaks in the safe zone. Reminded and complied.
OIL-2026-00232,Drilling Rig Delta,Small localized smoldering fire observed during Housekeeping hot work. Extinguished immediately with local fire watch.
OIL-2026-00233,Pipeline Sector 4,Trench collapsed during Electrical Hazards excavation. Worker was partially buried up to the waist. Rescue team deployed.
OIL-2026-00234,Offshore Platform Alpha,Worker bypassed machine guard during Energy Isolation / LOTO to clear a jam. Equipment was still energized. Intervened and applied LOTO. We had a safety meeting about this just yesterday.
OIL-2026-00235,Pipeline Sector 4,"While performing Dropped Objects, a heavy wrench slipped and struck the scaffolding tube near the worker's head. Near miss."
OIL-2026-00236,Pipeline Sector 4,"During Routine inspections, LEL alarms triggered at 10%. Work stopped and area ventilated."
OIL-2026-00237,Offshore Platform Alpha,Completed daily Gas Releases checks. All parameters normal. We had a safety meeting about this just yesterday.
OIL-2026-00238,Maintenance Yard,Contractor found entering restricted Process Upsets area without a valid permit. Escorted out and work stopped.
OIL-2026-00239,Terminal Operations,"Catastrophic failure of lifting gear during Gas Releases. 5-ton load dropped 10 meters, striking the deck less than 2 meters from the rigging crew."
OIL-2026-00240,Terminal Operations,Minor oil weepage noticed on valve body during Process Upsets. Cleaned and tightened.
OIL-2026-00241,Drilling Rig Delta,"During Gas Releases, LEL alarms triggered at 10%. Work stopped and area ventilated."
OIL-2026-00242,Terminal Operations,"Catastrophic failure of lifting gear during Housekeeping. 5-ton load dropped 10 meters, striking the deck less than 2 meters from the rigging crew."
OIL-2026-00243,Pipeline Sector 4,"Loud bang heard near Hydrocarbon Leaks unit, but no damage found and no one saw anything."
OIL-2026-00244,Maintenance Yard,"Loud bang heard near Lifting Operations unit, but no damage found and no one saw anything. The contractor was late to the shift."
OIL-2026-00245,Maintenance Yard,"Catastrophic failure of lifting gear during Housekeeping. 5-ton load dropped 10 meters, striking the deck less than 2 meters from the rigging crew."
OIL-2026-00246,Offshore Platform Alpha,"Loud bang heard near Process Upsets unit, but no damage found and no one saw anything. Lunch had just finished."
OIL-2026-00247,Pipeline Sector 4,Slight trip hazard identified at Excavation location due to uneven grating. Marked with high-viz tape.
OIL-2026-00248,Refinery Unit B,Someone said the pressure was high during Excavation. Need to investigate further.
OIL-2026-00249,Pipeline Sector 4,Slight trip hazard identified at Minor maintenance issues location due to uneven grating. Marked with high-viz tape.
OIL-2026-00250,Refinery Unit B,"During Overpressure, LEL alarms triggered at 10%. Work stopped and area ventilated."
OIL-2026-00251,Offshore Platform Alpha,"Vehicle struck a pedestrian crossing the yard during Energy Isolation / LOTO. Severe trauma sustained, medevac initiated."
OIL-2026-00252,Terminal Operations,"Hydraulic hose burst during Housekeeping, spraying fluid across the deck. Operator was wearing face shield, no injury."
OIL-2026-00253,Refinery Unit B,Minor oil weepage noticed on valve body during Housekeeping. Cleaned and tightened.
OIL-2026-00254,Terminal Operations,"Catastrophic failure of lifting gear during Fire. 5-ton load dropped 10 meters, striking the deck less than 2 meters from the rigging crew."
OIL-2026-00255,Offshore Platform Alpha,Someone said the pressure was high during Confined Space. Need to investigate further.
OIL-2026-00256,Pipeline Sector 4,Worker fell 5 meters during Gas Releases because harness lanyard snapped. Rushed to medical bay with suspected fractures. Radio comms were a bit staticky.
OIL-2026-00257,Offshore Platform Alpha,Worker bypassed machine guard during Lifting Operations to clear a jam. Equipment ws still energized. Intervened and applied LOTO.
OIL-2026-00258,Terminal Operations,Contractor dropped something during Vehicle Movement. Didn't see what it was. (Note: Please fix the AC in the control room it is too hot).
OIL-2026-00259,Maintenance Yard,Received report of incident during Hot Work. Could not verify details.
OIL-2026-00260,Maintenance Yard,Slight trip hazard identified at Hot Work location due to uneven grating. Marked with high-viz tape.
OIL-2026-00261,Refinery Unit B,Contractor found entering restricted Lifting Operations area without a valid permit. Escorted out and work stopped.
OIL-2026-00262,Maintenance Yard,"Hydraulic hose burst during Dropped Objects, spraying fluid across the deck. Operator was wearing face shield, no injury."
OIL-2026-00263,Drilling Rig Delta,"While performing Housekeeping, a heavy wrench slipped and struck the scaffolding tube near the worker's head. Near miss."
OIL-2026-00264,Offshore Platform Alpha,Routine Fire completed without any safety incidents.
OIL-2026-00265,Offshore Platform Alpha,Completed daily Hot Work checks. All parameters normal.
OIL-2026-00266,Drilling Rig Delta,Minor oil weepage noticed on valve body during Gas Releases. Cleaned and tightened.
OIL-2026-00267,Refinery Unit B,Minor oil weepage noticed on valve body during Dropped Objects. Cleaned and tightened. I didn't have my glasses on but I saw it happen.
OIL-2026-00268,Pipeline Sector 4,Received report of incident during Vehicle Movement. Could not verify details.
OIL-2026-00269,Refinery Unit B,Arc flash occurred during PPE observations in the main switchgear room. Technician suffered severe electrical burns to face and hands.
OIL-2026-00270,Pipeline Sector 4,Handrail paint was peeling near the Energy Isolation / LOTO sector. Maintenance request submitted.
OIL-2026-00271,Drilling Rig Delta,Arc flash occurred during Electrical Hazards in the main switchgear room. Technician suffered severe electrical burns to face and hands.
OIL-2026-00272,Offshore Platform Alpha,Routine Housekeeping completed without any safety incidents.
OIL-2026-00273,Terminal Operations,Contractor reminded to use three points of contact on stairs near Dropped Objects unit.
OIL-2026-00274,Drilling Rig Delta,Worker bypassed machine guard during Hydrocarbon Leaks to clear a jam. Equipment was still energized. Intervened and applied LOTO.
OIL-2026-00275,Maintenance Yard,"During routine Electrical Hazards inspection, noticed minor debris which was cleared immediately."
OIL-2026-00276,Offshore Platform Alpha,"Vehicle struck a pedestrian crossing the yard during Chemical Exposure. Severe trauma sustained, medevac initiated."
OIL-2026-00277,Refinery Unit B,Scaffold tag was red but workers were seen preparing for Process Upsets on it. Intervened before access.
OIL-2026-00278,Refinery Unit B,Trench collapsed during Lifting Operations excavation. Worker was partially buried up to the waist. Rescue team deployed.
OIL-2026-00279,Maintenance Yard,Someone said the pressure was high during Fire. Need to investigate further.
OIL-2026-00280,Maintenance Yard,Someone said the pressure was high during Electrical Hazards. Need to investigate further.
OIL-2026-00281,Offshore Platform Alpha,"Worker reported feeling unwell after Fire. Might be related, might be food poisoning."
OIL-2026-00282,Offshore Platform Alpha,"Worker reported feeling unwell after Dropped Objects. Might be related, might be food poisoning."
OIL-2026-00283,Drilling Rig Delta,Slight trip hazard identified at Chemical Exposure location due to uneven grating. Marked with high-viz tape.
OIL-2026-00284,Drilling Rig Delta,Worker fell 5 meters during Simultaneous Operations because harness lanyard snapped. Rushed to medical bay with suspected fractures. The contractor was late to the shift.
OIL-2026-00285,Maintenance Yard,Handrail paint was peeling near the Confined Space sector. Maintenance request submitted.
OIL-2026-00286,Drilling Rig Delta,"During Hydrocarbon Leaks, LEL alarms triggered at 10%. Work stopped and area ventilated."
OIL-2026-00287,Refinery Unit B,Found some fluid on the deck near Fire. Not sure if water or oil.
OIL-2026-00288,Pipeline Sector 4,Received report of incident during Simultaneous Operations. Could not verify details.
OIL-2026-00289,Terminal Operations,Worker fell 5 meters during PPE observations because harness lanyard snapped. Rushed to medical bay with suspected fractures.
OIL-2026-00290,Maintenance Yard,Contractor reminded to use three points of contact on stairs near Simultaneous Operations unit.
OIL-2026-00291,Terminal Operations,The gauge looked weird during Gas Releases. We left it alone. I didn't have my glasses on but I saw it happen.
OIL-2026-00292,Refinery Unit B,The gauge looked weird during PPE observations. We left it alone.
OIL-2026-00293,Refinery Unit B,Worker observed not wearing full PPE during Energy Isolation / LOTO in the safe zone. Reminded and complied.
OIL-2026-00294,Terminal Operations,Handrail paint was peeling near the Excavation sector. Maintenance request submitted.
OIL-2026-00295,Refinery Unit B,Worker fell 5 meters during Chemical Exposure because harness lanyard snapped. Rushed to medical bay with suspected fractures.
OIL-2026-00296,Maintenance Yard,"Hydraulic hose burst during Routine inspections, spraying fluid across the deck. Operator was wearing face shield, no injury."
OIL-2026-00297,Maintenance Yard,The gauge looked weird during Routine inspections. We left it alone.
OIL-2026-00298,Maintenance Yard,Received report of incident during Working at Height. Could not verify details. Radio comms were a bit staticky.
OIL-2026-00299,Drilling Rig Delta,Slight trip hazard identified at Working at Height location due to uneven grating. Marked with high-viz tape.
OIL-2026-00300,Terminal Operations,Worker fell 5 meters during Simultaneous Operations because harness lanyard snapped. Rushed to medical bay with suspected fractures.
OIL-2026-00301,Refinery Unit B,Minor oil weepage noticed on valve body during Energy Isolation / LOTO. Cleaned and tightened.
OIL-2026-00302,Terminal Operations,Handrail paint was peeling near the Lifting Operations sector. Maintenance request submitted.
OIL-2026-00303,Refinery Unit B,Major hydrocarbon gas release during Lifting Operations. Cloud drifted towards hot work area. Emergency shutdown activated immediately.
OIL-2026-00304,Terminal Operations,Slight trip hazard identified at Chemical Exposure location due to uneven grating. Marked with high-viz tape.
OIL-2026-00305,Refinery Unit B,Arc flash occurred during Routine inspections in the main switchgear room. Technician suffered severe electrical burns to face and hands.
OIL-2026-00306,Pipeline Sector 4,"Vehicle struck a pedestrian crossing the yard during Minor maintenance issues. Severe trauma sustained, medevac initiated."
OIL-2026-00307,Offshore Platform Alpha,Arc flash occurred during Electrical Hazards in the main switchgear room. Technician suffered severe electrical burns to face and hands.
OIL-2026-00308,Terminal Operations,Arc flash occurred during Housekeeping in the main switchgear room. Technician suffered severe electrical burns to face and hands.
OIL-2026-00309,Drilling Rig Delta,"Worker reported feeling unwell after Hydrocarbon Leaks. Might be related, might be food poisoning."
OIL-2026-00310,Terminal Operations,"During routine PPE observations inspection, noticed minor debris which was cleared immediately."
OIL-2026-00311,Refinery Unit B,Scaffold tag was red but workers were seen preparing for Process Upsets on it. Intervened before access. It was raining heavily at the time.
OIL-2026-00312,Maintenance Yard,Worker observed not wearing full PPE during Hydrocarbon Leaks in the safe zone. Reminded and complied.
OIL-2026-00313,Terminal Operations,Completed daily Routine inspections checks. All parameters normal. The contractor was late to the shift.
OIL-2026-00314,Offshore Platform Alpha,"During Fire, LEL alarms triggered at 10%. Work stopped and area ventilated. (Note: Please fix the AC in the control room it is too hot)."
OIL-2026-00315,Pipeline Sector 4,The gauge looked weird during Lifting Operations. We left it alone.
OIL-2026-00316,Refinery Unit B,"Loud bang heard near Housekeeping unit, but no damage found and no one saw anything."
OIL-2026-00317,Maintenance Yard,Routine Routine inspections completed without any safety incidents.
OIL-2026-00318,Terminal Operations,Contractor found entering restricted Minor maintenance issues area without a valid permit. Escorted out and work stopped.
OIL-2026-00319,Drilling Rig Delta,Contractor found entering restricted Overpressure area without a valid permit. Escorted out and work stopped.
OIL-2026-00320,Maintenance Yard,Worker bypassed machine guard during Routine inspections to clear a jam. Equipment was still energized. Intervened and applied LOTO.
OIL-2026-00321,Drilling Rig Delta,Worker bypassed machine guard during Energy Isolation / LOTO to clear a jam. Equipment was still energized. Intervened and applied LOTO. The shift was almost over.
OIL-2026-00322,Pipeline Sector 4,The gauge looked weird during Minor maintenance issues. We left it alone. It was raining heavily at the time.
OIL-2026-00323,Pipeline Sector 4,"Worker reported feeling unwell after Vehicle Movement. Might be related, might be food poisoning."
OIL-2026-00324,Drilling Rig Delta,"Vehicle struck a pedestrian crossing the yard during Energy Isolation / LOTO. Severe trauma sustained, medevac initiated. The supervisor was not present."
OIL-2026-00325,Maintenance Yard,Handrail paint was peeling near the Process Upsets sector. Maintenance request submitted.
OIL-2026-00326,Refinery Unit B,Routine Fire completed without any safety incidents.
OIL-2026-00327,Terminal Operations,Walkway obstructed by empty pallets near Hydrocarbon Leaks area. Removed by housekeeping.
OIL-2026-00328,Drilling Rig Delta,Scaffold tag was red but workers were seen preparing for Simultaneous Operations on it. Intervened before access.
OIL-2026-00329,Pipeline Sector 4,Completed daily Hot Work checks. All parameters normal.
OIL-2026-00330,Pipeline Sector 4,Major hydrocarbon gas release during Lifting Operations. Cloud drifted towards hot work area. Emergency shutdown activated immediately. The contractor was late to the shift.
OIL-2026-00331,Maintenance Yard,"Crane slewed unexpectedly during Simultaneous Operations, load swung over the pedestrian walkway. Exclusion zone was active, no personnel exposed."
OIL-2026-00332,Refinery Unit B,"Hydraulic hose burst during Lifting Operations, spraying fluid across the deck. Operator was wearing face shield, no injury."
OIL-2026-00333,Pipeline Sector 4,"Loud bang heard near Housekeeping unit, but no damage found and no one saw anything."
OIL-2026-00334,Maintenance Yard,Worker observed not wearing full PPE during Simultaneous Operations in the safe zone. Reminded and complied.
OIL-2026-00335,Pipeline Sector 4,Arc flash occurred during Dropped Objects in the main switchgear room. Technician suffered severe electrical burns to face and hands.
OIL-2026-00336,Offshore Platform Alpha,Routine Vehicle Movement completed without any safety incidents.
OIL-2026-00337,Refinery Unit B,"While performing Excavation, a heavy wrench slipped and struck the scaffolding tube near the worker's head. Near miss."
OIL-2026-00338,Drilling Rig Delta,Arc flash occurred during Energy Isolation / LOTO in the main switchgear room. Technician suffered severe electrical burns to face and hands.
OIL-2026-00339,Terminal Operations,"Catastrophic failure of lifting gear during Hydrocarbon Leaks. 5-ton load dropped 10 meters, striking the deck less than 2 meters from the rigging crew. The contractor was late to the shift."
OIL-2026-00340,Maintenance Yard,Contractor reminded to use three points of contact on stairs near PPE observations unit.
OIL-2026-00341,Drilling Rig Delta,Worker observed not wearing full PPE during Vehicle Movement in the safe zone. Reminded and complied.
OIL-2026-00342,Maintenance Yard,"During routine Dropped Objects inspection, noticed minor debris which was cleared immediately."
OIL-2026-00343,Pipeline Sector 4,"During Vehicle Movement, LEL alarms triggered at 10%. Work stopped and area ventilated."
OIL-2026-00344,Refinery Unit B,Major hydrocarbon gas release during Housekeeping. Cloud drifted towards hot work area. Emergency shutdown activated immediately. The contractor was late to the shift.
OIL-2026-00345,Terminal Operations,"During routine Excavation inspection, noticed minor debris which was cleared immediately."
OIL-2026-00346,Drilling Rig Delta,Trench collapsed during Hydrocarbon Leaks excavation. Worker ws partially buried up to teh waist. Rescue team deployed.
OIL-2026-00347,Refinery Unit B,"During routine Excavation inspection, noticed minor debris which was cleared immediately."
OIL-2026-00348,Terminal Operations,Routine Housekeeping completed without any safety incidents.
OIL-2026-00349,Pipeline Sector 4,Walkway obstructed by empty pallets near Excavation area. Removed by housekeeping.
OIL-2026-00350,Pipeline Sector 4,Scaffold tag was red but workers were seen preparing for Routine inspections on it. Intervened before access.
OIL-2026-00351,Offshore Platform Alpha,Worker fell 5 meters during Vehicle Movement because harness lanyard snapped. Rushed to medical bay with suspected fractures.
OIL-2026-00352,Maintenance Yard,Scaffold tag ws red but workers were seen preparing for Housekeeping on it. Intervened before access. The contractor ws late to teh shift.
OIL-2026-00353,Maintenance Yard,Trench collapsed during Vehicle Movement excavation. Worker was partially buried up to the waist. Rescue team deployed.
OIL-2026-00354,Pipeline Sector 4,Completed daily Vehicle Movement checks. All parameters normal.
OIL-2026-00355,Offshore Platform Alpha,Worker fell 5 meters during Electrical Hazards because harness lanyard snapped. Rushed to medical bay with suspected fractures.
OIL-2026-00356,Drilling Rig Delta,"While performing Hydrocarbon Leaks, a heavy wrench slipped and struck the scaffolding tube near the worker's head. Near miss."
OIL-2026-00357,Maintenance Yard,Received report of incident during Confined Space. Could not verify details.
OIL-2026-00358,Refinery Unit B,Arc flash occurred during Confined Space in the main switchgear room. Technician suffered severe electrical burns to face and hands. The shift was almost over.
OIL-2026-00359,Pipeline Sector 4,Major hydrocarbon gas release during Overpressure. Cloud drifted towards hot work area. Emergency shutdown activated immediately.
OIL-2026-00360,Refinery Unit B,Minor oil weepage noticed on valve body during PPE observations. Cleaned and tightened.
OIL-2026-00361,Offshore Platform Alpha,Trench collapsed during Process Upsets excavation. Worker was partially buried up to the waist. Rescue team deployed. The supervisor was not present.
OIL-2026-00362,Pipeline Sector 4,"Vehicle struck a pedestrian crossing the yard during Electrical Hazards. Severe trauma sustained, medevac initiated."
OIL-2026-00363,Drilling Rig Delta,Arc flash occurred during Excavation in the main switchgear room. Technician suffered severe electrical burns to face and hands.
OIL-2026-00364,Offshore Platform Alpha,"Vehicle struck a pedestrian crossing the yard during Energy Isolation / LOTO. Severe trauma sustained, medevac initiated."
OIL-2026-00365,Drilling Rig Delta,Received report of incident during Confined Space. Could not verify details.
OIL-2026-00366,Refinery Unit B,"Crane slewed unexpectedly during Energy Isolation / LOTO, load swung over the pedestrian walkway. Exclusion zone was active, no personnel exposed."
OIL-2026-00367,Drilling Rig Delta,"During Energy Isolation / LOTO, LEL alarms triggered at 10%. Work stopped and area ventilated."
OIL-2026-00368,Drilling Rig Delta,Scaffold tag was red but workers were seen preparing for Minor maintenance issues on it. Intervened before access.
OIL-2026-00369,Maintenance Yard,Contractor found entering restricted Overpressure area without a valid permit. Escorted out and work stopped.
OIL-2026-00370,Offshore Platform Alpha,"Vehicle struck a pedestrian crossing the yard during Dropped Objects. Severe trauma sustained, medevac initiated."
OIL-2026-00371,Refinery Unit B,Trench collapsed during Process Upsets excavation. Worker was partially buried up to the waist. Rescue team deployed.
OIL-2026-00372,Terminal Operations,Contractor reminded to use three points of contact on stairs near Dropped Objects unit.
OIL-2026-00373,Pipeline Sector 4,Arc flash occurred during Lifting Operations in the main switchgear room. Technician suffered severe electrical burns to face and hands.
OIL-2026-00374,Drilling Rig Delta,Small localized smoldering fire observed during Lifting Operations hot work. Extinguished immediately with local fire watch.
OIL-2026-00375,Refinery Unit B,Contractor dropped something during Electrical Hazards. Didn't see what it was.
OIL-2026-00376,Offshore Platform Alpha,The gauge looked weird during Process Upsets. We left it alone.
OIL-2026-00377,Refinery Unit B,The gauge looked weird during Minor maintenance issues. We left it alone.
OIL-2026-00378,Refinery Unit B,Major hydrocarbon gas release during Gas Releases. Cloud drifted towards hot work area. Emergency shutdown activated immediately.
OIL-2026-00379,Refinery Unit B,"Vehicle struck a pedestrian crossing the yard during Hot Work. Severe trauma sustained, medevac initiated."
OIL-2026-00380,Terminal Operations,Small localized smoldering fire observed during Vehicle Movement hot work. Extinguished immediately with local fire watch.
OIL-2026-00381,Pipeline Sector 4,Handrail paint was peeling near the PPE observations sector. Maintenance request submitted.
OIL-2026-00382,Pipeline Sector 4,Handrail paint was peeling near the Simultaneous Operations sector. Maintenance request submitted.
OIL-2026-00383,Maintenance Yard,The gauge looked weird during Excavation. We left it alone. Radio comms were a bit staticky.
OIL-2026-00384,Maintenance Yard,Contractor found entering restricted Overpressure area without a valid permit. Escorted out and work stopped. We had a safety meeting about this just yesterday.
OIL-2026-00385,Terminal Operations,Trench collapsed during Simultaneous Operations excavation. Worker was partially buried up to the waist. Rescue team deployed.
OIL-2026-00386,Refinery Unit B,"Vehicle struck a pedestrian crossing the yard during Simultaneous Operations. Severe trauma sustained, medevac initiated."
OIL-2026-00387,Maintenance Yard,"During Fire, LEL alarms triggered at 10%. Work stopped and area ventilated. (Note: Please fix the AC in the control room it is too hot)."
OIL-2026-00388,Drilling Rig Delta,Trench collapsed during Energy Isolation / LOTO excavation. Worker was partially buried up to the waist. Rescue team deployed. The contractor was late to the shift.
OIL-2026-00389,Refinery Unit B,"Worker reported feeling unwell after Working at Height. Might be related, might be food poisoning. The supervisor ws not present."
OIL-2026-00390,Drilling Rig Delta,"Worker reported feeling unwell after Housekeeping. Might be related, might be food poisoning."
OIL-2026-00391,Maintenance Yard,"Vehicle struck a pedestrian crossing teh yard during Simultaneous Operations. Severe trauma sustained, medevac initiated."
OIL-2026-00392,Terminal Operations,Contractor reminded to use three points of contact on stairs near Working at Height unit.
OIL-2026-00393,Offshore Platform Alpha,Contractor dropped something during Overpressure. Didn't see what it was.
OIL-2026-00394,Terminal Operations,"Crane slewed unexpectedly during Excavation, load swung over the pedestrian walkway. Exclusion zone was active, no personnel exposed."
OIL-2026-00395,Maintenance Yard,Worker observed not wearing full PPE during Process Upsets in the safe zone. Reminded and complied.
OIL-2026-00396,Drilling Rig Delta,Someone said the pressure was high during Excavation. Need to investigate further.
OIL-2026-00397,Pipeline Sector 4,"Catastrophic failure of lifting gear during Energy Isolation / LOTO. 5-ton load dropped 10 meters, striking the deck less than 2 meters from the rigging crew."
OIL-2026-00398,Drilling Rig Delta,The gauge looked weird during Working at Height. We left it alone. I didn't have my glasses on but I saw it happen.
OIL-2026-00399,Refinery Unit B,"Catastrophic failure of lifting gear during Minor maintenance issues. 5-ton load dropped 10 meters, striking the deck less than 2 meters from the rigging crew."
OIL-2026-00400,Drilling Rig Delta,"Worker reported feeling unwell after Minor maintenance issues. Might be related, might be food poisoning."
OIL-2026-00401,Terminal Operations,Trench collapsed during PPE observations excavation. Worker was partially buried up to the waist. Rescue team deployed.
OIL-2026-00402,Terminal Operations,Found some fluid on the deck near Vehicle Movement. Not sure if water or oil. The shift was almost over.
OIL-2026-00403,Maintenance Yard,Found some fluid on the deck near Excavation. Not sure if water or oil.
OIL-2026-00404,Offshore Platform Alpha,Worker observed not wearing full PPE during Lifting Operations in the safe zone. Reminded and complied.
OIL-2026-00405,Terminal Operations,Contractor dropped something during Excavation. Didn't see what it was. The shift was almost over.
OIL-2026-00406,Terminal Operations,Contractor dropped something during Chemical Exposure. Didn't see what it was.
OIL-2026-00407,Maintenance Yard,Small localized smoldering fire observed during Process Upsets hot work. Extinguished immediately with local fire watch. The shift ws almost over.
OIL-2026-00408,Drilling Rig Delta,Worker observed not wearing full PPE during Excavation in the safe zone. Reminded and complied. Lunch had just finished.
OIL-2026-00409,Terminal Operations,Someone said teh pressure ws high during Process Upsets. Need to investigate further.
OIL-2026-00410,Maintenance Yard,Worker observed not wearing full PPE during Chemical Exposure in the safe zone. Reminded and complied. Lunch had just finished.
OIL-2026-00411,Maintenance Yard,"Hydraulic hose burst during Overpressure, spraying fluid across the deck. Operator was wearing face shield, no injury. We had a safety meeting about this just yesterday."
OIL-2026-00412,Offshore Platform Alpha,Small localized smoldering fire observed during Gas Releases hot work. Extinguished immediately with local fire watch. The shift was almost over.
OIL-2026-00413,Pipeline Sector 4,"Crane slewed unexpectedly during PPE observations, load swung over the pedestrian walkway. Exclusion zone was active, no personnel exposed."
OIL-2026-00414,Refinery Unit B,Someone said the pressure was high during Chemical Exposure. Need to investigate further.
OIL-2026-00415,Terminal Operations,Routine Overpressure completed without any safety incidents.
OIL-2026-00416,Refinery Unit B,Trench collapsed during Simultaneous Operations excavation. Worker was partially buried up to the waist. Rescue team deployed.
OIL-2026-00417,Terminal Operations,Handrail paint was peeling near the Process Upsets sector. Maintenance request submitted.
OIL-2026-00418,Drilling Rig Delta,Completed daily Overpressure checks. All parameters normal. We had a safety meeting about this just yesterday.
OIL-2026-00419,Terminal Operations,"Loud bang heard near Gas Releases unit, but no damage found and no one saw anything."
OIL-2026-00420,Pipeline Sector 4,"Crane slewed unexpectedly during Simultaneous Operations, load swung over the pedestrian walkway. Exclusion zone was active, no personnel exposed."
OIL-2026-00421,Drilling Rig Delta,Walkway obstructed by empty pallets near Minor maintenance issues area. Removed by housekeeping.
OIL-2026-00422,Pipeline Sector 4,"Vehicle struck a pedestrian crossing the yard during Working at Height. Severe trauma sustained, medevac initiated."
OIL-2026-00423,Terminal Operations,Arc flash occurred during Confined Space in the main switchgear room. Technician suffered severe electrical burns to face and hands.
OIL-2026-00424,Pipeline Sector 4,The gauge looked weird during Lifting Operations. We left it alone.
OIL-2026-00425,Drilling Rig Delta,Trench collapsed during Simultaneous Operations excavation. Worker was partially buried up to the waist. Rescue team deployed.
OIL-2026-00426,Maintenance Yard,Handrail paint was peeling near the Energy Isolation / LOTO sector. Maintenance request submitted.
OIL-2026-00427,Terminal Operations,"Hydraulic hose burst during Confined Space, spraying fluid across the deck. Operator was wearing face shield, no injury."
OIL-2026-00428,Drilling Rig Delta,Received report of incident during Routine inspections. Could not verify details.
OIL-2026-00429,Maintenance Yard,Fire extinguisher tag missing in the Gas Releases zone. Replaced by safety officer. The contractor was late to the shift.
OIL-2026-00430,Drilling Rig Delta,"Crane slewed unexpectedly during PPE observations, load swung over the pedestrian walkway. Exclusion zone was active, no personnel exposed."
OIL-2026-00431,Offshore Platform Alpha,"During Housekeeping, LEL alarms triggered at 10%. Work stopped and area ventilated."
OIL-2026-00432,Terminal Operations,Worker observed not wearing full PPE during Confined Space in the safe zone. Reminded and complied.
OIL-2026-00433,Offshore Platform Alpha,Walkway obstructed by empty pallets near Electrical Hazards area. Removed by housekeeping.
OIL-2026-00434,Offshore Platform Alpha,Handrail paint was peeling near the Electrical Hazards sector. Maintenance request submitted. It was raining heavily at the time.
OIL-2026-00435,Drilling Rig Delta,The gauge looked weird during Gas Releases. We left it alone. Lunch had just finished.
OIL-2026-00436,Pipeline Sector 4,Found some fluid on the deck near Dropped Objects. Not sure if water or oil. (Note: Please fix the AC in the control room it is too hot).
OIL-2026-00437,Drilling Rig Delta,The gauge looked weird during Process Upsets. We left it alone. The shift was almost over.
OIL-2026-00438,Drilling Rig Delta,Worker bypassed machine guard during Vehicle Movement to clear a jam. Equipment was still energized. Intervened and applied LOTO.
OIL-2026-00439,Maintenance Yard,Contractor dropped something during Chemical Exposure. Didn't see what it was.
OIL-2026-00440,Offshore Platform Alpha,"Loud bang heard near PPE observations unit, but no damage found and no one saw anything."
OIL-2026-00441,Pipeline Sector 4,Contractor reminded to use three points of contact on stairs near Simultaneous Operations unit.
OIL-2026-00442,Maintenance Yard,"Hydraulic hose burst during Minor maintenance issues, spraying fluid across the deck. Operator was wearing face shield, no injury."
OIL-2026-00443,Terminal Operations,Found some fluid on the deck near Hydrocarbon Leaks. Not sure if water or oil.
OIL-2026-00444,Pipeline Sector 4,Received report of incident during Hydrocarbon Leaks. Could not verify details. Lunch had just finished.
OIL-2026-00445,Maintenance Yard,Small localized smoldering fire observed during Minor maintenance issues hot work. Extinguished immediately with local fire watch.
OIL-2026-00446,Terminal Operations,"During Dropped Objects, LEL alarms triggered at 10%. Work stopped and area ventilated."
OIL-2026-00447,Pipeline Sector 4,"Catastrophic failure of lifting gear during Routine inspections. 5-ton load dropped 10 meters, striking the deck less than 2 meters from the rigging crew."
OIL-2026-00448,Drilling Rig Delta,Found some fluid on the deck near Process Upsets. Not sure if water or oil.
OIL-2026-00449,Refinery Unit B,Slight trip hazard identified at Electrical Hazards location due to uneven grating. Marked with high-viz tape. It was raining heavily at the time.
OIL-2026-00450,Pipeline Sector 4,Walkway obstructed by empty pallets near Chemical Exposure area. Removed by housekeeping.
OIL-2026-00451,Maintenance Yard,"Hydraulic hose burst during Simultaneous Operations, spraying fluid across the deck. Operator was wearing face shield, no injury."
OIL-2026-00452,Drilling Rig Delta,Trench collapsed during Fire excavation. Worker ws partially buried up to teh waist. Rescue team deployed.
OIL-2026-00453,Offshore Platform Alpha,Fire extinguisher tag missing in the Vehicle Movement zone. Replaced by safety officer. The supervisor was not present.
OIL-2026-00454,Refinery Unit B,Worker observed not wearing full PPE during Fire in the safe zone. Reminded and complied.
OIL-2026-00455,Drilling Rig Delta,The gauge looked weird during Minor maintenance issues. We left it alone.
OIL-2026-00456,Offshore Platform Alpha,Minor oil weepage noticed on valve body during Routine inspections. Cleaned and tightened.
OIL-2026-00457,Drilling Rig Delta,Contractor found entering restricted PPE observations area without a valid permit. Escorted out and work stopped.
OIL-2026-00458,Drilling Rig Delta,Routine Minor maintenance issues completed without any safety incidents.
OIL-2026-00459,Drilling Rig Delta,Arc flash occurred during Lifting Operations in the main switchgear room. Technician suffered severe electrical burns to face and hands.
OIL-2026-00460,Drilling Rig Delta,"Loud bang heard near Lifting Operations unit, but no damage found and no one saw anything. We had a safety meeting about this just yesterday."
OIL-2026-00461,Pipeline Sector 4,Completed daily Lifting Operations checks. All parameters normal.
OIL-2026-00462,Terminal Operations,Fire extinguisher tag missing in the Confined Space zone. Replaced by safety officer.
OIL-2026-00463,Drilling Rig Delta,Handrail paint was peeling near the Simultaneous Operations sector. Maintenance request submitted.
OIL-2026-00464,Offshore Platform Alpha,The gauge looked weird during Electrical Hazards. We left it alone.
OIL-2026-00465,Pipeline Sector 4,Worker fell 5 meters during Process Upsets because harness lanyard snapped. Rushed to medical bay with suspected fractures.
OIL-2026-00466,Pipeline Sector 4,Handrail paint was peeling near the Hydrocarbon Leaks sector. Maintenance request submitted.
OIL-2026-00467,Refinery Unit B,"Catastrophic failure of lifting gear during Energy Isolation / LOTO. 5-ton load dropped 10 meters, striking teh deck less than 2 meters from teh rigging crew. I didn't have my glasses on but I saw it happen."
OIL-2026-00468,Refinery Unit B,Fire extinguisher tag missing in the Working at Height zone. Replaced by safety officer.
OIL-2026-00469,Offshore Platform Alpha,Worker fell 5 meters during Hydrocarbon Leaks because harness lanyard snapped. Rushed to medical bay with suspected fractures.
OIL-2026-00470,Refinery Unit B,"Hydraulic hose burst during Chemical Exposure, spraying fluid across the deck. Operator was wearing face shield, no injury."
OIL-2026-00471,Drilling Rig Delta,The gauge looked weird during Hydrocarbon Leaks. We left it alone.
OIL-2026-00472,Maintenance Yard,Received report of incident during Hot Work. Could not verify details.
OIL-2026-00473,Pipeline Sector 4,Received report of incident during Electrical Hazards. Could not verify details. We had a safety meeting about this just yesterday.
OIL-2026-00474,Offshore Platform Alpha,"Hydraulic hose burst during Simultaneous Operations, spraying fluid across teh deck. Operator ws wearing face shield, no injury."
OIL-2026-00475,Drilling Rig Delta,Someone said the pressure was high during Fire. Need to investigate further. Lunch had just finished.
OIL-2026-00476,Drilling Rig Delta,Found some fluid on the deck near Housekeeping. Not sure if water or oil. Lunch had just finished.
OIL-2026-00477,Refinery Unit B,"Worker reported feeling unwell after Lifting Operations. Might be related, might be food poisoning."
OIL-2026-00478,Pipeline Sector 4,"Loud bang heard near Hot Work unit, but no damage found and no one saw anything."
OIL-2026-00479,Drilling Rig Delta,Handrail paint was peeling near the Overpressure sector. Maintenance request submitted.
OIL-2026-00480,Drilling Rig Delta,Found some fluid on the deck near PPE observations. Not sure if water or oil.
OIL-2026-00481,Drilling Rig Delta,"Loud bang heard near Hydrocarbon Leaks unit, but no damage found and no one saw anything."
OIL-2026-00482,Pipeline Sector 4,Walkway obstructed by empty pallets near Energy Isolation / LOTO area. Removed by housekeeping.
OIL-2026-00483,Refinery Unit B,"While performing Confined Space, a heavy wrench slipped and struck the scaffolding tube near the worker's head. Near miss."
OIL-2026-00484,Pipeline Sector 4,Fire extinguisher tag missing in the Minor maintenance issues zone. Replaced by safety officer.
OIL-2026-00485,Refinery Unit B,"Catastrophic failure of lifting gear during Confined Space. 5-ton load dropped 10 meters, striking teh deck less than 2 meters from teh rigging crew."
OIL-2026-00486,Drilling Rig Delta,Contractor dropped something during Energy Isolation / LOTO. Didn't see what it was.
OIL-2026-00487,Maintenance Yard,Small localized smoldering fire observed during Overpressure hot work. Extinguished immediately with local fire watch.
OIL-2026-00488,Refinery Unit B,Contractor found entering restricted Lifting Operations area without a valid permit. Escorted out and work stopped. The contractor was late to the shift.
OIL-2026-00489,Drilling Rig Delta,Trench collapsed during Lifting Operations excavation. Worker was partially buried up to the waist. Rescue team deployed.
OIL-2026-00490,Refinery Unit B,Contractor found entering restricted Confined Space area without a valid permit. Escorted out and work stopped.
OIL-2026-00491,Drilling Rig Delta,"Worker reported feeling unwell after Confined Space. Might be related, might be food poisoning. It was raining heavily at the time."
OIL-2026-00492,Refinery Unit B,"Hydraulic hose burst during Dropped Objects, spraying fluid across the deck. Operator was wearing face shield, no injury. Lunch had just finished."
OIL-2026-00493,Terminal Operations,Contractor reminded to use three points of contact on stairs near Fire unit.
OIL-2026-00494,Offshore Platform Alpha,The gauge looked weird during Lifting Operations. We left it alone.
OIL-2026-00495,Offshore Platform Alpha,Major hydrocarbon gas release during Working at Height. Cloud drifted towards hot work area. Emergency shutdown activated immediately.
OIL-2026-00496,Offshore Platform Alpha,Worker observed not wearing full PPE during Minor maintenance issues in the safe zone. Reminded and complied.
OIL-2026-00497,Offshore Platform Alpha,Minor oil weepage noticed on valve body during Minor maintenance issues. Cleaned and tightened.
OIL-2026-00498,Offshore Platform Alpha,Worker fell 5 meters during Hot Work because harness lanyard snapped. Rushed to medical bay with suspected fractures.
OIL-2026-00499,Offshore Platform Alpha,Someone said the pressure was high during Simultaneous Operations. Need to investigate further.
OIL-2026-00500,Drilling Rig Delta,"Crane slewed unexpectedly during Overpressure, load swung over the pedestrian walkway. Exclusion zone was active, no personnel exposed."
OIL-2026-00501,Offshore Platform Alpha,Completed daily Confined Space checks. All parameters normal.
OIL-2026-00502,Pipeline Sector 4,Received report of incident during Housekeeping. Could not verify details.
OIL-2026-00503,Refinery Unit B,Major hydrocarbon gas release during Hydrocarbon Leaks. Cloud drifted towards hot work area. Emergency shutdown activated immediately. I didn't have my glasses on but I saw it happen.
OIL-2026-00504,Pipeline Sector 4,Completed daily Hydrocarbon Leaks checks. All parameters normal.
OIL-2026-00505,Refinery Unit B,"Vehicle struck a pedestrian crossing the yard during Vehicle Movement. Severe trauma sustained, medevac initiated."
OIL-2026-00506,Drilling Rig Delta,Received report of incident during Overpressure. Could not verify details.
OIL-2026-00507,Drilling Rig Delta,"Catastrophic failure of lifting gear during Gas Releases. 5-ton load dropped 10 meters, striking the deck less than 2 meters from the rigging crew."
OIL-2026-00508,Pipeline Sector 4,"Crane slewed unexpectedly during Hot Work, load swung over the pedestrian walkway. Exclusion zone was active, no personnel exposed."
OIL-2026-00509,Refinery Unit B,"Vehicle struck a pedestrian crossing teh yard during Lifting Operations. Severe trauma sustained, medevac initiated."
OIL-2026-00510,Drilling Rig Delta,Arc flash occurred during Housekeeping in the main switchgear room. Technician suffered severe electrical burns to face and hands.
OIL-2026-00511,Maintenance Yard,Found some fluid on teh deck near Hot Work. Not sure if water or oil. The shift ws almost over.
OIL-2026-00512,Pipeline Sector 4,"Loud bang heard near Lifting Operations unit, but no damage found and no one saw anything."
OIL-2026-00513,Refinery Unit B,Scaffold tag was red but workers were seen preparing for Gas Releases on it. Intervened before access.
OIL-2026-00514,Terminal Operations,Received report of incident during Minor maintenance issues. Could not verify details. Lunch had just finished.
OIL-2026-00515,Terminal Operations,Handrail paint was peeling near the PPE observations sector. Maintenance request submitted.
OIL-2026-00516,Drilling Rig Delta,Worker observed not wearing full PPE during Hot Work in the safe zone. Reminded and complied. Radio comms were a bit staticky.
OIL-2026-00517,Pipeline Sector 4,Scaffold tag was red but workers were seen preparing for Vehicle Movement on it. Intervened before access. The supervisor was not present.
OIL-2026-00518,Pipeline Sector 4,Contractor found entering restricted Hydrocarbon Leaks area without a valid permit. Escorted out and work stopped.
OIL-2026-00519,Offshore Platform Alpha,"Vehicle struck a pedestrian crossing teh yard during PPE observations. Severe trauma sustained, medevac initiated."
OIL-2026-00520,Pipeline Sector 4,"Catastrophic failure of lifting gear during Lifting Operations. 5-ton load dropped 10 meters, striking the deck less than 2 meters from the rigging crew. The supervisor was not present."
OIL-2026-00521,Offshore Platform Alpha,Completed daily Confined Space checks. All parameters normal.
OIL-2026-00522,Refinery Unit B,"Loud bang heard near Confined Space unit, but no damage found and no one saw anything."
OIL-2026-00523,Maintenance Yard,Received report of incident during Gas Releases. Could not verify details. I didn't have my glasses on but I saw it happen.
OIL-2026-00524,Refinery Unit B,Slight trip hazard identified at Process Upsets location due to uneven grating. Marked with high-viz tape. The shift was almost over.
OIL-2026-00525,Maintenance Yard,Major hydrocarbon gas release during Chemical Exposure. Cloud drifted towards hot work area. Emergency shutdown activated immediately.
OIL-2026-00526,Pipeline Sector 4,Contractor found entering restricted Excavation area without a valid permit. Escorted out and work stopped.
OIL-2026-00527,Maintenance Yard,"Worker reported feeling unwell after Chemical Exposure. Might be related, might be food poisoning. The supervisor was not present."
OIL-2026-00528,Terminal Operations,Contractor dropped something during PPE observations. Didn't see what it was. The shift was almost over.
OIL-2026-00529,Pipeline Sector 4,Handrail paint was peeling near the Simultaneous Operations sector. Maintenance request submitted.
OIL-2026-00530,Terminal Operations,Handrail paint ws peeling near teh Working at Height sector. Maintenance request submitted.
OIL-2026-00531,Refinery Unit B,Found some fluid on the deck near Simultaneous Operations. Not sure if water or oil.
OIL-2026-00532,Drilling Rig Delta,Worker fell 5 meters during Hot Work because harness lanyard snapped. Rushed to medical bay with suspected fractures.
OIL-2026-00533,Terminal Operations,Found some fluid on the deck near Excavation. Not sure if water or oil.
OIL-2026-00534,Drilling Rig Delta,Worker fell 5 meters during Dropped Objects because harness lanyard snapped. Rushed to medical bay with suspected fractures.
OIL-2026-00535,Maintenance Yard,"While performing Minor maintenance issues, a heavy wrench slipped and struck the scaffolding tube near the worker's head. Near miss."
OIL-2026-00536,Pipeline Sector 4,"Crane slewed unexpectedly during Minor maintenance issues, load swung over the pedestrian walkway. Exclusion zone was active, no personnel exposed."
OIL-2026-00537,Refinery Unit B,Worker bypassed machine guard during Dropped Objects to clear a jam. Equipment was still energized. Intervened and applied LOTO. It was raining heavily at the time.
OIL-2026-00538,Refinery Unit B,Received report of incident during Simultaneous Operations. Could not verify details.
OIL-2026-00539,Refinery Unit B,Handrail paint was peeling near the Dropped Objects sector. Maintenance request submitted. Lunch had just finished.
OIL-2026-00540,Drilling Rig Delta,Major hydrocarbon gas release during Housekeeping. Cloud drifted towards hot work area. Emergency shutdown activated immediately.
OIL-2026-00541,Refinery Unit B,Handrail paint was peeling near the Hot Work sector. Maintenance request submitted.
OIL-2026-00542,Maintenance Yard,Worker bypassed machine guard during Overpressure to clear a jam. Equipment was still energized. Intervened and applied LOTO.
OIL-2026-00543,Refinery Unit B,Scaffold tag was red but workers were seen preparing for Routine inspections on it. Intervened before access.
OIL-2026-00544,Maintenance Yard,Minor oil weepage noticed on valve body during Hydrocarbon Leaks. Cleaned and tightened. It was raining heavily at the time.
OIL-2026-00545,Maintenance Yard,"During routine Minor maintenance issues inspection, noticed minor debris which was cleared immediately. We had a safety meeting about this just yesterday."
OIL-2026-00546,Drilling Rig Delta,Received report of incident during Minor maintenance issues. Could not verify details.
OIL-2026-00547,Drilling Rig Delta,Someone said the pressure was high during Fire. Need to investigate further. The contractor was late to the shift.
OIL-2026-00548,Offshore Platform Alpha,Worker bypassed machine guard during Gas Releases to clear a jam. Equipment was still energized. Intervened and applied LOTO. The supervisor was not present.
OIL-2026-00549,Refinery Unit B,"During routine Hot Work inspection, noticed minor debris which was cleared immediately. I didn't have my glasses on but I saw it happen."
OIL-2026-00550,Pipeline Sector 4,Arc flash occurred during Simultaneous Operations in the main switchgear room. Technician suffered severe electrical burns to face and hands.
OIL-2026-00551,Pipeline Sector 4,"Vehicle struck a pedestrian crossing the yard during Minor maintenance issues. Severe trauma sustained, medevac initiated."
OIL-2026-00552,Offshore Platform Alpha,Someone said the pressure was high during Energy Isolation / LOTO. Need to investigate further. Radio comms were a bit staticky.
OIL-2026-00553,Offshore Platform Alpha,Minor oil weepage noticed on valve body during Process Upsets. Cleaned and tightened.
OIL-2026-00554,Drilling Rig Delta,Slight trip hazard identified at Routine inspections location due to uneven grating. Marked with high-viz tape.
OIL-2026-00555,Refinery Unit B,"Loud bang heard near Overpressure unit, but no damage found and no one saw anything. We had a safety meeting about this just yesterday."
OIL-2026-00556,Refinery Unit B,Contractor reminded to use three points of contact on stairs near PPE observations unit.
OIL-2026-00557,Offshore Platform Alpha,Found some fluid on the deck near Process Upsets. Not sure if water or oil.
OIL-2026-00558,Maintenance Yard,Worker observed not wearing full PPE during Overpressure in the safe zone. Reminded and complied.
OIL-2026-00559,Offshore Platform Alpha,"During routine Hot Work inspection, noticed minor debris which was cleared immediately."
OIL-2026-00560,Drilling Rig Delta,Routine Hot Work completed without any safety incidents.
OIL-2026-00561,Pipeline Sector 4,Fire extinguisher tag missing in the PPE observations zone. Replaced by safety officer. The shift was almost over.
OIL-2026-00562,Maintenance Yard,"Worker reported feeling unwell after Electrical Hazards. Might be related, might be food poisoning."
OIL-2026-00563,Pipeline Sector 4,Received report of incident during Hot Work. Could not verify details.
OIL-2026-00564,Maintenance Yard,Worker fell 5 meters during Minor maintenance issues because harness lanyard snapped. Rushed to medical bay with suspected fractures.
OIL-2026-00565,Terminal Operations,Slight trip hazard identified at PPE observations location due to uneven grating. Marked with high-viz tape.
OIL-2026-00566,Maintenance Yard,Found some fluid on the deck near Energy Isolation / LOTO. Not sure if water or oil.
OIL-2026-00567,Refinery Unit B,"During Routine inspections, LEL alarms triggered at 10%. Work stopped and area ventilated. I didn't have my glasses on but I saw it happen."
OIL-2026-00568,Pipeline Sector 4,Worker fell 5 meters during Vehicle Movement because harness lanyard snapped. Rushed to medical bay with suspected fractures. The contractor was late to the shift.
OIL-2026-00569,Drilling Rig Delta,Contractor dropped something during Lifting Operations. Didn't see what it was.
OIL-2026-00570,Terminal Operations,"Catastrophic failure of lifting gear during Confined Space. 5-ton load dropped 10 meters, striking the deck less than 2 meters from the rigging crew."
OIL-2026-00571,Drilling Rig Delta,Arc flash occurred during Housekeeping in teh main switchgear room. Technician suffered severe electrical burns to face and hands.
OIL-2026-00572,Maintenance Yard,Small localized smoldering fire observed during Housekeeping hot work. Extinguished immediately with local fire watch. Lunch had just finished.
OIL-2026-00573,Terminal Operations,"Hydraulic hose burst during Hot Work, spraying fluid across the deck. Operator was wearing face shield, no injury."
OIL-2026-00574,Maintenance Yard,Arc flash occurred during Fire in the main switchgear room. Technician suffered severe electrical burns to face and hands.
OIL-2026-00575,Maintenance Yard,"During Energy Isolation / LOTO, LEL alarms triggered at 10%. Work stopped and area ventilated."
OIL-2026-00576,Drilling Rig Delta,"While performing Process Upsets, a heavy wrench slipped and struck the scaffolding tube near the worker's head. Near miss."
OIL-2026-00577,Terminal Operations,Someone said teh pressure ws high during Simultaneous Operations. Need to investigate further.
OIL-2026-00578,Terminal Operations,Worker observed not wearing full PPE during Simultaneous Operations in the safe zone. Reminded and complied.
OIL-2026-00579,Drilling Rig Delta,Major hydrocarbon gas release during Electrical Hazards. Cloud drifted towards hot work area. Emergency shutdown activated immediately.
OIL-2026-00580,Pipeline Sector 4,"Loud bang heard near Electrical Hazards unit, but no damage found and no one saw anything."
OIL-2026-00581,Terminal Operations,"Catastrophic failure of lifting gear during Fire. 5-ton load dropped 10 meters, striking the deck less than 2 meters from the rigging crew."
OIL-2026-00582,Maintenance Yard,"During Process Upsets, LEL alarms triggered at 10%. Work stopped and area ventilated."
OIL-2026-00583,Offshore Platform Alpha,Contractor dropped something during Vehicle Movement. Didn't see what it was.
OIL-2026-00584,Maintenance Yard,Walkway obstructed by empty pallets near Fire area. Removed by housekeeping.
OIL-2026-00585,Pipeline Sector 4,"During routine Hot Work inspection, noticed minor debris which was cleared immediately."
OIL-2026-00586,Terminal Operations,Found some fluid on the deck near Simultaneous Operations. Not sure if water or oil.
OIL-2026-00587,Maintenance Yard,Contractor found entering restricted Confined Space area without a valid permit. Escorted out and work stopped. It was raining heavily at the time.
OIL-2026-00588,Terminal Operations,Worker fell 5 meters during Vehicle Movement because harness lanyard snapped. Rushed to medical bay with suspected fractures.
OIL-2026-00589,Drilling Rig Delta,"While performing Housekeeping, a heavy wrench slipped and struck the scaffolding tube near the worker's head. Near miss."
OIL-2026-00590,Maintenance Yard,The gauge looked weird during Lifting Operations. We left it alone. It was raining heavily at the time.
OIL-2026-00591,Pipeline Sector 4,"Vehicle struck a pedestrian crossing the yard during Hydrocarbon Leaks. Severe trauma sustained, medevac initiated."
OIL-2026-00592,Drilling Rig Delta,Arc flash occurred during Fire in the main switchgear room. Technician suffered severe electrical burns to face and hands.
OIL-2026-00593,Drilling Rig Delta,Small localized smoldering fire observed during Routine inspections hot work. Extinguished immediately with local fire watch.
OIL-2026-00594,Terminal Operations,Trench collapsed during Fire excavation. Worker was partially buried up to the waist. Rescue team deployed.
OIL-2026-00595,Terminal Operations,"Hydraulic hose burst during Simultaneous Operations, spraying fluid across the deck. Operator was wearing face shield, no injury."
OIL-2026-00596,Terminal Operations,"Vehicle struck a pedestrian crossing the yard during Chemical Exposure. Severe trauma sustained, medevac initiated."
OIL-2026-00597,Maintenance Yard,Contractor dropped something during Housekeeping. Didn't see what it was.
OIL-2026-00598,Terminal Operations,Minor oil weepage noticed on valve body during Gas Releases. Cleaned and tightened.
OIL-2026-00599,Drilling Rig Delta,Fire extinguisher tag missing in teh Overpressure zone. Replaced by safety officer.
OIL-2026-00600,Maintenance Yard,Major hydrocarbon gas release during Vehicle Movement. Cloud drifted towards hot work area. Emergency shutdown activated immediately.
OIL-2026-00601,Drilling Rig Delta,Scaffold tag was red but workers were seen preparing for Simultaneous Operations on it. Intervened before access.
OIL-2026-00602,Drilling Rig Delta,Major hydrocarbon gas release during Dropped Objects. Cloud drifted towards hot work area. Emergency shutdown activated immediately. Lunch had just finished.
OIL-2026-00603,Refinery Unit B,"Vehicle struck a pedestrian crossing the yard during Dropped Objects. Severe trauma sustained, medevac initiated."
OIL-2026-00604,Terminal Operations,Fire extinguisher tag missing in the Hydrocarbon Leaks zone. Replaced by safety officer.
OIL-2026-00605,Maintenance Yard,"Hydraulic hose burst during Electrical Hazards, spraying fluid across the deck. Operator was wearing face shield, no injury."
OIL-2026-00606,Offshore Platform Alpha,"Hydraulic hose burst during Routine inspections, spraying fluid across the deck. Operator was wearing face shield, no injury."
OIL-2026-00607,Refinery Unit B,Trench collapsed during Process Upsets excavation. Worker ws partially buried up to teh waist. Rescue team deployed.
OIL-2026-00608,Pipeline Sector 4,Someone said the pressure was high during Vehicle Movement. Need to investigate further.
OIL-2026-00609,Refinery Unit B,Contractor dropped something during Dropped Objects. Didn't see what it was. We had a safety meeting about this just yesterday.
OIL-2026-00610,Refinery Unit B,"During routine Energy Isolation / LOTO inspection, noticed minor debris which was cleared immediately."
OIL-2026-00611,Refinery Unit B,Worker bypassed machine guard during Dropped Objects to clear a jam. Equipment was still energized. Intervened and applied LOTO.
OIL-2026-00612,Offshore Platform Alpha,Small localized smoldering fire observed during Overpressure hot work. Extinguished immediately with local fire watch.
OIL-2026-00613,Terminal Operations,The gauge looked weird during Vehicle Movement. We left it alone.
OIL-2026-00614,Refinery Unit B,Worker fell 5 meters during Housekeeping because harness lanyard snapped. Rushed to medical bay with suspected fractures. It was raining heavily at the time.
OIL-2026-00615,Terminal Operations,Someone said the pressure was high during Fire. Need to investigate further. The shift was almost over.
OIL-2026-00616,Maintenance Yard,Someone said the pressure was high during Energy Isolation / LOTO. Need to investigate further.
OIL-2026-00617,Terminal Operations,Small localized smoldering fire observed during Gas Releases hot work. Extinguished immediately with local fire watch.
OIL-2026-00618,Pipeline Sector 4,Major hydrocarbon gas release during Simultaneous Operations. Cloud drifted towards hot work area. Emergency shutdown activated immediately.
OIL-2026-00619,Offshore Platform Alpha,The gauge looked weird during Excavation. We left it alone.
OIL-2026-00620,Offshore Platform Alpha,"Hydraulic hose burst during Dropped Objects, spraying fluid across the deck. Operator was wearing face shield, no injury."
OIL-2026-00621,Offshore Platform Alpha,Contractor reminded to use three points of contact on stairs near Chemical Exposure unit.
OIL-2026-00622,Pipeline Sector 4,"While performing Working at Height, a heavy wrench slipped and struck the scaffolding tube near the worker's head. Near miss."
OIL-2026-00623,Drilling Rig Delta,"Worker reported feeling unwell after Chemical Exposure. Might be related, might be food poisoning."
OIL-2026-00624,Terminal Operations,Small localized smoldering fire observed during Hydrocarbon Leaks hot work. Extinguished immediately with local fire watch.
OIL-2026-00625,Drilling Rig Delta,Small localized smoldering fire observed during Lifting Operations hot work. Extinguished immediately with local fire watch.
OIL-2026-00626,Maintenance Yard,"Hydraulic hose burst during Hydrocarbon Leaks, spraying fluid across the deck. Operator was wearing face shield, no injury."
OIL-2026-00627,Drilling Rig Delta,Contractor dropped something during Chemical Exposure. Didn't see what it was.
OIL-2026-00628,Drilling Rig Delta,"During routine Dropped Objects inspection, noticed minor debris which was cleared immediately."
OIL-2026-00629,Maintenance Yard,Worker fell 5 meters during Gas Releases because harness lanyard snapped. Rushed to medical bay with suspected fractures. The contractor was late to the shift.
OIL-2026-00630,Drilling Rig Delta,"Hydraulic hose burst during Lifting Operations, spraying fluid across teh deck. Operator ws wearing face shield, no injury."
OIL-2026-00631,Terminal Operations,The gauge looked weird during Chemical Exposure. We left it alone.
OIL-2026-00632,Terminal Operations,Worker observed not wearing full PPE during Energy Isolation / LOTO in the safe zone. Reminded and complied.
OIL-2026-00633,Offshore Platform Alpha,Fire extinguisher tag missing in teh Gas Releases zone. Replaced by safety officer.
OIL-2026-00634,Pipeline Sector 4,The gauge looked weird during Lifting Operations. We left it alone.
OIL-2026-00635,Pipeline Sector 4,"Vehicle struck a pedestrian crossing the yard during Chemical Exposure. Severe trauma sustained, medevac initiated. We had a safety meeting about this just yesterday."
OIL-2026-00636,Pipeline Sector 4,Routine Electrical Hazards completed without any safety incidents.
OIL-2026-00637,Refinery Unit B,"Catastrophic failure of lifting gear during Dropped Objects. 5-ton load dropped 10 meters, striking the deck less than 2 meters from the rigging crew. It was raining heavily at the time."
OIL-2026-00638,Refinery Unit B,"Worker reported feeling unwell after Minor maintenance issues. Might be related, might be food poisoning."
OIL-2026-00639,Drilling Rig Delta,"While performing Fire, a heavy wrench slipped and struck the scaffolding tube near the worker's head. Near miss."
OIL-2026-00640,Pipeline Sector 4,Arc flash occurred during Lifting Operations in the main switchgear room. Technician suffered severe electrical burns to face and hands.
OIL-2026-00641,Drilling Rig Delta,Routine Confined Space completed without any safety incidents.
OIL-2026-00642,Terminal Operations,"Crane slewed unexpectedly during Minor maintenance issues, load swung over the pedestrian walkway. Exclusion zone was active, no personnel exposed."
OIL-2026-00643,Pipeline Sector 4,"Hydraulic hose burst during Routine inspections, spraying fluid across the deck. Operator was wearing face shield, no injury."
OIL-2026-00644,Maintenance Yard,Minor oil weepage noticed on valve body during Process Upsets. Cleaned and tightened.
OIL-2026-00645,Refinery Unit B,Found some fluid on the deck near Dropped Objects. Not sure if water or oil.
OIL-2026-00646,Offshore Platform Alpha,Someone said the pressure was high during Simultaneous Operations. Need to investigate further.
OIL-2026-00647,Pipeline Sector 4,Small localized smoldering fire observed during PPE observations hot work. Extinguished immediately with local fire watch.
OIL-2026-00648,Offshore Platform Alpha,Slight trip hazard identified at Minor maintenance issues location due to uneven grating. Marked with high-viz tape. I didn't have my glasses on but I saw it happen.
OIL-2026-00649,Maintenance Yard,"Catastrophic failure of lifting gear during Working at Height. 5-ton load dropped 10 meters, striking teh deck less than 2 meters from teh rigging crew."
OIL-2026-00650,Terminal Operations,Contractor dropped something during Confined Space. Didn't see what it was.
OIL-2026-00651,Terminal Operations,Worker fell 5 meters during PPE observations because harness lanyard snapped. Rushed to medical bay with suspected fractures.
OIL-2026-00652,Maintenance Yard,Walkway obstructed by empty pallets near Energy Isolation / LOTO area. Removed by housekeeping.
OIL-2026-00653,Terminal Operations,Worker bypassed machine guard during Fire to clear a jam. Equipment ws still energized. Intervened and applied LOTO. The supervisor ws not present.
OIL-2026-00654,Offshore Platform Alpha,Trench collapsed during Hydrocarbon Leaks excavation. Worker was partially buried up to the waist. Rescue team deployed.
OIL-2026-00655,Pipeline Sector 4,Worker fell 5 meters during Simultaneous Operations because harness lanyard snapped. Rushed to medical bay with suspected fractures.
OIL-2026-00656,Refinery Unit B,"Loud bang heard near Routine inspections unit, but no damage found and no one saw anything. The shift was almost over."
OIL-2026-00657,Pipeline Sector 4,Small localized smoldering fire observed during Hot Work hot work. Extinguished immediately with local fire watch. The contractor was late to the shift.
OIL-2026-00658,Drilling Rig Delta,Contractor reminded to use three points of contact on stairs near Minor maintenance issues unit. I didn't have my glasses on but I saw it happen.
OIL-2026-00659,Refinery Unit B,Contractor dropped something during Overpressure. Didn't see what it was.
OIL-2026-00660,Pipeline Sector 4,"During Dropped Objects, LEL alarms triggered at 10%. Work stopped and area ventilated. We had a safety meeting about this just yesterday."
OIL-2026-00661,Terminal Operations,Walkway obstructed by empty pallets near Routine inspections area. Removed by housekeeping.
OIL-2026-00662,Drilling Rig Delta,Minor oil weepage noticed on valve body during Lifting Operations. Cleaned and tightened.
OIL-2026-00663,Drilling Rig Delta,Scaffold tag was red but workers were seen preparing for PPE observations on it. Intervened before access.
OIL-2026-00664,Drilling Rig Delta,Found some fluid on the deck near Vehicle Movement. Not sure if water or oil.
OIL-2026-00665,Drilling Rig Delta,Found some fluid on the deck near Dropped Objects. Not sure if water or oil.
OIL-2026-00666,Drilling Rig Delta,Found some fluid on the deck near Fire. Not sure if water or oil.
OIL-2026-00667,Offshore Platform Alpha,Contractor found entering restricted PPE observations area without a valid permit. Escorted out and work stopped.
OIL-2026-00668,Refinery Unit B,Small localized smoldering fire observed during Working at Height hot work. Extinguished immediately with local fire watch. It was raining heavily at the time.
OIL-2026-00669,Terminal Operations,Worker fell 5 meters during Chemical Exposure because harness lanyard snapped. Rushed to medical bay with suspected fractures.
OIL-2026-00670,Maintenance Yard,Received report of incident during PPE observations. Could not verify details.
OIL-2026-00671,Refinery Unit B,Worker fell 5 meters during PPE observations because harness lanyard snapped. Rushed to medical bay with suspected fractures.
OIL-2026-00672,Drilling Rig Delta,"While performing Hydrocarbon Leaks, a heavy wrench slipped and struck the scaffolding tube near the worker's head. Near miss."
OIL-2026-00673,Pipeline Sector 4,"During routine PPE observations inspection, noticed minor debris which was cleared immediately. Radio comms were a bit staticky."
OIL-2026-00674,Drilling Rig Delta,Trench collapsed during Fire excavation. Worker was partially buried up to the waist. Rescue team deployed.
OIL-2026-00675,Refinery Unit B,Arc flash occurred during Hydrocarbon Leaks in the main switchgear room. Technician suffered severe electrical burns to face and hands. The contractor was late to the shift.
OIL-2026-00676,Refinery Unit B,Small localized smoldering fire observed during Hot Work hot work. Extinguished immediately with local fire watch. Radio comms were a bit staticky.
OIL-2026-00677,Refinery Unit B,Received report of incident during Chemical Exposure. Could not verify details.
OIL-2026-00678,Maintenance Yard,Found some fluid on the deck near Gas Releases. Not sure if water or oil. Radio comms were a bit staticky.
OIL-2026-00679,Maintenance Yard,Scaffold tag was red but workers were seen preparing for Confined Space on it. Intervened before access.
OIL-2026-00680,Offshore Platform Alpha,"Loud bang heard near Housekeeping unit, but no damage found and no one saw anything."
OIL-2026-00681,Maintenance Yard,Handrail paint was peeling near the Vehicle Movement sector. Maintenance request submitted.
OIL-2026-00682,Drilling Rig Delta,"While performing PPE observations, a heavy wrench slipped and struck the scaffolding tube near the worker's head. Near miss. We had a safety meeting about this just yesterday."
OIL-2026-00683,Terminal Operations,"Crane slewed unexpectedly during Routine inspections, load swung over the pedestrian walkway. Exclusion zone was active, no personnel exposed."
OIL-2026-00684,Offshore Platform Alpha,Fire extinguisher tag missing in the Hot Work zone. Replaced by safety officer.
OIL-2026-00685,Offshore Platform Alpha,Trench collapsed during Fire excavation. Worker was partially buried up to the waist. Rescue team deployed.
OIL-2026-00686,Refinery Unit B,Handrail paint was peeling near the Vehicle Movement sector. Maintenance request submitted.
OIL-2026-00687,Drilling Rig Delta,Trench collapsed during PPE observations excavation. Worker was partially buried up to the waist. Rescue team deployed. The contractor was late to the shift.
OIL-2026-00688,Drilling Rig Delta,"Catastrophic failure of lifting gear during Overpressure. 5-ton load dropped 10 meters, striking the deck less than 2 meters from the rigging crew."
OIL-2026-00689,Drilling Rig Delta,"Vehicle struck a pedestrian crossing teh yard during Confined Space. Severe trauma sustained, medevac initiated."
OIL-2026-00690,Maintenance Yard,Worker observed not wearing full PPE during Confined Space in the safe zone. Reminded and complied. Radio comms were a bit staticky.
OIL-2026-00691,Pipeline Sector 4,Arc flash occurred during Chemical Exposure in the main switchgear room. Technician suffered severe electrical burns to face and hands.
OIL-2026-00692,Maintenance Yard,Worker observed not wearing full PPE during Process Upsets in the safe zone. Reminded and complied.
OIL-2026-00693,Maintenance Yard,Received report of incident during Minor maintenance issues. Could not verify details.
OIL-2026-00694,Drilling Rig Delta,Found some fluid on the deck near Hydrocarbon Leaks. Not sure if water or oil. I didn't have my glasses on but I saw it happen.
OIL-2026-00695,Maintenance Yard,Found some fluid on the deck near Dropped Objects. Not sure if water or oil.
OIL-2026-00696,Drilling Rig Delta,Routine Lifting Operations completed without any safety incidents.
OIL-2026-00697,Pipeline Sector 4,"During Working at Height, LEL alarms triggered at 10%. Work stopped and area ventilated. It was raining heavily at the time."
OIL-2026-00698,Drilling Rig Delta,Contractor found entering restricted Confined Space area without a valid permit. Escorted out and work stopped.
OIL-2026-00699,Terminal Operations,Contractor reminded to use three points of contact on stairs near Overpressure unit. Lunch had just finished.
OIL-2026-00700,Maintenance Yard,The gauge looked weird during Dropped Objects. We left it alone.
OIL-2026-00701,Offshore Platform Alpha,Worker observed not wearing full PPE during PPE observations in teh safe zone. Reminded and complied.
OIL-2026-00702,Drilling Rig Delta,"Worker reported feeling unwell after Minor maintenance issues. Might be related, might be food poisoning."
OIL-2026-00703,Terminal Operations,Contractor found entering restricted Hot Work area without a valid permit. Escorted out and work stopped.
OIL-2026-00704,Refinery Unit B,Completed daily Gas Releases checks. All parameters normal.
OIL-2026-00705,Terminal Operations,Scaffold tag was red but workers were seen preparing for Fire on it. Intervened before access.
OIL-2026-00706,Terminal Operations,The gauge looked weird during Excavation. We left it alone.
OIL-2026-00707,Terminal Operations,"Worker reported feeling unwell after Gas Releases. Might be related, might be food poisoning."
OIL-2026-00708,Terminal Operations,Minor oil weepage noticed on valve body during Hot Work. Cleaned and tightened.
OIL-2026-00709,Offshore Platform Alpha,Trench collapsed during Lifting Operations excavation. Worker was partially buried up to the waist. Rescue team deployed. The contractor was late to the shift.
OIL-2026-00710,Refinery Unit B,Trench collapsed during Working at Height excavation. Worker was partially buried up to the waist. Rescue team deployed.
OIL-2026-00711,Pipeline Sector 4,Major hydrocarbon gas release during PPE observations. Cloud drifted towards hot work area. Emergency shutdown activated immediately.
OIL-2026-00712,Maintenance Yard,Scaffold tag was red but workers were seen preparing for Lifting Operations on it. Intervened before access.
OIL-2026-00713,Pipeline Sector 4,"During Hydrocarbon Leaks, LEL alarms triggered at 10%. Work stopped and area ventilated."
OIL-2026-00714,Maintenance Yard,Walkway obstructed by empty pallets near Working at Height area. Removed by housekeeping.
OIL-2026-00715,Maintenance Yard,"During Housekeeping, LEL alarms triggered at 10%. Work stopped and area ventilated."
OIL-2026-00716,Pipeline Sector 4,Worker bypassed machine guard during Lifting Operations to clear a jam. Equipment ws still energized. Intervened and applied LOTO.
OIL-2026-00717,Maintenance Yard,Someone said the pressure was high during Chemical Exposure. Need to investigate further.
OIL-2026-00718,Offshore Platform Alpha,Arc flash occurred during Fire in the main switchgear room. Technician suffered severe electrical burns to face and hands.
OIL-2026-00719,Terminal Operations,Received report of incident during Gas Releases. Could not verify details.
OIL-2026-00720,Drilling Rig Delta,Trench collapsed during Chemical Exposure excavation. Worker was partially buried up to the waist. Rescue team deployed.
OIL-2026-00721,Refinery Unit B,Worker observed not wearing full PPE during Minor maintenance issues in the safe zone. Reminded and complied.
OIL-2026-00722,Maintenance Yard,Scaffold tag was red but workers were seen preparing for Fire on it. Intervened before access.
OIL-2026-00723,Terminal Operations,"Worker reported feeling unwell after Lifting Operations. Might be related, might be food poisoning. The contractor was late to the shift."
OIL-2026-00724,Offshore Platform Alpha,"Loud bang heard near Dropped Objects unit, but no damage found and no one saw anything."
OIL-2026-00725,Pipeline Sector 4,Scaffold tag was red but workers were seen preparing for Overpressure on it. Intervened before access.
OIL-2026-00726,Refinery Unit B,Minor oil weepage noticed on valve body during Minor maintenance issues. Cleaned and tightened.
OIL-2026-00727,Maintenance Yard,Found some fluid on teh deck near Minor maintenance issues. Not sure if water or oil. (Note: Please fix teh AC in teh control room it is too hot).
OIL-2026-00728,Pipeline Sector 4,Someone said the pressure was high during Dropped Objects. Need to investigate further.
OIL-2026-00729,Terminal Operations,"While performing Minor maintenance issues, a heavy wrench slipped and struck the scaffolding tube near the worker's head. Near miss."
OIL-2026-00730,Pipeline Sector 4,Arc flash occurred during Vehicle Movement in the main switchgear room. Technician suffered severe electrical burns to face and hands.
OIL-2026-00731,Maintenance Yard,Found some fluid on the deck near Overpressure. Not sure if water or oil. Lunch had just finished.
OIL-2026-00732,Pipeline Sector 4,Slight trip hazard identified at Gas Releases location due to uneven grating. Marked with high-viz tape.
OIL-2026-00733,Maintenance Yard,"During routine Hot Work inspection, noticed minor debris which was cleared immediately."
OIL-2026-00734,Maintenance Yard,"Hydraulic hose burst during Lifting Operations, spraying fluid across the deck. Operator was wearing face shield, no injury. It was raining heavily at the time."
OIL-2026-00735,Maintenance Yard,"Hydraulic hose burst during Hot Work, spraying fluid across the deck. Operator was wearing face shield, no injury."
OIL-2026-00736,Offshore Platform Alpha,Small localized smoldering fire observed during Working at Height hot work. Extinguished immediately with local fire watch.
OIL-2026-00737,Pipeline Sector 4,"Crane slewed unexpectedly during Overpressure, load swung over the pedestrian walkway. Exclusion zone was active, no personnel exposed."
OIL-2026-00738,Refinery Unit B,Worker observed not wearing full PPE during Minor maintenance issues in the safe zone. Reminded and complied.
OIL-2026-00739,Terminal Operations,Major hydrocarbon gas release during Confined Space. Cloud drifted towards hot work area. Emergency shutdown activated immediately.
OIL-2026-00740,Pipeline Sector 4,Found some fluid on the deck near Working at Height. Not sure if water or oil.
OIL-2026-00741,Drilling Rig Delta,Small localized smoldering fire observed during Gas Releases hot work. Extinguished immediately with local fire watch.
OIL-2026-00742,Drilling Rig Delta,Small localized smoldering fire observed during Chemical Exposure hot work. Extinguished immediately with local fire watch.
OIL-2026-00743,Refinery Unit B,Fire extinguisher tag missing in the Vehicle Movement zone. Replaced by safety officer.
OIL-2026-00744,Terminal Operations,Slight trip hazard identified at PPE observations location due to uneven grating. Marked with high-viz tape.
OIL-2026-00745,Pipeline Sector 4,"Vehicle struck a pedestrian crossing the yard during Process Upsets. Severe trauma sustained, medevac initiated. The contractor was late to the shift."
OIL-2026-00746,Terminal Operations,"Catastrophic failure of lifting gear during Dropped Objects. 5-ton load dropped 10 meters, striking the deck less than 2 meters from the rigging crew."
OIL-2026-00747,Pipeline Sector 4,"Vehicle struck a pedestrian crossing teh yard during Routine inspections. Severe trauma sustained, medevac initiated."
OIL-2026-00748,Maintenance Yard,"Catastrophic failure of lifting gear during Working at Height. 5-ton load dropped 10 meters, striking the deck less than 2 meters from the rigging crew."
OIL-2026-00749,Offshore Platform Alpha,Routine Confined Space completed without any safety incidents.
OIL-2026-00750,Refinery Unit B,Contractor found entering restricted Process Upsets area without a valid permit. Escorted out and work stopped.
OIL-2026-00751,Maintenance Yard,"While performing Electrical Hazards, a heavy wrench slipped and struck the scaffolding tube near the worker's head. Near miss."
OIL-2026-00752,Maintenance Yard,Completed daily Energy Isolation / LOTO checks. All parameters normal.
OIL-2026-00753,Refinery Unit B,Someone said teh pressure ws high during Energy Isolation / LOTO. Need to investigate further.
OIL-2026-00754,Pipeline Sector 4,Contractor dropped something during Chemical Exposure. Didn't see what it was.
OIL-2026-00755,Offshore Platform Alpha,"While performing Housekeeping, a heavy wrench slipped and struck teh scaffolding tube near teh worker's head. Near miss."
OIL-2026-00756,Refinery Unit B,Scaffold tag was red but workers were seen preparing for PPE observations on it. Intervened before access.
OIL-2026-00757,Terminal Operations,Worker bypassed machine guard during Vehicle Movement to clear a jam. Equipment was still energized. Intervened and applied LOTO.
OIL-2026-00758,Terminal Operations,Received report of incident during Housekeeping. Could not verify details.
OIL-2026-00759,Maintenance Yard,Major hydrocarbon gas release during Housekeeping. Cloud drifted towards hot work area. Emergency shutdown activated immediately.
OIL-2026-00760,Terminal Operations,Fire extinguisher tag missing in the Electrical Hazards zone. Replaced by safety officer.
OIL-2026-00761,Offshore Platform Alpha,"Vehicle struck a pedestrian crossing the yard during Electrical Hazards. Severe trauma sustained, medevac initiated."
OIL-2026-00762,Refinery Unit B,Worker observed not wearing full PPE during Chemical Exposure in the safe zone. Reminded and complied.
OIL-2026-00763,Maintenance Yard,Scaffold tag was red but workers were seen preparing for Excavation on it. Intervened before access.
OIL-2026-00764,Drilling Rig Delta,"Loud bang heard near Chemical Exposure unit, but no damage found and no one saw anything."
OIL-2026-00765,Terminal Operations,Trench collapsed during Confined Space excavation. Worker was partially buried up to the waist. Rescue team deployed.
OIL-2026-00766,Refinery Unit B,Someone said the pressure was high during Minor maintenance issues. Need to investigate further. The supervisor was not present.
OIL-2026-00767,Refinery Unit B,Contractor dropped something during Excavation. Didn't see what it was.
OIL-2026-00768,Offshore Platform Alpha,Worker fell 5 meters during Fire because harness lanyard snapped. Rushed to medical bay with suspected fractures.
OIL-2026-00769,Offshore Platform Alpha,"While performing Simultaneous Operations, a heavy wrench slipped and struck the scaffolding tube near the worker's head. Near miss."
OIL-2026-00770,Maintenance Yard,Trench collapsed during Fire excavation. Worker was partially buried up to the waist. Rescue team deployed.
OIL-2026-00771,Terminal Operations,Worker fell 5 meters during Simultaneous Operations because harness lanyard snapped. Rushed to medical bay with suspected fractures.
OIL-2026-00772,Maintenance Yard,Minor oil weepage noticed on valve body during Minor maintenance issues. Cleaned and tightened. The shift was almost over.
OIL-2026-00773,Pipeline Sector 4,"Worker reported feeling unwell after Fire. Might be related, might be food poisoning."
OIL-2026-00774,Drilling Rig Delta,Arc flash occurred during Housekeeping in teh main switchgear room. Technician suffered severe electrical burns to face and hands.
OIL-2026-00775,Terminal Operations,Received report of incident during Minor maintenance issues. Could not verify details.
OIL-2026-00776,Terminal Operations,"Loud bang heard near Chemical Exposure unit, but no damage found and no one saw anything."
OIL-2026-00777,Terminal Operations,Fire extinguisher tag missing in the Simultaneous Operations zone. Replaced by safety officer.
OIL-2026-00778,Maintenance Yard,Routine Process Upsets completed without any safety incidents.
OIL-2026-00779,Pipeline Sector 4,Contractor found entering restricted Hot Work area without a valid permit. Escorted out and work stopped.
OIL-2026-00780,Pipeline Sector 4,"Worker reported feeling unwell after Lifting Operations. Might be related, might be food poisoning."
OIL-2026-00781,Terminal Operations,Found some fluid on the deck near Housekeeping. Not sure if water or oil.
OIL-2026-00782,Offshore Platform Alpha,"During routine Minor maintenance issues inspection, noticed minor debris which was cleared immediately."
OIL-2026-00783,Drilling Rig Delta,"Worker reported feeling unwell after Chemical Exposure. Might be related, might be food poisoning."
OIL-2026-00784,Terminal Operations,Handrail paint was peeling near the Fire sector. Maintenance request submitted.
OIL-2026-00785,Maintenance Yard,Worker observed not wearing full PPE during Overpressure in the safe zone. Reminded and complied.
OIL-2026-00786,Terminal Operations,The gauge looked weird during Minor maintenance issues. We left it alone.
OIL-2026-00787,Offshore Platform Alpha,Slight trip hazard identified at Housekeeping location due to uneven grating. Marked with high-viz tape.
OIL-2026-00788,Refinery Unit B,Slight trip hazard identified at Hydrocarbon Leaks location due to uneven grating. Marked with high-viz tape.
OIL-2026-00789,Offshore Platform Alpha,Small localized smoldering fire observed during Gas Releases hot work. Extinguished immediately with local fire watch.
OIL-2026-00790,Drilling Rig Delta,"Loud bang heard near Gas Releases unit, but no damage found and no one saw anything."
OIL-2026-00791,Terminal Operations,Routine Process Upsets completed without any safety incidents.
OIL-2026-00792,Offshore Platform Alpha,Worker bypassed machine guard during Housekeeping to clear a jam. Equipment was still energized. Intervened and applied LOTO.
OIL-2026-00793,Drilling Rig Delta,The gauge looked weird during Excavation. We left it alone.
OIL-2026-00794,Pipeline Sector 4,"Worker reported feeling unwell after Dropped Objects. Might be related, might be food poisoning. The contractor was late to the shift."
OIL-2026-00795,Offshore Platform Alpha,Small localized smoldering fire observed during Working at Height hot work. Extinguished immediately with local fire watch.
OIL-2026-00796,Terminal Operations,Worker observed not wearing full PPE during Lifting Operations in the safe zone. Reminded and complied.
OIL-2026-00797,Refinery Unit B,"Worker reported feeling unwell after Hydrocarbon Leaks. Might be related, might be food poisoning."
OIL-2026-00798,Pipeline Sector 4,Contractor dropped something during Fire. Didn't see what it was.
OIL-2026-00799,Drilling Rig Delta,Major hydrocarbon gas release during PPE observations. Cloud drifted towards hot work area. Emergency shutdown activated immediately.
OIL-2026-00800,Maintenance Yard,Worker bypassed machine guard during Minor maintenance issues to clear a jam. Equipment was still energized. Intervened and applied LOTO.
OIL-2026-00801,Refinery Unit B,Routine PPE observations completed without any safety incidents.
OIL-2026-00802,Terminal Operations,Major hydrocarbon gas release during Electrical Hazards. Cloud drifted towards hot work area. Emergency shutdown activated immediately.
OIL-2026-00803,Terminal Operations,Contractor dropped something during Housekeeping. Didn't see what it was.
OIL-2026-00804,Offshore Platform Alpha,Slight trip hazard identified at Working at Height location due to uneven grating. Marked with high-viz tape.
OIL-2026-00805,Terminal Operations,Trench collapsed during Hydrocarbon Leaks excavation. Worker ws partially buried up to teh waist. Rescue team deployed.
OIL-2026-00806,Drilling Rig Delta,"Worker reported feeling unwell after PPE observations. Might be related, might be food poisoning."
OIL-2026-00807,Refinery Unit B,"Crane slewed unexpectedly during Process Upsets, load swung over the pedestrian walkway. Exclusion zone was active, no personnel exposed."
OIL-2026-00808,Terminal Operations,Contractor found entering restricted Routine inspections area without a valid permit. Escorted out and work stopped.
OIL-2026-00809,Maintenance Yard,Minor oil weepage noticed on valve body during Confined Space. Cleaned and tightened. The contractor was late to the shift.
OIL-2026-00810,Maintenance Yard,Slight trip hazard identified at Routine inspections location due to uneven grating. Marked with high-viz tape. It was raining heavily at the time.
OIL-2026-00811,Drilling Rig Delta,Someone said the pressure was high during Hot Work. Need to investigate further.
OIL-2026-00812,Terminal Operations,"Loud bang heard near Confined Space unit, but no damage found and no one saw anything. The supervisor was not present."
OIL-2026-00813,Terminal Operations,Major hydrocarbon gas release during Simultaneous Operations. Cloud drifted towards hot work area. Emergency shutdown activated immediately.
OIL-2026-00814,Maintenance Yard,Received report of incident during Lifting Operations. Could not verify details.
OIL-2026-00815,Offshore Platform Alpha,Routine Vehicle Movement completed without any safety incidents.
OIL-2026-00816,Drilling Rig Delta,Arc flash occurred during Excavation in the main switchgear room. Technician suffered severe electrical burns to face and hands.
OIL-2026-00817,Drilling Rig Delta,Arc flash occurred during Vehicle Movement in teh main switchgear room. Technician suffered severe electrical burns to face and hands.
OIL-2026-00818,Terminal Operations,Arc flash occurred during Simultaneous Operations in the main switchgear room. Technician suffered severe electrical burns to face and hands.
OIL-2026-00819,Terminal Operations,The gauge looked weird during Energy Isolation / LOTO. We left it alone.
OIL-2026-00820,Drilling Rig Delta,Walkway obstructed by empty pallets near Hydrocarbon Leaks area. Removed by housekeeping.
OIL-2026-00821,Refinery Unit B,"Loud bang heard near Hot Work unit, but no damage found and no one saw anything."
OIL-2026-00822,Offshore Platform Alpha,"Catastrophic failure of lifting gear during Minor maintenance issues. 5-ton load dropped 10 meters, striking the deck less than 2 meters from the rigging crew."
OIL-2026-00823,Refinery Unit B,"During Simultaneous Operations, LEL alarms triggered at 10%. Work stopped and area ventilated."
OIL-2026-00824,Drilling Rig Delta,Handrail paint was peeling near the Routine inspections sector. Maintenance request submitted.
OIL-2026-00825,Refinery Unit B,The gauge looked weird during Fire. We left it alone. (Note: Please fix the AC in the control room it is too hot).
OIL-2026-00826,Pipeline Sector 4,Contractor reminded to use three points of contact on stairs near Gas Releases unit.
OIL-2026-00827,Offshore Platform Alpha,Small localized smoldering fire observed during Working at Height hot work. Extinguished immediately with local fire watch.
OIL-2026-00828,Refinery Unit B,Contractor reminded to use three points of contact on stairs near Electrical Hazards unit.
OIL-2026-00829,Maintenance Yard,Scaffold tag was red but workers were seen preparing for PPE observations on it. Intervened before access.
OIL-2026-00830,Terminal Operations,Worker fell 5 meters during PPE observations because harness lanyard snapped. Rushed to medical bay with suspected fractures. Lunch had just finished.
OIL-2026-00831,Drilling Rig Delta,"While performing Electrical Hazards, a heavy wrench slipped and struck the scaffolding tube near the worker's head. Near miss."
OIL-2026-00832,Refinery Unit B,Found some fluid on the deck near Working at Height. Not sure if water or oil.
OIL-2026-00833,Drilling Rig Delta,Contractor reminded to use three points of contact on stairs near Confined Space unit.
OIL-2026-00834,Drilling Rig Delta,Minor oil weepage noticed on valve body during PPE observations. Cleaned and tightened.
OIL-2026-00835,Refinery Unit B,Contractor reminded to use three points of contact on stairs near Hot Work unit.
OIL-2026-00836,Maintenance Yard,"Loud bang heard near Energy Isolation / LOTO unit, but no damage found and no one saw anything. The supervisor ws not present."
OIL-2026-00837,Terminal Operations,Worker bypassed machine guard during Process Upsets to clear a jam. Equipment was still energized. Intervened and applied LOTO.
OIL-2026-00838,Refinery Unit B,Found some fluid on teh deck near Excavation. Not sure if water or oil.
OIL-2026-00839,Maintenance Yard,Worker bypassed machine guard during Confined Space to clear a jam. Equipment ws still energized. Intervened and applied LOTO.
OIL-2026-00840,Maintenance Yard,Scaffold tag ws red but workers were seen preparing for Overpressure on it. Intervened before access.
OIL-2026-00841,Refinery Unit B,Worker observed not wearing full PPE during Energy Isolation / LOTO in teh safe zone. Reminded and complied.
OIL-2026-00842,Refinery Unit B,"Catastrophic failure of lifting gear during Hot Work. 5-ton load dropped 10 meters, striking the deck less than 2 meters from the rigging crew."
OIL-2026-00843,Drilling Rig Delta,Found some fluid on the deck near Excavation. Not sure if water or oil.
OIL-2026-00844,Pipeline Sector 4,Scaffold tag was red but workers were seen preparing for Hot Work on it. Intervened before access.
OIL-2026-00845,Drilling Rig Delta,Worker fell 5 meters during Dropped Objects because harness lanyard snapped. Rushed to medical bay with suspected fractures.
OIL-2026-00846,Maintenance Yard,"Worker reported feeling unwell after Routine inspections. Might be related, might be food poisoning."
OIL-2026-00847,Drilling Rig Delta,Major hydrocarbon gas release during Gas Releases. Cloud drifted towards hot work area. Emergency shutdown activated immediately.
OIL-2026-00848,Maintenance Yard,Completed daily Excavation checks. All parameters normal.
OIL-2026-00849,Pipeline Sector 4,Major hydrocarbon gas release during Chemical Exposure. Cloud drifted towards hot work area. Emergency shutdown activated immediately.
OIL-2026-00850,Terminal Operations,Someone said the pressure was high during Energy Isolation / LOTO. Need to investigate further.
OIL-2026-00851,Drilling Rig Delta,"Loud bang heard near Excavation unit, but no damage found and no one saw anything."
OIL-2026-00852,Refinery Unit B,Trench collapsed during PPE observations excavation. Worker was partially buried up to the waist. Rescue team deployed.
OIL-2026-00853,Maintenance Yard,Someone said the pressure was high during Electrical Hazards. Need to investigate further. Radio comms were a bit staticky.
OIL-2026-00854,Maintenance Yard,Contractor dropped something during Chemical Exposure. Didn't see what it was.
OIL-2026-00855,Pipeline Sector 4,"Vehicle struck a pedestrian crossing the yard during Confined Space. Severe trauma sustained, medevac initiated."
OIL-2026-00856,Drilling Rig Delta,"Catastrophic failure of lifting gear during Minor maintenance issues. 5-ton load dropped 10 meters, striking the deck less than 2 meters from the rigging crew."
OIL-2026-00857,Terminal Operations,"Catastrophic failure of lifting gear during Process Upsets. 5-ton load dropped 10 meters, striking the deck less than 2 meters from the rigging crew."
OIL-2026-00858,Refinery Unit B,Fire extinguisher tag missing in the Overpressure zone. Replaced by safety officer.
OIL-2026-00859,Offshore Platform Alpha,"While performing Routine inspections, a heavy wrench slipped and struck the scaffolding tube near the worker's head. Near miss."
OIL-2026-00860,Maintenance Yard,Handrail paint was peeling near the Energy Isolation / LOTO sector. Maintenance request submitted.
OIL-2026-00861,Pipeline Sector 4,"While performing Lifting Operations, a heavy wrench slipped and struck the scaffolding tube near the worker's head. Near miss."
OIL-2026-00862,Pipeline Sector 4,Trench collapsed during Minor maintenance issues excavation. Worker was partially buried up to the waist. Rescue team deployed. The shift was almost over.
OIL-2026-00863,Maintenance Yard,Received report of incident during Gas Releases. Could not verify details.
OIL-2026-00864,Refinery Unit B,Fire extinguisher tag missing in the Confined Space zone. Replaced by safety officer.
OIL-2026-00865,Refinery Unit B,Trench collapsed during Simultaneous Operations excavation. Worker was partially buried up to the waist. Rescue team deployed. The shift was almost over.
OIL-2026-00866,Pipeline Sector 4,"Crane slewed unexpectedly during Housekeeping, load swung over the pedestrian walkway. Exclusion zone was active, no personnel exposed."
OIL-2026-00867,Terminal Operations,Worker observed not wearing full PPE during Minor maintenance issues in the safe zone. Reminded and complied. The shift was almost over.
OIL-2026-00868,Refinery Unit B,Found some fluid on the deck near Fire. Not sure if water or oil.
OIL-2026-00869,Refinery Unit B,Arc flash occurred during Routine inspections in the main switchgear room. Technician suffered severe electrical burns to face and hands.
OIL-2026-00870,Offshore Platform Alpha,"Loud bang heard near Fire unit, but no damage found and no one saw anything."
OIL-2026-00871,Offshore Platform Alpha,"During Excavation, LEL alarms triggered at 10%. Work stopped and area ventilated."
OIL-2026-00872,Refinery Unit B,Routine Hot Work completed without any safety incidents.
OIL-2026-00873,Maintenance Yard,"Crane slewed unexpectedly during Vehicle Movement, load swung over the pedestrian walkway. Exclusion zone was active, no personnel exposed."
OIL-2026-00874,Maintenance Yard,"During routine Lifting Operations inspection, noticed minor debris which was cleared immediately."
OIL-2026-00875,Maintenance Yard,Received report of incident during Dropped Objects. Could not verify details.
OIL-2026-00876,Drilling Rig Delta,"During routine Electrical Hazards inspection, noticed minor debris which was cleared immediately. Radio comms were a bit staticky."
OIL-2026-00877,Pipeline Sector 4,"During routine Hot Work inspection, noticed minor debris which was cleared immediately."
OIL-2026-00878,Terminal Operations,Found some fluid on teh deck near Process Upsets. Not sure if water or oil.
OIL-2026-00879,Pipeline Sector 4,Contractor reminded to use three points of contact on stairs near Routine inspections unit. The supervisor was not present.
OIL-2026-00880,Terminal Operations,"While performing Working at Height, a heavy wrench slipped and struck the scaffolding tube near the worker's head. Near miss."
OIL-2026-00881,Drilling Rig Delta,"During routine Dropped Objects inspection, noticed minor debris which was cleared immediately."
OIL-2026-00882,Pipeline Sector 4,Routine Housekeeping completed without any safety incidents.
OIL-2026-00883,Terminal Operations,Trench collapsed during Working at Height excavation. Worker was partially buried up to the waist. Rescue team deployed.
OIL-2026-00884,Drilling Rig Delta,"Catastrophic failure of lifting gear during Lifting Operations. 5-ton load dropped 10 meters, striking the deck less than 2 meters from the rigging crew."
OIL-2026-00885,Terminal Operations,Small localized smoldering fire observed during Excavation hot work. Extinguished immediately with local fire watch.
OIL-2026-00886,Refinery Unit B,Arc flash occurred during Gas Releases in the main switchgear room. Technician suffered severe electrical burns to face and hands.
OIL-2026-00887,Maintenance Yard,"During Vehicle Movement, LEL alarms triggered at 10%. Work stopped and area ventilated."
OIL-2026-00888,Refinery Unit B,Worker fell 5 meters during Overpressure because harness lanyard snapped. Rushed to medical bay with suspected fractures.
OIL-2026-00889,Terminal Operations,Contractor reminded to use three points of contact on stairs near PPE observations unit.
OIL-2026-00890,Pipeline Sector 4,"Vehicle struck a pedestrian crossing the yard during Lifting Operations. Severe trauma sustained, medevac initiated. We had a safety meeting about this just yesterday."
OIL-2026-00891,Drilling Rig Delta,Arc flash occurred during Hydrocarbon Leaks in the main switchgear room. Technician suffered severe electrical burns to face and hands.
OIL-2026-00892,Refinery Unit B,Worker fell 5 meters during Chemical Exposure because harness lanyard snapped. Rushed to medical bay with suspected fractures.
OIL-2026-00893,Refinery Unit B,Found some fluid on the deck near Routine inspections. Not sure if water or oil.
OIL-2026-00894,Pipeline Sector 4,"While performing Excavation, a heavy wrench slipped and struck the scaffolding tube near the worker's head. Near miss."
OIL-2026-00895,Pipeline Sector 4,"Worker reported feeling unwell after Routine inspections. Might be related, might be food poisoning."
OIL-2026-00896,Offshore Platform Alpha,Minor oil weepage noticed on valve body during Lifting Operations. Cleaned and tightened. It was raining heavily at the time.
OIL-2026-00897,Refinery Unit B,Worker fell 5 meters during Overpressure because harness lanyard snapped. Rushed to medical bay with suspected fractures.
OIL-2026-00898,Pipeline Sector 4,Contractor dropped something during Electrical Hazards. Didn't see what it was.
OIL-2026-00899,Pipeline Sector 4,Arc flash occurred during Overpressure in the main switchgear room. Technician suffered severe electrical burns to face and hands.
OIL-2026-00900,Offshore Platform Alpha,"While performing Process Upsets, a heavy wrench slipped and struck the scaffolding tube near the worker's head. Near miss."
OIL-2026-00901,Offshore Platform Alpha,Trench collapsed during Excavation excavation. Worker was partially buried up to the waist. Rescue team deployed.
OIL-2026-00902,Terminal Operations,"While performing Housekeeping, a heavy wrench slipped and struck the scaffolding tube near the worker's head. Near miss. I didn't have my glasses on but I saw it happen."
OIL-2026-00903,Offshore Platform Alpha,Arc flash occurred during Hydrocarbon Leaks in the main switchgear room. Technician suffered severe electrical burns to face and hands. Radio comms were a bit staticky.
OIL-2026-00904,Drilling Rig Delta,Worker bypassed machine guard during Lifting Operations to clear a jam. Equipment was still energized. Intervened and applied LOTO.
OIL-2026-00905,Offshore Platform Alpha,"During Dropped Objects, LEL alarms triggered at 10%. Work stopped and area ventilated."
OIL-2026-00906,Offshore Platform Alpha,The gauge looked weird during Minor maintenance issues. We left it alone.
OIL-2026-00907,Offshore Platform Alpha,Worker observed not wearing full PPE during Dropped Objects in the safe zone. Reminded and complied. I didn't have my glasses on but I saw it happen.
OIL-2026-00908,Refinery Unit B,"During Process Upsets, LEL alarms triggered at 10%. Work stopped and area ventilated."
OIL-2026-00909,Refinery Unit B,"Vehicle struck a pedestrian crossing the yard during Minor maintenance issues. Severe trauma sustained, medevac initiated."
OIL-2026-00910,Pipeline Sector 4,"Worker reported feeling unwell after Energy Isolation / LOTO. Might be related, might be food poisoning."
OIL-2026-00911,Offshore Platform Alpha,Worker observed not wearing full PPE during Dropped Objects in the safe zone. Reminded and complied.
OIL-2026-00912,Maintenance Yard,"While performing Chemical Exposure, a heavy wrench slipped and struck the scaffolding tube near the worker's head. Near miss."
OIL-2026-00913,Pipeline Sector 4,Arc flash occurred during Routine inspections in the main switchgear room. Technician suffered severe electrical burns to face and hands.
OIL-2026-00914,Maintenance Yard,Worker observed not wearing full PPE during Electrical Hazards in teh safe zone. Reminded and complied.
OIL-2026-00915,Terminal Operations,Walkway obstructed by empty pallets near PPE observations area. Removed by housekeeping. Lunch had just finished.
OIL-2026-00916,Terminal Operations,The gauge looked weird during Energy Isolation / LOTO. We left it alone.
OIL-2026-00917,Drilling Rig Delta,"Catastrophic failure of lifting gear during Energy Isolation / LOTO. 5-ton load dropped 10 meters, striking the deck less than 2 meters from the rigging crew."
OIL-2026-00918,Pipeline Sector 4,Completed daily Routine inspections checks. All parameters normal.
OIL-2026-00919,Pipeline Sector 4,"While performing Fire, a heavy wrench slipped and struck the scaffolding tube near the worker's head. Near miss. Radio comms were a bit staticky."
OIL-2026-00920,Drilling Rig Delta,Trench collapsed during Overpressure excavation. Worker was partially buried up to the waist. Rescue team deployed. I didn't have my glasses on but I saw it happen.
OIL-2026-00921,Refinery Unit B,Trench collapsed during Gas Releases excavation. Worker was partially buried up to the waist. Rescue team deployed.
OIL-2026-00922,Drilling Rig Delta,"Hydraulic hose burst during Hot Work, spraying fluid across the deck. Operator was wearing face shield, no injury."
OIL-2026-00923,Maintenance Yard,Handrail paint was peeling near the Routine inspections sector. Maintenance request submitted.
OIL-2026-00924,Drilling Rig Delta,Completed daily Lifting Operations checks. All parameters normal.
OIL-2026-00925,Refinery Unit B,Completed daily Dropped Objects checks. All parameters normal.
OIL-2026-00926,Refinery Unit B,"Worker reported feeling unwell after Working at Height. Might be related, might be food poisoning."
OIL-2026-00927,Drilling Rig Delta,Arc flash occurred during Overpressure in the main switchgear room. Technician suffered severe electrical burns to face and hands. We had a safety meeting about this just yesterday.
OIL-2026-00928,Terminal Operations,The gauge looked weird during Vehicle Movement. We left it alone.
OIL-2026-00929,Terminal Operations,Handrail paint was peeling near the PPE observations sector. Maintenance request submitted.
OIL-2026-00930,Refinery Unit B,Completed daily Minor maintenance issues checks. All parameters normal.
OIL-2026-00931,Drilling Rig Delta,Slight trip hazard identified at Gas Releases location due to uneven grating. Marked with high-viz tape.
OIL-2026-00932,Terminal Operations,The gauge looked weird during Lifting Operations. We left it alone.
OIL-2026-00933,Drilling Rig Delta,"During routine Overpressure inspection, noticed minor debris which was cleared immediately."
OIL-2026-00934,Terminal Operations,"While performing PPE observations, a heavy wrench slipped and struck the scaffolding tube near the worker's head. Near miss."
OIL-2026-00935,Pipeline Sector 4,Someone said the pressure was high during Lifting Operations. Need to investigate further.
OIL-2026-00936,Terminal Operations,Small localized smoldering fire observed during Dropped Objects hot work. Extinguished immediately with local fire watch. The contractor was late to the shift.
OIL-2026-00937,Refinery Unit B,"While performing Gas Releases, a heavy wrench slipped and struck teh scaffolding tube near teh worker's head. Near miss."
OIL-2026-00938,Terminal Operations,Walkway obstructed by empty pallets near Hydrocarbon Leaks area. Removed by housekeeping.
OIL-2026-00939,Pipeline Sector 4,"Catastrophic failure of lifting gear during Vehicle Movement. 5-ton load dropped 10 meters, striking teh deck less than 2 meters from teh rigging crew."
OIL-2026-00940,Maintenance Yard,Worker fell 5 meters during Lifting Operations because harness lanyard snapped. Rushed to medical bay with suspected fractures.
OIL-2026-00941,Maintenance Yard,Minor oil weepage noticed on valve body during Gas Releases. Cleaned and tightened.
OIL-2026-00942,Drilling Rig Delta,"Crane slewed unexpectedly during Lifting Operations, load swung over the pedestrian walkway. Exclusion zone was active, no personnel exposed."
OIL-2026-00943,Maintenance Yard,"Catastrophic failure of lifting gear during Hot Work. 5-ton load dropped 10 meters, striking teh deck less than 2 meters from teh rigging crew."
OIL-2026-00944,Drilling Rig Delta,Arc flash occurred during Gas Releases in the main switchgear room. Technician suffered severe electrical burns to face and hands.
OIL-2026-00945,Refinery Unit B,Contractor found entering restricted Working at Height area without a valid permit. Escorted out and work stopped.
OIL-2026-00946,Offshore Platform Alpha,Found some fluid on the deck near Chemical Exposure. Not sure if water or oil.
OIL-2026-00947,Refinery Unit B,Routine Dropped Objects completed without any safety incidents. (Note: Please fix the AC in the control room it is too hot).
OIL-2026-00948,Terminal Operations,Scaffold tag was red but workers were seen preparing for PPE observations on it. Intervened before access.
OIL-2026-00949,Maintenance Yard,"Hydraulic hose burst during Dropped Objects, spraying fluid across the deck. Operator was wearing face shield, no injury."
OIL-2026-00950,Offshore Platform Alpha,"During routine Lifting Operations inspection, noticed minor debris which was cleared immediately."
OIL-2026-00951,Maintenance Yard,Fire extinguisher tag missing in the Confined Space zone. Replaced by safety officer.
OIL-2026-00952,Drilling Rig Delta,Scaffold tag was red but workers were seen preparing for Electrical Hazards on it. Intervened before access.
OIL-2026-00953,Pipeline Sector 4,"Catastrophic failure of lifting gear during PPE observations. 5-ton load dropped 10 meters, striking the deck less than 2 meters from the rigging crew."
OIL-2026-00954,Drilling Rig Delta,Worker bypassed machine guard during Confined Space to clear a jam. Equipment was still energized. Intervened and applied LOTO. Radio comms were a bit staticky.
OIL-2026-00955,Maintenance Yard,Worker fell 5 meters during Simultaneous Operations because harness lanyard snapped. Rushed to medical bay with suspected fractures.
OIL-2026-00956,Terminal Operations,Fire extinguisher tag missing in the Fire zone. Replaced by safety officer. We had a safety meeting about this just yesterday.
OIL-2026-00957,Pipeline Sector 4,Worker observed not wearing full PPE during Working at Height in the safe zone. Reminded and complied.
OIL-2026-00958,Offshore Platform Alpha,Major hydrocarbon gas release during Hydrocarbon Leaks. Cloud drifted towards hot work area. Emergency shutdown activated immediately.
OIL-2026-00959,Terminal Operations,Handrail paint ws peeling near teh Hot Work sector. Maintenance request submitted.
OIL-2026-00960,Refinery Unit B,Small localized smoldering fire observed during Process Upsets hot work. Extinguished immediately with local fire watch.
OIL-2026-00961,Maintenance Yard,"Catastrophic failure of lifting gear during Process Upsets. 5-ton load dropped 10 meters, striking the deck less than 2 meters from the rigging crew."
OIL-2026-00962,Refinery Unit B,Completed daily Overpressure checks. All parameters normal.
OIL-2026-00963,Pipeline Sector 4,The gauge looked weird during Confined Space. We left it alone.
OIL-2026-00964,Pipeline Sector 4,"Worker reported feeling unwell after Routine inspections. Might be related, might be food poisoning."
OIL-2026-00965,Maintenance Yard,Received report of incident during Process Upsets. Could not verify details.
OIL-2026-00966,Offshore Platform Alpha,Major hydrocarbon gas release during Process Upsets. Cloud drifted towards hot work area. Emergency shutdown activated immediately.
OIL-2026-00967,Offshore Platform Alpha,Found some fluid on the deck near Lifting Operations. Not sure if water or oil.
OIL-2026-00968,Maintenance Yard,Arc flash occurred during Lifting Operations in the main switchgear room. Technician suffered severe electrical burns to face and hands.
OIL-2026-00969,Drilling Rig Delta,Handrail paint was peeling near the Vehicle Movement sector. Maintenance request submitted.
OIL-2026-00970,Maintenance Yard,Handrail paint was peeling near the Overpressure sector. Maintenance request submitted.
OIL-2026-00971,Maintenance Yard,Worker fell 5 meters during Process Upsets because harness lanyard snapped. Rushed to medical bay with suspected fractures.
OIL-2026-00972,Offshore Platform Alpha,"Vehicle struck a pedestrian crossing the yard during Working at Height. Severe trauma sustained, medevac initiated."
OIL-2026-00973,Drilling Rig Delta,Worker fell 5 meters during Working at Height because harness lanyard snapped. Rushed to medical bay with suspected fractures.
OIL-2026-00974,Drilling Rig Delta,Fire extinguisher tag missing in the Process Upsets zone. Replaced by safety officer.
OIL-2026-00975,Terminal Operations,"Loud bang heard near Lifting Operations unit, but no damage found and no one saw anything."
OIL-2026-00976,Refinery Unit B,Major hydrocarbon gas release during Lifting Operations. Cloud drifted towards hot work area. Emergency shutdown activated immediately.
OIL-2026-00977,Pipeline Sector 4,"Loud bang heard near Working at Height unit, but no damage found and no one saw anything."
OIL-2026-00978,Drilling Rig Delta,"Catastrophic failure of lifting gear during Lifting Operations. 5-ton load dropped 10 meters, striking the deck less than 2 meters from the rigging crew. The shift was almost over."
OIL-2026-00979,Pipeline Sector 4,"During Overpressure, LEL alarms triggered at 10%. Work stopped and area ventilated."
OIL-2026-00980,Pipeline Sector 4,Minor oil weepage noticed on valve body during Excavation. Cleaned and tightened.
OIL-2026-00981,Maintenance Yard,"Vehicle struck a pedestrian crossing the yard during Excavation. Severe trauma sustained, medevac initiated."
OIL-2026-00982,Offshore Platform Alpha,"While performing Energy Isolation / LOTO, a heavy wrench slipped and struck the scaffolding tube near the worker's head. Near miss."
OIL-2026-00983,Terminal Operations,"During Confined Space, LEL alarms triggered at 10%. Work stopped and area ventilated."
OIL-2026-00984,Pipeline Sector 4,Contractor reminded to use three points of contact on stairs near Confined Space unit.
OIL-2026-00985,Maintenance Yard,Contractor found entering restricted Confined Space area without a valid permit. Escorted out and work stopped.
OIL-2026-00986,Drilling Rig Delta,Arc flash occurred during Simultaneous Operations in the main switchgear room. Technician suffered severe electrical burns to face and hands.
OIL-2026-00987,Maintenance Yard,Routine Fire completed without any safety incidents.
OIL-2026-00988,Maintenance Yard,Contractor found entering restricted Minor maintenance issues area without a valid permit. Escorted out and work stopped. I didn't have my glasses on but I saw it happen.
OIL-2026-00989,Pipeline Sector 4,Contractor dropped something during Hydrocarbon Leaks. Didn't see what it was.
OIL-2026-00990,Refinery Unit B,Received report of incident during Housekeeping. Could not verify details.
OIL-2026-00991,Maintenance Yard,Contractor found entering restricted Chemical Exposure area without a valid permit. Escorted out and work stopped. The contractor was late to the shift.
OIL-2026-00992,Drilling Rig Delta,Scaffold tag was red but workers were seen preparing for Electrical Hazards on it. Intervened before access.
OIL-2026-00993,Offshore Platform Alpha,Contractor dropped something during Dropped Objects. Didn't see what it was.
OIL-2026-00994,Pipeline Sector 4,Worker fell 5 meters during Routine inspections because harness lanyard snapped. Rushed to medical bay with suspected fractures.
OIL-2026-00995,Refinery Unit B,"Vehicle struck a pedestrian crossing the yard during Excavation. Severe trauma sustained, medevac initiated."
OIL-2026-00996,Offshore Platform Alpha,"While performing Fire, a heavy wrench slipped and struck the scaffolding tube near the worker's head. Near miss."
OIL-2026-00997,Maintenance Yard,"Worker reported feeling unwell after Electrical Hazards. Might be related, might be food poisoning."
OIL-2026-00998,Pipeline Sector 4,"Worker reported feeling unwell after Process Upsets. Might be related, might be food poisoning."
OIL-2026-00999,Drilling Rig Delta,"Worker reported feeling unwell after Electrical Hazards. Might be related, might be food poisoning."
OIL-2026-01000,Pipeline Sector 4,Trench collapsed during Hot Work excavation. Worker was partially buried up to the waist. Rescue team deployed.
OIL-2026-01001,Terminal Operations,Scaffold tag was red but workers were seen preparing for Chemical Exposure on it. Intervened before access.
OIL-2026-01002,Drilling Rig Delta,Worker bypassed machine guard during Process Upsets to clear a jam. Equipment was still energized. Intervened and applied LOTO.
OIL-2026-01003,Terminal Operations,Scaffold tag was red but workers were seen preparing for Vehicle Movement on it. Intervened before access.
OIL-2026-01004,Drilling Rig Delta,"Hydraulic hose burst during Working at Height, spraying fluid across the deck. Operator was wearing face shield, no injury. The contractor was late to the shift."
OIL-2026-01005,Maintenance Yard,Routine Excavation completed without any safety incidents.
OIL-2026-01006,Maintenance Yard,The gauge looked weird during Routine inspections. We left it alone.
OIL-2026-01007,Drilling Rig Delta,"Hydraulic hose burst during Hot Work, spraying fluid across the deck. Operator was wearing face shield, no injury."
OIL-2026-01008,Terminal Operations,Worker fell 5 meters during Minor maintenance issues because harness lanyard snapped. Rushed to medical bay with suspected fractures.
OIL-2026-01009,Pipeline Sector 4,Slight trip hazard identified at Confined Space location due to uneven grating. Marked with high-viz tape.
OIL-2026-01010,Offshore Platform Alpha,Contractor found entering restricted Gas Releases area without a valid permit. Escorted out and work stopped. The contractor was late to the shift.
OIL-2026-01011,Refinery Unit B,"During routine Gas Releases inspection, noticed minor debris which was cleared immediately."
OIL-2026-01012,Pipeline Sector 4,Walkway obstructed by empty pallets near Simultaneous Operations area. Removed by housekeeping.
OIL-2026-01013,Offshore Platform Alpha,Contractor dropped something during PPE observations. Didn't see what it was.
OIL-2026-01014,Terminal Operations,"Catastrophic failure of lifting gear during Chemical Exposure. 5-ton load dropped 10 meters, striking the deck less than 2 meters from the rigging crew. The contractor was late to the shift."
OIL-2026-01015,Drilling Rig Delta,Arc flash occurred during Working at Height in the main switchgear room. Technician suffered severe electrical burns to face and hands. It was raining heavily at the time.
OIL-2026-01016,Maintenance Yard,Handrail paint was peeling near the Lifting Operations sector. Maintenance request submitted.
OIL-2026-01017,Offshore Platform Alpha,Worker bypassed machine guard during Simultaneous Operations to clear a jam. Equipment was still energized. Intervened and applied LOTO.
OIL-2026-01018,Pipeline Sector 4,Small localized smoldering fire observed during Working at Height hot work. Extinguished immediately with local fire watch.
OIL-2026-01019,Offshore Platform Alpha,Someone said the pressure was high during PPE observations. Need to investigate further.
OIL-2026-01020,Offshore Platform Alpha,Scaffold tag was red but workers were seen preparing for Confined Space on it. Intervened before access.
OIL-2026-01021,Pipeline Sector 4,"Vehicle struck a pedestrian crossing the yard during Hydrocarbon Leaks. Severe trauma sustained, medevac initiated."
OIL-2026-01022,Terminal Operations,Small localized smoldering fire observed during Hydrocarbon Leaks hot work. Extinguished immediately with local fire watch.
OIL-2026-01023,Maintenance Yard,Walkway obstructed by empty pallets near Electrical Hazards area. Removed by housekeeping. The supervisor ws not present.
OIL-2026-01024,Pipeline Sector 4,Received report of incident during Process Upsets. Could not verify details.
OIL-2026-01025,Drilling Rig Delta,"While performing Electrical Hazards, a heavy wrench slipped and struck the scaffolding tube near the worker's head. Near miss. It was raining heavily at the time."
OIL-2026-01026,Pipeline Sector 4,"Loud bang heard near Hot Work unit, but no damage found and no one saw anything."
OIL-2026-01027,Offshore Platform Alpha,Worker fell 5 meters during PPE observations because harness lanyard snapped. Rushed to medical bay with suspected fractures.
OIL-2026-01028,Maintenance Yard,"Worker reported feeling unwell after Lifting Operations. Might be related, might be food poisoning."
OIL-2026-01029,Offshore Platform Alpha,Received report of incident during Lifting Operations. Could not verify details. It was raining heavily at the time.
OIL-2026-01030,Maintenance Yard,Completed daily Dropped Objects checks. All parameters normal. The contractor was late to the shift.
OIL-2026-01031,Drilling Rig Delta,"Catastrophic failure of lifting gear during Excavation. 5-ton load dropped 10 meters, striking the deck less than 2 meters from the rigging crew."
OIL-2026-01032,Refinery Unit B,"Hydraulic hose burst during Gas Releases, spraying fluid across the deck. Operator was wearing face shield, no injury."
OIL-2026-01033,Offshore Platform Alpha,"During routine Vehicle Movement inspection, noticed minor debris which was cleared immediately."
OIL-2026-01034,Pipeline Sector 4,Minor oil weepage noticed on valve body during Overpressure. Cleaned and tightened.
OIL-2026-01035,Offshore Platform Alpha,Received report of incident during Minor maintenance issues. Could not verify details. The shift was almost over.
OIL-2026-01036,Maintenance Yard,"Catastrophic failure of lifting gear during Confined Space. 5-ton load dropped 10 meters, striking the deck less than 2 meters from the rigging crew. The contractor was late to the shift."
OIL-2026-01037,Drilling Rig Delta,"Vehicle struck a pedestrian crossing the yard during Overpressure. Severe trauma sustained, medevac initiated."
OIL-2026-01038,Refinery Unit B,The gauge looked weird during Lifting Operations. We left it alone.
OIL-2026-01039,Maintenance Yard,"Vehicle struck a pedestrian crossing the yard during Routine inspections. Severe trauma sustained, medevac initiated. Lunch had just finished."
OIL-2026-01040,Refinery Unit B,Major hydrocarbon gas release during Hydrocarbon Leaks. Cloud drifted towards hot work area. Emergency shutdown activated immediately.
OIL-2026-01041,Maintenance Yard,Received report of incident during Housekeeping. Could not verify details.
OIL-2026-01042,Refinery Unit B,"Crane slewed unexpectedly during Electrical Hazards, load swung over the pedestrian walkway. Exclusion zone was active, no personnel exposed."
OIL-2026-01043,Terminal Operations,Worker bypassed machine guard during Simultaneous Operations to clear a jam. Equipment ws still energized. Intervened and applied LOTO. It ws raining heavily at teh time.
OIL-2026-01044,Pipeline Sector 4,Routine Overpressure completed without any safety incidents.
OIL-2026-01045,Offshore Platform Alpha,Found some fluid on the deck near Energy Isolation / LOTO. Not sure if water or oil. It was raining heavily at the time.
OIL-2026-01046,Pipeline Sector 4,The gauge looked weird during Excavation. We left it alone.
OIL-2026-01047,Offshore Platform Alpha,"Loud bang heard near Gas Releases unit, but no damage found and no one saw anything."
OIL-2026-01048,Maintenance Yard,Contractor dropped something during Overpressure. Didn't see what it was. The supervisor ws not present.
OIL-2026-01049,Refinery Unit B,Minor oil weepage noticed on valve body during Overpressure. Cleaned and tightened.
OIL-2026-01050,Terminal Operations,Slight trip hazard identified at Lifting Operations location due to uneven grating. Marked with high-viz tape.
OIL-2026-01051,Refinery Unit B,Received report of incident during Lifting Operations. Could not verify details.
OIL-2026-01052,Refinery Unit B,"Worker reported feeling unwell after Electrical Hazards. Might be related, might be food poisoning."
OIL-2026-01053,Maintenance Yard,Worker fell 5 meters during Routine inspections because harness lanyard snapped. Rushed to medical bay with suspected fractures.
OIL-2026-01054,Maintenance Yard,Trench collapsed during Minor maintenance issues excavation. Worker ws partially buried up to teh waist. Rescue team deployed.
OIL-2026-01055,Offshore Platform Alpha,Completed daily Vehicle Movement checks. All parameters normal.
OIL-2026-01056,Maintenance Yard,"Crane slewed unexpectedly during Excavation, load swung over the pedestrian walkway. Exclusion zone was active, no personnel exposed."
OIL-2026-01057,Pipeline Sector 4,"Catastrophic failure of lifting gear during Minor maintenance issues. 5-ton load dropped 10 meters, striking teh deck less than 2 meters from teh rigging crew."
OIL-2026-01058,Drilling Rig Delta,"While performing Housekeeping, a heavy wrench slipped and struck the scaffolding tube near the worker's head. Near miss."
OIL-2026-01059,Offshore Platform Alpha,Arc flash occurred during Electrical Hazards in the main switchgear room. Technician suffered severe electrical burns to face and hands.
OIL-2026-01060,Offshore Platform Alpha,"Crane slewed unexpectedly during Overpressure, load swung over the pedestrian walkway. Exclusion zone was active, no personnel exposed. Radio comms were a bit staticky."
OIL-2026-01061,Drilling Rig Delta,"Loud bang heard near Hydrocarbon Leaks unit, but no damage found and no one saw anything."
OIL-2026-01062,Pipeline Sector 4,Worker bypassed machine guard during Electrical Hazards to clear a jam. Equipment was still energized. Intervened and applied LOTO.
OIL-2026-01063,Drilling Rig Delta,The gauge looked weird during Fire. We left it alone.
OIL-2026-01064,Drilling Rig Delta,Found some fluid on the deck near Gas Releases. Not sure if water or oil. The shift was almost over.
OIL-2026-01065,Offshore Platform Alpha,Trench collapsed during PPE observations excavation. Worker was partially buried up to the waist. Rescue team deployed.
OIL-2026-01066,Terminal Operations,"While performing Gas Releases, a heavy wrench slipped and struck the scaffolding tube near the worker's head. Near miss."
OIL-2026-01067,Terminal Operations,Arc flash occurred during Hot Work in the main switchgear room. Technician suffered severe electrical burns to face and hands.
OIL-2026-01068,Refinery Unit B,Worker observed not wearing full PPE during PPE observations in the safe zone. Reminded and complied.
OIL-2026-01069,Maintenance Yard,Trench collapsed during Excavation excavation. Worker was partially buried up to the waist. Rescue team deployed. I didn't have my glasses on but I saw it happen.
OIL-2026-01070,Terminal Operations,"Vehicle struck a pedestrian crossing the yard during Vehicle Movement. Severe trauma sustained, medevac initiated."
OIL-2026-01071,Pipeline Sector 4,Contractor found entering restricted Overpressure area without a valid permit. Escorted out and work stopped. We had a safety meeting about this just yesterday.
OIL-2026-01072,Maintenance Yard,Worker bypassed machine guard during Hot Work to clear a jam. Equipment was still energized. Intervened and applied LOTO.
OIL-2026-01073,Drilling Rig Delta,Trench collapsed during Electrical Hazards excavation. Worker was partially buried up to the waist. Rescue team deployed.
OIL-2026-01074,Offshore Platform Alpha,Worker fell 5 meters during Confined Space because harness lanyard snapped. Rushed to medical bay with suspected fractures.
OIL-2026-01075,Refinery Unit B,Routine Dropped Objects completed without any safety incidents.
OIL-2026-01076,Drilling Rig Delta,Slight trip hazard identified at Lifting Operations location due to uneven grating. Marked with high-viz tape. The supervisor was not present.
OIL-2026-01077,Terminal Operations,The gauge looked weird during Overpressure. We left it alone.
OIL-2026-01078,Refinery Unit B,Routine Working at Height completed without any safety incidents. It was raining heavily at the time.
OIL-2026-01079,Drilling Rig Delta,"Vehicle struck a pedestrian crossing the yard during Housekeeping. Severe trauma sustained, medevac initiated."
OIL-2026-01080,Maintenance Yard,Worker bypassed machine guard during Gas Releases to clear a jam. Equipment was still energized. Intervened and applied LOTO.
OIL-2026-01081,Terminal Operations,Completed daily Hydrocarbon Leaks checks. All parameters normal. Radio comms were a bit staticky.
OIL-2026-01082,Terminal Operations,Someone said teh pressure ws high during Fire. Need to investigate further.
OIL-2026-01083,Terminal Operations,Completed daily Dropped Objects checks. All parameters normal.
OIL-2026-01084,Refinery Unit B,Contractor dropped something during Dropped Objects. Didn't see what it was.
OIL-2026-01085,Pipeline Sector 4,Received report of incident during Hot Work. Could not verify details.
OIL-2026-01086,Terminal Operations,Walkway obstructed by empty pallets near Dropped Objects area. Removed by housekeeping.
OIL-2026-01087,Maintenance Yard,Major hydrocarbon gas release during Lifting Operations. Cloud drifted towards hot work area. Emergency shutdown activated immediately.
OIL-2026-01088,Pipeline Sector 4,Fire extinguisher tag missing in the Working at Height zone. Replaced by safety officer.
OIL-2026-01089,Maintenance Yard,"Catastrophic failure of lifting gear during Lifting Operations. 5-ton load dropped 10 meters, striking the deck less than 2 meters from the rigging crew."
OIL-2026-01090,Maintenance Yard,Slight trip hazard identified at Hydrocarbon Leaks location due to uneven grating. Marked with high-viz tape.
OIL-2026-01091,Pipeline Sector 4,Worker bypassed machine guard during Minor maintenance issues to clear a jam. Equipment was still energized. Intervened and applied LOTO.
OIL-2026-01092,Pipeline Sector 4,"Vehicle struck a pedestrian crossing the yard during Lifting Operations. Severe trauma sustained, medevac initiated."
OIL-2026-01093,Maintenance Yard,Worker bypassed machine guard during Excavation to clear a jam. Equipment was still energized. Intervened and applied LOTO.
OIL-2026-01094,Refinery Unit B,"Crane slewed unexpectedly during Minor maintenance issues, load swung over the pedestrian walkway. Exclusion zone was active, no personnel exposed."
OIL-2026-01095,Offshore Platform Alpha,Contractor dropped something during PPE observations. Didn't see what it was.
OIL-2026-01096,Maintenance Yard,Worker fell 5 meters during Process Upsets because harness lanyard snapped. Rushed to medical bay with suspected fractures.
OIL-2026-01097,Terminal Operations,Arc flash occurred during Fire in the main switchgear room. Technician suffered severe electrical burns to face and hands. The shift was almost over.
OIL-2026-01098,Maintenance Yard,Someone said the pressure was high during Fire. Need to investigate further.
OIL-2026-01099,Terminal Operations,The gauge looked weird during Electrical Hazards. We left it alone.
OIL-2026-01100,Maintenance Yard,The gauge looked weird during Overpressure. We left it alone.
OIL-2026-01101,Maintenance Yard,"Crane slewed unexpectedly during Lifting Operations, load swung over the pedestrian walkway. Exclusion zone was active, no personnel exposed."
OIL-2026-01102,Pipeline Sector 4,Trench collapsed during Confined Space excavation. Worker ws partially buried up to teh waist. Rescue team deployed.
OIL-2026-01103,Refinery Unit B,Small localized smoldering fire observed during Chemical Exposure hot work. Extinguished immediately with local fire watch. I didn't have my glasses on but I saw it happen.
OIL-2026-01104,Terminal Operations,Someone said teh pressure ws high during Process Upsets. Need to investigate further.
OIL-2026-01105,Offshore Platform Alpha,Arc flash occurred during Hydrocarbon Leaks in the main switchgear room. Technician suffered severe electrical burns to face and hands.
OIL-2026-01106,Drilling Rig Delta,Major hydrocarbon gas release during Lifting Operations. Cloud drifted towards hot work area. Emergency shutdown activated immediately.
OIL-2026-01107,Terminal Operations,Fire extinguisher tag missing in teh Hydrocarbon Leaks zone. Replaced by safety officer. The supervisor ws not present.
OIL-2026-01108,Maintenance Yard,Completed daily Confined Space checks. All parameters normal.
OIL-2026-01109,Terminal Operations,Slight trip hazard identified at Chemical Exposure location due to uneven grating. Marked with high-viz tape.
OIL-2026-01110,Offshore Platform Alpha,"While performing Minor maintenance issues, a heavy wrench slipped and struck the scaffolding tube near the worker's head. Near miss."
OIL-2026-01111,Terminal Operations,The gauge looked weird during Electrical Hazards. We left it alone. Lunch had just finished.
OIL-2026-01112,Offshore Platform Alpha,"During routine Fire inspection, noticed minor debris which was cleared immediately."
OIL-2026-01113,Terminal Operations,"Hydraulic hose burst during Dropped Objects, spraying fluid across the deck. Operator was wearing face shield, no injury."
OIL-2026-01114,Offshore Platform Alpha,Major hydrocarbon gas release during Hydrocarbon Leaks. Cloud drifted towards hot work area. Emergency shutdown activated immediately.
OIL-2026-01115,Pipeline Sector 4,"During Fire, LEL alarms triggered at 10%. Work stopped and area ventilated. (Note: Please fix the AC in the control room it is too hot)."
OIL-2026-01116,Refinery Unit B,Worker observed not wearing full PPE during Dropped Objects in the safe zone. Reminded and complied.
OIL-2026-01117,Maintenance Yard,Trench collapsed during PPE observations excavation. Worker was partially buried up to the waist. Rescue team deployed.
OIL-2026-01118,Refinery Unit B,Small localized smoldering fire observed during Hot Work hot work. Extinguished immediately with local fire watch.
OIL-2026-01119,Pipeline Sector 4,Major hydrocarbon gas release during Simultaneous Operations. Cloud drifted towards hot work area. Emergency shutdown activated immediately.
OIL-2026-01120,Drilling Rig Delta,Trench collapsed during Routine inspections excavation. Worker was partially buried up to the waist. Rescue team deployed.
OIL-2026-01121,Terminal Operations,Walkway obstructed by empty pallets near Hot Work area. Removed by housekeeping. Lunch had just finished.
OIL-2026-01122,Offshore Platform Alpha,Received report of incident during Lifting Operations. Could not verify details.
OIL-2026-01123,Offshore Platform Alpha,Contractor dropped something during Simultaneous Operations. Didn't see what it was.
OIL-2026-01124,Offshore Platform Alpha,Trench collapsed during Housekeeping excavation. Worker was partially buried up to the waist. Rescue team deployed. The contractor was late to the shift.
OIL-2026-01125,Refinery Unit B,Contractor dropped something during Working at Height. Didn't see what it was. The contractor was late to the shift.
OIL-2026-01126,Refinery Unit B,"During Vehicle Movement, LEL alarms triggered at 10%. Work stopped and area ventilated."
OIL-2026-01127,Maintenance Yard,Trench collapsed during Chemical Exposure excavation. Worker was partially buried up to the waist. Rescue team deployed.
OIL-2026-01128,Maintenance Yard,Worker fell 5 meters during Routine inspections because harness lanyard snapped. Rushed to medical bay with suspected fractures.
OIL-2026-01129,Refinery Unit B,Worker fell 5 meters during Housekeeping because harness lanyard snapped. Rushed to medical bay with suspected fractures.
OIL-2026-01130,Refinery Unit B,"Catastrophic failure of lifting gear during PPE observations. 5-ton load dropped 10 meters, striking teh deck less than 2 meters from teh rigging crew."
OIL-2026-01131,Drilling Rig Delta,Major hydrocarbon gas release during Simultaneous Operations. Cloud drifted towards hot work area. Emergency shutdown activated immediately.
OIL-2026-01132,Maintenance Yard,Major hydrocarbon gas release during Dropped Objects. Cloud drifted towards hot work area. Emergency shutdown activated immediately.
OIL-2026-01133,Offshore Platform Alpha,Contractor dropped something during Hot Work. Didn't see what it was.
OIL-2026-01134,Offshore Platform Alpha,Scaffold tag was red but workers were seen preparing for Simultaneous Operations on it. Intervened before access.
OIL-2026-01135,Drilling Rig Delta,Received report of incident during Simultaneous Operations. Could not verify details.
OIL-2026-01136,Pipeline Sector 4,Walkway obstructed by empty pallets near Electrical Hazards area. Removed by housekeeping.
OIL-2026-01137,Terminal Operations,Contractor dropped something during Confined Space. Didn't see what it was.
OIL-2026-01138,Drilling Rig Delta,The gauge looked weird during Simultaneous Operations. We left it alone. I didn't have my glasses on but I saw it happen.
OIL-2026-01139,Offshore Platform Alpha,"Worker reported feeling unwell after Lifting Operations. Might be related, might be food poisoning."
OIL-2026-01140,Refinery Unit B,"Hydraulic hose burst during Dropped Objects, spraying fluid across the deck. Operator was wearing face shield, no injury."
OIL-2026-01141,Pipeline Sector 4,"Hydraulic hose burst during Process Upsets, spraying fluid across the deck. Operator was wearing face shield, no injury."
OIL-2026-01142,Drilling Rig Delta,Completed daily Minor maintenance issues checks. All parameters normal.
OIL-2026-01143,Pipeline Sector 4,Arc flash occurred during Fire in the main switchgear room. Technician suffered severe electrical burns to face and hands.
OIL-2026-01144,Refinery Unit B,Worker bypassed machine guard during Lifting Operations to clear a jam. Equipment was still energized. Intervened and applied LOTO. Radio comms were a bit staticky.
OIL-2026-01145,Pipeline Sector 4,"While performing Lifting Operations, a heavy wrench slipped and struck the scaffolding tube near the worker's head. Near miss. It was raining heavily at the time."
OIL-2026-01146,Terminal Operations,Small localized smoldering fire observed during Dropped Objects hot work. Extinguished immediately with local fire watch.
OIL-2026-01147,Pipeline Sector 4,"Hydraulic hose burst during Hot Work, spraying fluid across the deck. Operator was wearing face shield, no injury."
OIL-2026-01148,Terminal Operations,Major hydrocarbon gas release during Vehicle Movement. Cloud drifted towards hot work area. Emergency shutdown activated immediately.
OIL-2026-01149,Pipeline Sector 4,"While performing PPE observations, a heavy wrench slipped and struck teh scaffolding tube near teh worker's head. Near miss."
OIL-2026-01150,Pipeline Sector 4,Arc flash occurred during Hot Work in the main switchgear room. Technician suffered severe electrical burns to face and hands.
OIL-2026-01151,Terminal Operations,Minor oil weepage noticed on valve body during Energy Isolation / LOTO. Cleaned and tightened.
OIL-2026-01152,Pipeline Sector 4,Arc flash occurred during Dropped Objects in the main switchgear room. Technician suffered severe electrical burns to face and hands.
OIL-2026-01153,Drilling Rig Delta,Completed daily Hot Work checks. All parameters normal.
OIL-2026-01154,Offshore Platform Alpha,Worker bypassed machine guard during Simultaneous Operations to clear a jam. Equipment was still energized. Intervened and applied LOTO.
OIL-2026-01155,Terminal Operations,Completed daily Simultaneous Operations checks. All parameters normal.
OIL-2026-01156,Terminal Operations,Major hydrocarbon gas release during Hydrocarbon Leaks. Cloud drifted towards hot work area. Emergency shutdown activated immediately. It was raining heavily at the time.
OIL-2026-01157,Pipeline Sector 4,"During routine Minor maintenance issues inspection, noticed minor debris which was cleared immediately."
OIL-2026-01158,Refinery Unit B,Someone said teh pressure ws high during Fire. Need to investigate further.
OIL-2026-01159,Offshore Platform Alpha,Found some fluid on the deck near Hydrocarbon Leaks. Not sure if water or oil. The contractor was late to the shift.
OIL-2026-01160,Pipeline Sector 4,Contractor reminded to use three points of contact on stairs near Working at Height unit.
OIL-2026-01161,Terminal Operations,Contractor found entering restricted Overpressure area without a valid permit. Escorted out and work stopped. I didn't have my glasses on but I saw it happen.
OIL-2026-01162,Offshore Platform Alpha,Handrail paint was peeling near the Process Upsets sector. Maintenance request submitted.
OIL-2026-01163,Drilling Rig Delta,Scaffold tag was red but workers were seen preparing for Vehicle Movement on it. Intervened before access.
OIL-2026-01164,Pipeline Sector 4,Routine Routine inspections completed without any safety incidents.
OIL-2026-01165,Maintenance Yard,"Crane slewed unexpectedly during Confined Space, load swung over teh pedestrian walkway. Exclusion zone ws active, no personnel exposed."
OIL-2026-01166,Maintenance Yard,Completed daily Excavation checks. All parameters normal.
OIL-2026-01167,Refinery Unit B,Someone said the pressure was high during Gas Releases. Need to investigate further. (Note: Please fix the AC in the control room it is too hot).
OIL-2026-01168,Drilling Rig Delta,Routine Confined Space completed without any safety incidents.
OIL-2026-01169,Pipeline Sector 4,Small localized smoldering fire observed during Vehicle Movement hot work. Extinguished immediately with local fire watch.
OIL-2026-01170,Maintenance Yard,"During PPE observations, LEL alarms triggered at 10%. Work stopped and area ventilated."
OIL-2026-01171,Drilling Rig Delta,Arc flash occurred during Minor maintenance issues in the main switchgear room. Technician suffered severe electrical burns to face and hands.
OIL-2026-01172,Pipeline Sector 4,"Vehicle struck a pedestrian crossing the yard during Chemical Exposure. Severe trauma sustained, medevac initiated."
OIL-2026-01173,Refinery Unit B,Trench collapsed during Energy Isolation / LOTO excavation. Worker was partially buried up to the waist. Rescue team deployed.
OIL-2026-01174,Offshore Platform Alpha,Contractor dropped something during Hydrocarbon Leaks. Didn't see what it was.
OIL-2026-01175,Terminal Operations,Contractor found entering restricted Overpressure area without a valid permit. Escorted out and work stopped.
OIL-2026-01176,Offshore Platform Alpha,Small localized smoldering fire observed during Excavation hot work. Extinguished immediately with local fire watch.
OIL-2026-01177,Pipeline Sector 4,"Worker reported feeling unwell after Hydrocarbon Leaks. Might be related, might be food poisoning."
OIL-2026-01178,Terminal Operations,"Crane slewed unexpectedly during Energy Isolation / LOTO, load swung over teh pedestrian walkway. Exclusion zone ws active, no personnel exposed. Lunch had just finished."
OIL-2026-01179,Offshore Platform Alpha,"While performing Dropped Objects, a heavy wrench slipped and struck the scaffolding tube near the worker's head. Near miss."
OIL-2026-01180,Pipeline Sector 4,Someone said the pressure was high during Confined Space. Need to investigate further.
OIL-2026-01181,Refinery Unit B,Arc flash occurred during Confined Space in the main switchgear room. Technician suffered severe electrical burns to face and hands.
OIL-2026-01182,Drilling Rig Delta,The gauge looked weird during Minor maintenance issues. We left it alone.
OIL-2026-01183,Maintenance Yard,Major hydrocarbon gas release during Housekeeping. Cloud drifted towards hot work area. Emergency shutdown activated immediately.
OIL-2026-01184,Drilling Rig Delta,Someone said the pressure was high during Gas Releases. Need to investigate further.
OIL-2026-01185,Terminal Operations,"Crane slewed unexpectedly during Overpressure, load swung over the pedestrian walkway. Exclusion zone was active, no personnel exposed. Lunch had just finished."
OIL-2026-01186,Offshore Platform Alpha,Completed daily Chemical Exposure checks. All parameters normal. (Note: Please fix the AC in the control room it is too hot).
OIL-2026-01187,Refinery Unit B,Slight trip hazard identified at Overpressure location due to uneven grating. Marked with high-viz tape.
OIL-2026-01188,Drilling Rig Delta,Routine Fire completed without any safety incidents. It was raining heavily at the time.
OIL-2026-01189,Terminal Operations,"Vehicle struck a pedestrian crossing the yard during Energy Isolation / LOTO. Severe trauma sustained, medevac initiated."
OIL-2026-01190,Maintenance Yard,Scaffold tag was red but workers were seen preparing for Hydrocarbon Leaks on it. Intervened before access.
OIL-2026-01191,Terminal Operations,Arc flash occurred during Electrical Hazards in the main switchgear room. Technician suffered severe electrical burns to face and hands. The shift was almost over.
OIL-2026-01192,Pipeline Sector 4,Routine Excavation completed without any safety incidents.
OIL-2026-01193,Pipeline Sector 4,"While performing Overpressure, a heavy wrench slipped and struck teh scaffolding tube near teh worker's head. Near miss."
OIL-2026-01194,Offshore Platform Alpha,Handrail paint was peeling near the Overpressure sector. Maintenance request submitted.
OIL-2026-01195,Maintenance Yard,Trench collapsed during Chemical Exposure excavation. Worker was partially buried up to the waist. Rescue team deployed. The shift was almost over.
OIL-2026-01196,Refinery Unit B,"While performing Electrical Hazards, a heavy wrench slipped and struck the scaffolding tube near the worker's head. Near miss."
OIL-2026-01197,Terminal Operations,"While performing Lifting Operations, a heavy wrench slipped and struck the scaffolding tube near the worker's head. Near miss."
OIL-2026-01198,Drilling Rig Delta,"During Hot Work, LEL alarms triggered at 10%. Work stopped and area ventilated."
OIL-2026-01199,Pipeline Sector 4,"Vehicle struck a pedestrian crossing the yard during Routine inspections. Severe trauma sustained, medevac initiated."
OIL-2026-01200,Refinery Unit B,Routine Lifting Operations completed without any safety incidents. We had a safety meeting about this just yesterday.
OIL-2026-01201,Maintenance Yard,"Loud bang heard near Fire unit, but no damage found and no one saw anything."
OIL-2026-01202,Offshore Platform Alpha,Found some fluid on the deck near Working at Height. Not sure if water or oil.
OIL-2026-01203,Pipeline Sector 4,Major hydrocarbon gas release during Vehicle Movement. Cloud drifted towards hot work area. Emergency shutdown activated immediately.
OIL-2026-01204,Maintenance Yard,Contractor found entering restricted Routine inspections area without a valid permit. Escorted out and work stopped. We had a safety meeting about this just yesterday.
OIL-2026-01205,Drilling Rig Delta,"Worker reported feeling unwell after Housekeeping. Might be related, might be food poisoning."
OIL-2026-01206,Pipeline Sector 4,Walkway obstructed by empty pallets near Excavation area. Removed by housekeeping. Radio comms were a bit staticky.
OIL-2026-01207,Terminal Operations,Walkway obstructed by empty pallets near Overpressure area. Removed by housekeeping.
OIL-2026-01208,Terminal Operations,Small localized smoldering fire observed during Vehicle Movement hot work. Extinguished immediately with local fire watch. Lunch had just finished.
OIL-2026-01209,Pipeline Sector 4,"Loud bang heard near Electrical Hazards unit, but no damage found and no one saw anything."
OIL-2026-01210,Pipeline Sector 4,"Loud bang heard near Simultaneous Operations unit, but no damage found and no one saw anything."
OIL-2026-01211,Offshore Platform Alpha,Small localized smoldering fire observed during Process Upsets hot work. Extinguished immediately with local fire watch.
OIL-2026-01212,Terminal Operations,Scaffold tag was red but workers were seen preparing for Energy Isolation / LOTO on it. Intervened before access.
OIL-2026-01213,Terminal Operations,"Vehicle struck a pedestrian crossing teh yard during Routine inspections. Severe trauma sustained, medevac initiated."
OIL-2026-01214,Refinery Unit B,Contractor found entering restricted Process Upsets area without a valid permit. Escorted out and work stopped.
OIL-2026-01215,Maintenance Yard,"Catastrophic failure of lifting gear during PPE observations. 5-ton load dropped 10 meters, striking the deck less than 2 meters from the rigging crew."
OIL-2026-01216,Pipeline Sector 4,Slight trip hazard identified at Gas Releases location due to uneven grating. Marked with high-viz tape. We had a safety meeting about this just yesterday.
OIL-2026-01217,Terminal Operations,Someone said the pressure was high during Hot Work. Need to investigate further. Lunch had just finished.
OIL-2026-01218,Terminal Operations,Contractor found entering restricted Overpressure area without a valid permit. Escorted out and work stopped.
OIL-2026-01219,Refinery Unit B,"During Overpressure, LEL alarms triggered at 10%. Work stopped and area ventilated."
OIL-2026-01220,Offshore Platform Alpha,"While performing Electrical Hazards, a heavy wrench slipped and struck the scaffolding tube near the worker's head. Near miss. It was raining heavily at the time."
OIL-2026-01221,Pipeline Sector 4,Slight trip hazard identified at Dropped Objects location due to uneven grating. Marked with high-viz tape.
OIL-2026-01222,Offshore Platform Alpha,The gauge looked weird during Fire. We left it alone.
OIL-2026-01223,Terminal Operations,"Catastrophic failure of lifting gear during Lifting Operations. 5-ton load dropped 10 meters, striking the deck less than 2 meters from the rigging crew."
OIL-2026-01224,Drilling Rig Delta,The gauge looked weird during Dropped Objects. We left it alone.
OIL-2026-01225,Pipeline Sector 4,"While performing Minor maintenance issues, a heavy wrench slipped and struck the scaffolding tube near the worker's head. Near miss."
OIL-2026-01226,Offshore Platform Alpha,Arc flash occurred during Excavation in the main switchgear room. Technician suffered severe electrical burns to face and hands.
OIL-2026-01227,Offshore Platform Alpha,Fire extinguisher tag missing in the Hot Work zone. Replaced by safety officer.
OIL-2026-01228,Terminal Operations,"Catastrophic failure of lifting gear during Lifting Operations. 5-ton load dropped 10 meters, striking the deck less than 2 meters from the rigging crew. I didn't have my glasses on but I saw it happen."
OIL-2026-01229,Pipeline Sector 4,Scaffold tag was red but workers were seen preparing for Working at Height on it. Intervened before access.
OIL-2026-01230,Drilling Rig Delta,Minor oil weepage noticed on valve body during Minor maintenance issues. Cleaned and tightened.
OIL-2026-01231,Offshore Platform Alpha,Worker observed not wearing full PPE during Energy Isolation / LOTO in the safe zone. Reminded and complied.
OIL-2026-01232,Offshore Platform Alpha,Walkway obstructed by empty pallets near Dropped Objects area. Removed by housekeeping.
OIL-2026-01233,Drilling Rig Delta,"Loud bang heard near Vehicle Movement unit, but no damage found and no one saw anything."
OIL-2026-01234,Drilling Rig Delta,"Catastrophic failure of lifting gear during Lifting Operations. 5-ton load dropped 10 meters, striking the deck less than 2 meters from the rigging crew."
OIL-2026-01235,Offshore Platform Alpha,"Vehicle struck a pedestrian crossing the yard during Hydrocarbon Leaks. Severe trauma sustained, medevac initiated."
OIL-2026-01236,Pipeline Sector 4,Worker fell 5 meters during Housekeeping because harness lanyard snapped. Rushed to medical bay with suspected fractures.
OIL-2026-01237,Maintenance Yard,Fire extinguisher tag missing in the Routine inspections zone. Replaced by safety officer. The shift was almost over.
OIL-2026-01238,Drilling Rig Delta,Received report of incident during Overpressure. Could not verify details. We had a safety meeting about this just yesterday.
OIL-2026-01239,Offshore Platform Alpha,"Worker reported feeling unwell after Lifting Operations. Might be related, might be food poisoning."
OIL-2026-01240,Refinery Unit B,Worker observed not wearing full PPE during Overpressure in the safe zone. Reminded and complied.
OIL-2026-01241,Offshore Platform Alpha,Worker fell 5 meters during Hydrocarbon Leaks because harness lanyard snapped. Rushed to medical bay with suspected fractures.
OIL-2026-01242,Pipeline Sector 4,"Hydraulic hose burst during Energy Isolation / LOTO, spraying fluid across the deck. Operator was wearing face shield, no injury."
OIL-2026-01243,Maintenance Yard,Contractor found entering restricted Minor maintenance issues area without a valid permit. Escorted out and work stopped.
OIL-2026-01244,Offshore Platform Alpha,"Loud bang heard near Electrical Hazards unit, but no damage found and no one saw anything."
OIL-2026-01245,Drilling Rig Delta,Someone said the pressure was high during Hydrocarbon Leaks. Need to investigate further.
OIL-2026-01246,Refinery Unit B,Handrail paint was peeling near the Chemical Exposure sector. Maintenance request submitted.
OIL-2026-01247,Drilling Rig Delta,The gauge looked weird during Confined Space. We left it alone.
OIL-2026-01248,Drilling Rig Delta,Received report of incident during PPE observations. Could not verify details. The contractor ws late to teh shift.
OIL-2026-01249,Maintenance Yard,Completed daily Process Upsets checks. All parameters normal.
OIL-2026-01250,Offshore Platform Alpha,Routine Process Upsets completed without any safety incidents. Lunch had just finished.
OIL-2026-01251,Drilling Rig Delta,"Catastrophic failure of lifting gear during Vehicle Movement. 5-ton load dropped 10 meters, striking the deck less than 2 meters from the rigging crew."
OIL-2026-01252,Pipeline Sector 4,"Loud bang heard near PPE observations unit, but no damage found and no one saw anything. I didn't have my glasses on but I saw it happen."
OIL-2026-01253,Pipeline Sector 4,"Loud bang heard near Dropped Objects unit, but no damage found and no one saw anything."
OIL-2026-01254,Pipeline Sector 4,Completed daily Electrical Hazards checks. All parameters normal.
OIL-2026-01255,Pipeline Sector 4,Received report of incident during Working at Height. Could not verify details.
OIL-2026-01256,Offshore Platform Alpha,Trench collapsed during Minor maintenance issues excavation. Worker was partially buried up to the waist. Rescue team deployed.
OIL-2026-01257,Drilling Rig Delta,Contractor reminded to use three points of contact on stairs near Simultaneous Operations unit.
OIL-2026-01258,Pipeline Sector 4,Worker fell 5 meters during Simultaneous Operations because harness lanyard snapped. Rushed to medical bay with suspected fractures.
OIL-2026-01259,Pipeline Sector 4,"Hydraulic hose burst during PPE observations, spraying fluid across the deck. Operator was wearing face shield, no injury."
OIL-2026-01260,Offshore Platform Alpha,The gauge looked weird during Routine inspections. We left it alone.
OIL-2026-01261,Refinery Unit B,"Worker reported feeling unwell after Vehicle Movement. Might be related, might be food poisoning."
OIL-2026-01262,Pipeline Sector 4,Worker bypassed machine guard during Gas Releases to clear a jam. Equipment was still energized. Intervened and applied LOTO. Radio comms were a bit staticky.
OIL-2026-01263,Maintenance Yard,Arc flash occurred during Fire in the main switchgear room. Technician suffered severe electrical burns to face and hands.
OIL-2026-01264,Refinery Unit B,The gauge looked weird during Confined Space. We left it alone.
OIL-2026-01265,Refinery Unit B,Small localized smoldering fire observed during Hot Work hot work. Extinguished immediately with local fire watch.
OIL-2026-01266,Drilling Rig Delta,Received report of incident during Energy Isolation / LOTO. Could not verify details.
OIL-2026-01267,Offshore Platform Alpha,Received report of incident during Housekeeping. Could not verify details.
OIL-2026-01268,Terminal Operations,"Crane slewed unexpectedly during Hot Work, load swung over the pedestrian walkway. Exclusion zone was active, no personnel exposed."
OIL-2026-01269,Maintenance Yard,Major hydrocarbon gas release during PPE observations. Cloud drifted towards hot work area. Emergency shutdown activated immediately.
OIL-2026-01270,Pipeline Sector 4,"While performing Hot Work, a heavy wrench slipped and struck the scaffolding tube near the worker's head. Near miss."
OIL-2026-01271,Offshore Platform Alpha,"Catastrophic failure of lifting gear during Hot Work. 5-ton load dropped 10 meters, striking the deck less than 2 meters from the rigging crew."
OIL-2026-01272,Terminal Operations,Trench collapsed during Energy Isolation / LOTO excavation. Worker was partially buried up to the waist. Rescue team deployed. The contractor was late to the shift.
OIL-2026-01273,Drilling Rig Delta,The gauge looked weird during Hydrocarbon Leaks. We left it alone.
OIL-2026-01274,Offshore Platform Alpha,"Vehicle struck a pedestrian crossing the yard during Lifting Operations. Severe trauma sustained, medevac initiated."
OIL-2026-01275,Pipeline Sector 4,Arc flash occurred during Electrical Hazards in teh main switchgear room. Technician suffered severe electrical burns to face and hands.
OIL-2026-01276,Pipeline Sector 4,Minor oil weepage noticed on valve body during Housekeeping. Cleaned and tightened. We had a safety meeting about this just yesterday.
OIL-2026-01277,Refinery Unit B,Minor oil weepage noticed on valve body during Excavation. Cleaned and tightened.
OIL-2026-01278,Maintenance Yard,"Worker reported feeling unwell after Overpressure. Might be related, might be food poisoning."
OIL-2026-01279,Drilling Rig Delta,"Catastrophic failure of lifting gear during Fire. 5-ton load dropped 10 meters, striking the deck less than 2 meters from the rigging crew."
OIL-2026-01280,Refinery Unit B,"Catastrophic failure of lifting gear during Confined Space. 5-ton load dropped 10 meters, striking the deck less than 2 meters from the rigging crew."
OIL-2026-01281,Maintenance Yard,"During routine Process Upsets inspection, noticed minor debris which was cleared immediately."
OIL-2026-01282,Drilling Rig Delta,Someone said the pressure was high during Housekeeping. Need to investigate further.
OIL-2026-01283,Terminal Operations,Scaffold tag ws red but workers were seen preparing for Hydrocarbon Leaks on it. Intervened before access.
OIL-2026-01284,Refinery Unit B,Worker fell 5 meters during Routine inspections because harness lanyard snapped. Rushed to medical bay with suspected fractures.
OIL-2026-01285,Drilling Rig Delta,Trench collapsed during Routine inspections excavation. Worker was partially buried up to the waist. Rescue team deployed.
OIL-2026-01286,Drilling Rig Delta,Routine Vehicle Movement completed without any safety incidents. (Note: Please fix the AC in the control room it is too hot).
OIL-2026-01287,Terminal Operations,Contractor found entering restricted Lifting Operations area without a valid permit. Escorted out and work stopped.
OIL-2026-01288,Refinery Unit B,"While performing Dropped Objects, a heavy wrench slipped and struck the scaffolding tube near the worker's head. Near miss. (Note: Please fix the AC in the control room it is too hot)."
OIL-2026-01289,Drilling Rig Delta,"Vehicle struck a pedestrian crossing the yard during Hydrocarbon Leaks. Severe trauma sustained, medevac initiated."
OIL-2026-01290,Offshore Platform Alpha,Someone said the pressure was high during Fire. Need to investigate further.
OIL-2026-01291,Pipeline Sector 4,Arc flash occurred during Hot Work in the main switchgear room. Technician suffered severe electrical burns to face and hands.
OIL-2026-01292,Drilling Rig Delta,Completed daily Excavation checks. All parameters normal.
OIL-2026-01293,Drilling Rig Delta,"Crane slewed unexpectedly during Routine inspections, load swung over the pedestrian walkway. Exclusion zone was active, no personnel exposed."
OIL-2026-01294,Terminal Operations,Small localized smoldering fire observed during Lifting Operations hot work. Extinguished immediately with local fire watch.
OIL-2026-01295,Pipeline Sector 4,Scaffold tag was red but workers were seen preparing for Vehicle Movement on it. Intervened before access.
OIL-2026-01296,Pipeline Sector 4,"Catastrophic failure of lifting gear during Confined Space. 5-ton load dropped 10 meters, striking the deck less than 2 meters from the rigging crew. Lunch had just finished."
OIL-2026-01297,Pipeline Sector 4,"Worker reported feeling unwell after Housekeeping. Might be related, might be food poisoning."
OIL-2026-01298,Drilling Rig Delta,Arc flash occurred during Minor maintenance issues in the main switchgear room. Technician suffered severe electrical burns to face and hands.
OIL-2026-01299,Refinery Unit B,"Vehicle struck a pedestrian crossing the yard during Simultaneous Operations. Severe trauma sustained, medevac initiated."
OIL-2026-01300,Offshore Platform Alpha,Worker bypassed machine guard during Simultaneous Operations to clear a jam. Equipment was still energized. Intervened and applied LOTO. (Note: Please fix the AC in the control room it is too hot).
OIL-2026-01301,Terminal Operations,Worker bypassed machine guard during Electrical Hazards to clear a jam. Equipment was still energized. Intervened and applied LOTO. Lunch had just finished.
OIL-2026-01302,Terminal Operations,Trench collapsed during Hot Work excavation. Worker was partially buried up to the waist. Rescue team deployed.
OIL-2026-01303,Terminal Operations,"During Energy Isolation / LOTO, LEL alarms triggered at 10%. Work stopped and area ventilated. Radio comms were a bit staticky."
OIL-2026-01304,Terminal Operations,Minor oil weepage noticed on valve body during Working at Height. Cleaned and tightened. The shift ws almost over.
OIL-2026-01305,Offshore Platform Alpha,Worker fell 5 meters during Vehicle Movement because harness lanyard snapped. Rushed to medical bay with suspected fractures.
OIL-2026-01306,Maintenance Yard,"While performing Confined Space, a heavy wrench slipped and struck the scaffolding tube near the worker's head. Near miss."
OIL-2026-01307,Maintenance Yard,Fire extinguisher tag missing in the Gas Releases zone. Replaced by safety officer.
OIL-2026-01308,Drilling Rig Delta,Found some fluid on the deck near Lifting Operations. Not sure if water or oil.
OIL-2026-01309,Pipeline Sector 4,Worker observed not wearing full PPE during Gas Releases in the safe zone. Reminded and complied.
OIL-2026-01310,Pipeline Sector 4,Handrail paint was peeling near the Process Upsets sector. Maintenance request submitted.
OIL-2026-01311,Drilling Rig Delta,"During Confined Space, LEL alarms triggered at 10%. Work stopped and area ventilated."
OIL-2026-01312,Offshore Platform Alpha,Contractor reminded to use three points of contact on stairs near Hot Work unit. (Note: Please fix the AC in the control room it is too hot).
OIL-2026-01313,Offshore Platform Alpha,Worker fell 5 meters during Housekeeping because harness lanyard snapped. Rushed to medical bay with suspected fractures.
OIL-2026-01314,Refinery Unit B,"Loud bang heard near PPE observations unit, but no damage found and no one saw anything."
OIL-2026-01315,Pipeline Sector 4,"Worker reported feeling unwell after Minor maintenance issues. Might be related, might be food poisoning. (Note: Please fix the AC in the control room it is too hot)."
OIL-2026-01316,Offshore Platform Alpha,"While performing Simultaneous Operations, a heavy wrench slipped and struck the scaffolding tube near the worker's head. Near miss."
OIL-2026-01317,Offshore Platform Alpha,Arc flash occurred during Gas Releases in the main switchgear room. Technician suffered severe electrical burns to face and hands.
OIL-2026-01318,Pipeline Sector 4,"During Hydrocarbon Leaks, LEL alarms triggered at 10%. Work stopped and area ventilated. The contractor was late to the shift."
OIL-2026-01319,Offshore Platform Alpha,Scaffold tag was red but workers were seen preparing for Energy Isolation / LOTO on it. Intervened before access. It was raining heavily at the time.
OIL-2026-01320,Offshore Platform Alpha,Handrail paint was peeling near the Overpressure sector. Maintenance request submitted.
OIL-2026-01321,Maintenance Yard,Contractor dropped something during Excavation. Didn't see what it was.
OIL-2026-01322,Maintenance Yard,"Catastrophic failure of lifting gear during Process Upsets. 5-ton load dropped 10 meters, striking the deck less than 2 meters from the rigging crew."
OIL-2026-01323,Offshore Platform Alpha,"During routine Simultaneous Operations inspection, noticed minor debris which was cleared immediately."
OIL-2026-01324,Refinery Unit B,Worker observed not wearing full PPE during Minor maintenance issues in the safe zone. Reminded and complied.
OIL-2026-01325,Refinery Unit B,Slight trip hazard identified at Overpressure location due to uneven grating. Marked with high-viz tape. (Note: Please fix the AC in the control room it is too hot).
OIL-2026-01326,Maintenance Yard,Walkway obstructed by empty pallets near Dropped Objects area. Removed by housekeeping.
OIL-2026-01327,Drilling Rig Delta,Slight trip hazard identified at Working at Height location due to uneven grating. Marked with high-viz tape.
OIL-2026-01328,Maintenance Yard,"Catastrophic failure of lifting gear during Working at Height. 5-ton load dropped 10 meters, striking the deck less than 2 meters from the rigging crew."
OIL-2026-01329,Maintenance Yard,Handrail paint was peeling near the Process Upsets sector. Maintenance request submitted.
OIL-2026-01330,Pipeline Sector 4,Contractor reminded to use three points of contact on stairs near Dropped Objects unit.
OIL-2026-01331,Maintenance Yard,Contractor found entering restricted Lifting Operations area without a valid permit. Escorted out and work stopped.
OIL-2026-01332,Drilling Rig Delta,"Vehicle struck a pedestrian crossing the yard during Gas Releases. Severe trauma sustained, medevac initiated."
OIL-2026-01333,Maintenance Yard,Handrail paint was peeling near the Excavation sector. Maintenance request submitted.
OIL-2026-01334,Offshore Platform Alpha,"During routine Lifting Operations inspection, noticed minor debris which ws cleared immediately."
OIL-2026-01335,Drilling Rig Delta,Worker bypassed machine guard during Overpressure to clear a jam. Equipment was still energized. Intervened and applied LOTO.
OIL-2026-01336,Pipeline Sector 4,"While performing PPE observations, a heavy wrench slipped and struck the scaffolding tube near the worker's head. Near miss."
OIL-2026-01337,Refinery Unit B,Small localized smoldering fire observed during Fire hot work. Extinguished immediately with local fire watch.
OIL-2026-01338,Pipeline Sector 4,"Catastrophic failure of lifting gear during Working at Height. 5-ton load dropped 10 meters, striking the deck less than 2 meters from the rigging crew."
OIL-2026-01339,Terminal Operations,Contractor dropped something during Working at Height. Didn't see what it was.
OIL-2026-01340,Refinery Unit B,The gauge looked weird during Routine inspections. We left it alone.
OIL-2026-01341,Drilling Rig Delta,"Catastrophic failure of lifting gear during Fire. 5-ton load dropped 10 meters, striking the deck less than 2 meters from the rigging crew."
OIL-2026-01342,Offshore Platform Alpha,"Crane slewed unexpectedly during Working at Height, load swung over the pedestrian walkway. Exclusion zone was active, no personnel exposed."
OIL-2026-01343,Drilling Rig Delta,Trench collapsed during Minor maintenance issues excavation. Worker was partially buried up to the waist. Rescue team deployed.
OIL-2026-01344,Refinery Unit B,"During Routine inspections, LEL alarms triggered at 10%. Work stopped and area ventilated. Lunch had just finished."
OIL-2026-01345,Terminal Operations,Walkway obstructed by empty pallets near Minor maintenance issues area. Removed by housekeeping.
OIL-2026-01346,Drilling Rig Delta,The gauge looked weird during Working at Height. We left it alone.
OIL-2026-01347,Drilling Rig Delta,"While performing Electrical Hazards, a heavy wrench slipped and struck the scaffolding tube near the worker's head. Near miss."
OIL-2026-01348,Offshore Platform Alpha,"Worker reported feeling unwell after Gas Releases. Might be related, might be food poisoning."
OIL-2026-01349,Drilling Rig Delta,Worker bypassed machine guard during Electrical Hazards to clear a jam. Equipment was still energized. Intervened and applied LOTO.
OIL-2026-01350,Pipeline Sector 4,"Worker reported feeling unwell after Chemical Exposure. Might be related, might be food poisoning."
OIL-2026-01351,Refinery Unit B,Found some fluid on the deck near Confined Space. Not sure if water or oil.
OIL-2026-01352,Terminal Operations,"Catastrophic failure of lifting gear during Overpressure. 5-ton load dropped 10 meters, striking the deck less than 2 meters from the rigging crew."
OIL-2026-01353,Maintenance Yard,"During routine Hot Work inspection, noticed minor debris which was cleared immediately."
OIL-2026-01354,Terminal Operations,Major hydrocarbon gas release during Gas Releases. Cloud drifted towards hot work area. Emergency shutdown activated immediately.
OIL-2026-01355,Maintenance Yard,Trench collapsed during Gas Releases excavation. Worker was partially buried up to the waist. Rescue team deployed.
OIL-2026-01356,Offshore Platform Alpha,Worker bypassed machine guard during Hot Work to clear a jam. Equipment ws still energized. Intervened and applied LOTO.
OIL-2026-01357,Refinery Unit B,Major hydrocarbon gas release during Process Upsets. Cloud drifted towards hot work area. Emergency shutdown activated immediately.
OIL-2026-01358,Offshore Platform Alpha,Received report of incident during Electrical Hazards. Could not verify details.
OIL-2026-01359,Maintenance Yard,Found some fluid on the deck near Energy Isolation / LOTO. Not sure if water or oil. The shift was almost over.
OIL-2026-01360,Pipeline Sector 4,Trench collapsed during Excavation excavation. Worker was partially buried up to the waist. Rescue team deployed.
OIL-2026-01361,Drilling Rig Delta,Completed daily Overpressure checks. All parameters normal.
OIL-2026-01362,Offshore Platform Alpha,Trench collapsed during Electrical Hazards excavation. Worker was partially buried up to the waist. Rescue team deployed.
OIL-2026-01363,Maintenance Yard,Found some fluid on the deck near Confined Space. Not sure if water or oil.
OIL-2026-01364,Maintenance Yard,Someone said the pressure was high during Housekeeping. Need to investigate further.
OIL-2026-01365,Terminal Operations,Minor oil weepage noticed on valve body during Excavation. Cleaned and tightened.
OIL-2026-01366,Refinery Unit B,Scaffold tag was red but workers were seen preparing for Housekeeping on it. Intervened before access.
OIL-2026-01367,Offshore Platform Alpha,Found some fluid on the deck near Hydrocarbon Leaks. Not sure if water or oil.
OIL-2026-01368,Maintenance Yard,"While performing Lifting Operations, a heavy wrench slipped and struck the scaffolding tube near the worker's head. Near miss."
OIL-2026-01369,Refinery Unit B,Major hydrocarbon gas release during Overpressure. Cloud drifted towards hot work area. Emergency shutdown activated immediately. The supervisor was not present.
OIL-2026-01370,Pipeline Sector 4,Worker fell 5 meters during Gas Releases because harness lanyard snapped. Rushed to medical bay with suspected fractures.
OIL-2026-01371,Refinery Unit B,Scaffold tag was red but workers were seen preparing for Gas Releases on it. Intervened before access.
OIL-2026-01372,Refinery Unit B,"Worker reported feeling unwell after Energy Isolation / LOTO. Might be related, might be food poisoning."
OIL-2026-01373,Terminal Operations,"Crane slewed unexpectedly during Electrical Hazards, load swung over the pedestrian walkway. Exclusion zone was active, no personnel exposed."
OIL-2026-01374,Offshore Platform Alpha,Worker fell 5 meters during Process Upsets because harness lanyard snapped. Rushed to medical bay with suspected fractures.
OIL-2026-01375,Pipeline Sector 4,Handrail paint was peeling near the Confined Space sector. Maintenance request submitted. The contractor was late to the shift.
OIL-2026-01376,Refinery Unit B,Contractor dropped something during Minor maintenance issues. Didn't see what it was.
OIL-2026-01377,Terminal Operations,"Loud bang heard near Dropped Objects unit, but no damage found and no one saw anything."
OIL-2026-01378,Offshore Platform Alpha,Worker fell 5 meters during Excavation because harness lanyard snapped. Rushed to medical bay with suspected fractures. Lunch had just finished.
OIL-2026-01379,Terminal Operations,"Worker reported feeling unwell after Lifting Operations. Might be related, might be food poisoning."
OIL-2026-01380,Drilling Rig Delta,Arc flash occurred during Hydrocarbon Leaks in the main switchgear room. Technician suffered severe electrical burns to face and hands.
OIL-2026-01381,Drilling Rig Delta,Contractor dropped something during Housekeeping. Didn't see what it was.
OIL-2026-01382,Pipeline Sector 4,"Loud bang heard near Lifting Operations unit, but no damage found and no one saw anything."
OIL-2026-01383,Offshore Platform Alpha,Small localized smoldering fire observed during Gas Releases hot work. Extinguished immediately with local fire watch.
OIL-2026-01384,Refinery Unit B,Worker fell 5 meters during Minor maintenance issues because harness lanyard snapped. Rushed to medical bay with suspected fractures.
OIL-2026-01385,Maintenance Yard,Routine Energy Isolation / LOTO completed without any safety incidents.
OIL-2026-01386,Maintenance Yard,"Vehicle struck a pedestrian crossing the yard during Vehicle Movement. Severe trauma sustained, medevac initiated. I didn't have my glasses on but I saw it happen."
OIL-2026-01387,Maintenance Yard,"Worker reported feeling unwell after Housekeeping. Might be related, might be food poisoning."
OIL-2026-01388,Pipeline Sector 4,Slight trip hazard identified at Housekeeping location due to uneven grating. Marked with high-viz tape. We had a safety meeting about this just yesterday.
OIL-2026-01389,Maintenance Yard,Worker bypassed machine guard during Simultaneous Operations to clear a jam. Equipment was still energized. Intervened and applied LOTO.
OIL-2026-01390,Refinery Unit B,"Crane slewed unexpectedly during Vehicle Movement, load swung over the pedestrian walkway. Exclusion zone was active, no personnel exposed."
OIL-2026-01391,Terminal Operations,Fire extinguisher tag missing in the Hydrocarbon Leaks zone. Replaced by safety officer.
OIL-2026-01392,Maintenance Yard,Minor oil weepage noticed on valve body during Confined Space. Cleaned and tightened.
OIL-2026-01393,Pipeline Sector 4,"During routine Minor maintenance issues inspection, noticed minor debris which was cleared immediately."
OIL-2026-01394,Terminal Operations,Fire extinguisher tag missing in the Overpressure zone. Replaced by safety officer.
OIL-2026-01395,Terminal Operations,Slight trip hazard identified at Dropped Objects location due to uneven grating. Marked with high-viz tape.
OIL-2026-01396,Terminal Operations,Trench collapsed during Hydrocarbon Leaks excavation. Worker was partially buried up to the waist. Rescue team deployed.
OIL-2026-01397,Terminal Operations,"Catastrophic failure of lifting gear during Hot Work. 5-ton load dropped 10 meters, striking the deck less than 2 meters from the rigging crew. It was raining heavily at the time."
OIL-2026-01398,Drilling Rig Delta,Someone said the pressure was high during Gas Releases. Need to investigate further.
OIL-2026-01399,Drilling Rig Delta,"Vehicle struck a pedestrian crossing the yard during Vehicle Movement. Severe trauma sustained, medevac initiated."
OIL-2026-01400,Terminal Operations,"While performing Chemical Exposure, a heavy wrench slipped and struck the scaffolding tube near the worker's head. Near miss."
OIL-2026-01401,Offshore Platform Alpha,Arc flash occurred during Process Upsets in the main switchgear room. Technician suffered severe electrical burns to face and hands.
OIL-2026-01402,Drilling Rig Delta,Minor oil weepage noticed on valve body during Housekeeping. Cleaned and tightened.
OIL-2026-01403,Pipeline Sector 4,"Crane slewed unexpectedly during Simultaneous Operations, load swung over the pedestrian walkway. Exclusion zone was active, no personnel exposed."
OIL-2026-01404,Refinery Unit B,Scaffold tag was red but workers were seen preparing for Electrical Hazards on it. Intervened before access.
OIL-2026-01405,Offshore Platform Alpha,Walkway obstructed by empty pallets near Overpressure area. Removed by housekeeping.
OIL-2026-01406,Pipeline Sector 4,Minor oil weepage noticed on valve body during Minor maintenance issues. Cleaned and tightened.
OIL-2026-01407,Pipeline Sector 4,Major hydrocarbon gas release during Fire. Cloud drifted towards hot work area. Emergency shutdown activated immediately.
OIL-2026-01408,Offshore Platform Alpha,Major hydrocarbon gas release during PPE observations. Cloud drifted towards hot work area. Emergency shutdown activated immediately.
OIL-2026-01409,Maintenance Yard,Major hydrocarbon gas release during Lifting Operations. Cloud drifted towards hot work area. Emergency shutdown activated immediately.
OIL-2026-01410,Maintenance Yard,Small localized smoldering fire observed during Process Upsets hot work. Extinguished immediately with local fire watch.
OIL-2026-01411,Drilling Rig Delta,Worker observed not wearing full PPE during Simultaneous Operations in the safe zone. Reminded and complied.
OIL-2026-01412,Drilling Rig Delta,Worker fell 5 meters during Confined Space because harness lanyard snapped. Rushed to medical bay with suspected fractures. (Note: Please fix the AC in the control room it is too hot).
OIL-2026-01413,Refinery Unit B,"During Working at Height, LEL alarms triggered at 10%. Work stopped and area ventilated. The shift was almost over."
OIL-2026-01414,Offshore Platform Alpha,Worker observed not wearing full PPE during Housekeeping in the safe zone. Reminded and complied.
OIL-2026-01415,Pipeline Sector 4,"Worker reported feeling unwell after Overpressure. Might be related, might be food poisoning. The contractor was late to the shift."
OIL-2026-01416,Refinery Unit B,Fire extinguisher tag missing in the Confined Space zone. Replaced by safety officer.
OIL-2026-01417,Refinery Unit B,Arc flash occurred during Hydrocarbon Leaks in the main switchgear room. Technician suffered severe electrical burns to face and hands.
OIL-2026-01418,Terminal Operations,"Crane slewed unexpectedly during Hydrocarbon Leaks, load swung over the pedestrian walkway. Exclusion zone was active, no personnel exposed."
OIL-2026-01419,Refinery Unit B,"Worker reported feeling unwell after Lifting Operations. Might be related, might be food poisoning. The shift was almost over."
OIL-2026-01420,Drilling Rig Delta,Worker bypassed machine guard during Minor maintenance issues to clear a jam. Equipment was still energized. Intervened and applied LOTO.
OIL-2026-01421,Terminal Operations,Someone said the pressure was high during Electrical Hazards. Need to investigate further.
OIL-2026-01422,Drilling Rig Delta,Fire extinguisher tag missing in the Dropped Objects zone. Replaced by safety officer.
OIL-2026-01423,Drilling Rig Delta,Minor oil weepage noticed on valve body during Process Upsets. Cleaned and tightened.
OIL-2026-01424,Terminal Operations,Worker fell 5 meters during Excavation because harness lanyard snapped. Rushed to medical bay with suspected fractures.
OIL-2026-01425,Maintenance Yard,"Crane slewed unexpectedly during Confined Space, load swung over the pedestrian walkway. Exclusion zone was active, no personnel exposed."
OIL-2026-01426,Terminal Operations,Received report of incident during Fire. Could not verify details.
OIL-2026-01427,Offshore Platform Alpha,Routine Dropped Objects completed without any safety incidents.
OIL-2026-01428,Refinery Unit B,"Worker reported feeling unwell after Electrical Hazards. Might be related, might be food poisoning."
OIL-2026-01429,Drilling Rig Delta,Routine Working at Height completed without any safety incidents. Lunch had just finished.
OIL-2026-01430,Pipeline Sector 4,Worker observed not wearing full PPE during Electrical Hazards in the safe zone. Reminded and complied. The supervisor was not present.
OIL-2026-01431,Refinery Unit B,Contractor dropped something during Chemical Exposure. Didn't see what it was. It was raining heavily at the time.
OIL-2026-01432,Refinery Unit B,Fire extinguisher tag missing in the PPE observations zone. Replaced by safety officer. It was raining heavily at the time.
OIL-2026-01433,Maintenance Yard,Walkway obstructed by empty pallets near Dropped Objects area. Removed by housekeeping.
OIL-2026-01434,Drilling Rig Delta,Contractor dropped something during Energy Isolation / LOTO. Didn't see what it was.
OIL-2026-01435,Maintenance Yard,Small localized smoldering fire observed during Hot Work hot work. Extinguished immediately with local fire watch.
OIL-2026-01436,Refinery Unit B,Contractor dropped something during Process Upsets. Didn't see what it was.
OIL-2026-01437,Refinery Unit B,"Worker reported feeling unwell after Working at Height. Might be related, might be food poisoning. It was raining heavily at the time."
OIL-2026-01438,Drilling Rig Delta,"Crane slewed unexpectedly during Confined Space, load swung over teh pedestrian walkway. Exclusion zone ws active, no personnel exposed."
OIL-2026-01439,Terminal Operations,Received report of incident during Dropped Objects. Could not verify details.
OIL-2026-01440,Pipeline Sector 4,Completed daily Vehicle Movement checks. All parameters normal.
OIL-2026-01441,Pipeline Sector 4,Received report of incident during Vehicle Movement. Could not verify details.
OIL-2026-01442,Drilling Rig Delta,Small localized smoldering fire observed during Working at Height hot work. Extinguished immediately with local fire watch.
OIL-2026-01443,Maintenance Yard,Major hydrocarbon gas release during Routine inspections. Cloud drifted towards hot work area. Emergency shutdown activated immediately. The supervisor was not present.
OIL-2026-01444,Maintenance Yard,Contractor reminded to use three points of contact on stairs near Hot Work unit.
OIL-2026-01445,Pipeline Sector 4,Found some fluid on the deck near Hot Work. Not sure if water or oil.
OIL-2026-01446,Drilling Rig Delta,Scaffold tag was red but workers were seen preparing for Lifting Operations on it. Intervened before access. We had a safety meeting about this just yesterday.
OIL-2026-01447,Pipeline Sector 4,"During routine Gas Releases inspection, noticed minor debris which was cleared immediately."
OIL-2026-01448,Offshore Platform Alpha,"While performing Excavation, a heavy wrench slipped and struck the scaffolding tube near the worker's head. Near miss."
OIL-2026-01449,Terminal Operations,Walkway obstructed by empty pallets near Overpressure area. Removed by housekeeping.
OIL-2026-01450,Refinery Unit B,Minor oil weepage noticed on valve body during Vehicle Movement. Cleaned and tightened.
OIL-2026-01451,Terminal Operations,Arc flash occurred during Routine inspections in the main switchgear room. Technician suffered severe electrical burns to face and hands.
OIL-2026-01452,Terminal Operations,Contractor reminded to use three points of contact on stairs near Energy Isolation / LOTO unit.
OIL-2026-01453,Maintenance Yard,"Vehicle struck a pedestrian crossing the yard during Excavation. Severe trauma sustained, medevac initiated."
OIL-2026-01454,Maintenance Yard,Contractor dropped something during Excavation. Didn't see what it was.
OIL-2026-01455,Pipeline Sector 4,Major hydrocarbon gas release during Housekeeping. Cloud drifted towards hot work area. Emergency shutdown activated immediately. It ws raining heavily at teh time.
OIL-2026-01456,Refinery Unit B,Received report of incident during Vehicle Movement. Could not verify details.
OIL-2026-01457,Refinery Unit B,Found some fluid on the deck near Dropped Objects. Not sure if water or oil.
OIL-2026-01458,Drilling Rig Delta,"Worker reported feeling unwell after Confined Space. Might be related, might be food poisoning."
OIL-2026-01459,Maintenance Yard,"Loud bang heard near Overpressure unit, but no damage found and no one saw anything."
OIL-2026-01460,Terminal Operations,Routine Vehicle Movement completed without any safety incidents.
OIL-2026-01461,Drilling Rig Delta,Slight trip hazard identified at Dropped Objects location due to uneven grating. Marked with high-viz tape.
OIL-2026-01462,Offshore Platform Alpha,Slight trip hazard identified at Lifting Operations location due to uneven grating. Marked with high-viz tape. The shift was almost over.
OIL-2026-01463,Refinery Unit B,Trench collapsed during Hydrocarbon Leaks excavation. Worker was partially buried up to the waist. Rescue team deployed.
OIL-2026-01464,Maintenance Yard,Routine Electrical Hazards completed without any safety incidents.
OIL-2026-01465,Refinery Unit B,Minor oil weepage noticed on valve body during Gas Releases. Cleaned and tightened.
OIL-2026-01466,Pipeline Sector 4,The gauge looked weird during Housekeeping. We left it alone.
OIL-2026-01467,Maintenance Yard,Arc flash occurred during Fire in the main switchgear room. Technician suffered severe electrical burns to face and hands.
OIL-2026-01468,Refinery Unit B,Received report of incident during Energy Isolation / LOTO. Could not verify details.
OIL-2026-01469,Drilling Rig Delta,"Vehicle struck a pedestrian crossing the yard during Chemical Exposure. Severe trauma sustained, medevac initiated."
OIL-2026-01470,Refinery Unit B,Small localized smoldering fire observed during Energy Isolation / LOTO hot work. Extinguished immediately with local fire watch.
OIL-2026-01471,Terminal Operations,"During routine Fire inspection, noticed minor debris which was cleared immediately."
OIL-2026-01472,Drilling Rig Delta,Contractor found entering restricted Lifting Operations area without a valid permit. Escorted out and work stopped.
OIL-2026-01473,Pipeline Sector 4,"Catastrophic failure of lifting gear during Working at Height. 5-ton load dropped 10 meters, striking the deck less than 2 meters from the rigging crew."
OIL-2026-01474,Pipeline Sector 4,Worker observed not wearing full PPE during Minor maintenance issues in the safe zone. Reminded and complied.
OIL-2026-01475,Maintenance Yard,Someone said the pressure was high during Overpressure. Need to investigate further.
OIL-2026-01476,Drilling Rig Delta,Contractor found entering restricted Process Upsets area without a valid permit. Escorted out and work stopped.
OIL-2026-01477,Refinery Unit B,"Vehicle struck a pedestrian crossing the yard during Hot Work. Severe trauma sustained, medevac initiated."
OIL-2026-01478,Refinery Unit B,Fire extinguisher tag missing in teh Vehicle Movement zone. Replaced by safety officer.
OIL-2026-01479,Drilling Rig Delta,"Catastrophic failure of lifting gear during Working at Height. 5-ton load dropped 10 meters, striking the deck less than 2 meters from the rigging crew. The shift was almost over."
OIL-2026-01480,Refinery Unit B,Minor oil weepage noticed on valve body during Overpressure. Cleaned and tightened. Lunch had just finished.
OIL-2026-01481,Refinery Unit B,Worker observed not wearing full PPE during Housekeeping in the safe zone. Reminded and complied.
OIL-2026-01482,Pipeline Sector 4,Contractor dropped something during Dropped Objects. Didn't see what it was.
OIL-2026-01483,Terminal Operations,Worker observed not wearing full PPE during Routine inspections in the safe zone. Reminded and complied.
OIL-2026-01484,Pipeline Sector 4,Someone said the pressure was high during Hot Work. Need to investigate further. It was raining heavily at the time.
OIL-2026-01485,Offshore Platform Alpha,"During routine Hot Work inspection, noticed minor debris which was cleared immediately. It was raining heavily at the time."
OIL-2026-01486,Terminal Operations,Contractor dropped something during Housekeeping. Didn't see what it was. (Note: Please fix the AC in the control room it is too hot).
OIL-2026-01487,Drilling Rig Delta,Major hydrocarbon gas release during Simultaneous Operations. Cloud drifted towards hot work area. Emergency shutdown activated immediately.
OIL-2026-01488,Pipeline Sector 4,Worker fell 5 meters during Gas Releases because harness lanyard snapped. Rushed to medical bay with suspected fractures.
OIL-2026-01489,Drilling Rig Delta,Scaffold tag ws red but workers were seen preparing for Fire on it. Intervened before access.
OIL-2026-01490,Terminal Operations,"During routine Lifting Operations inspection, noticed minor debris which was cleared immediately."
OIL-2026-01491,Pipeline Sector 4,Major hydrocarbon gas release during Excavation. Cloud drifted towards hot work area. Emergency shutdown activated immediately.
OIL-2026-01492,Terminal Operations,"While performing Vehicle Movement, a heavy wrench slipped and struck the scaffolding tube near the worker's head. Near miss."
OIL-2026-01493,Refinery Unit B,Contractor dropped something during Fire. Didn't see what it was. We had a safety meeting about this just yesterday.
OIL-2026-01494,Pipeline Sector 4,"Hydraulic hose burst during Process Upsets, spraying fluid across the deck. Operator was wearing face shield, no injury."
OIL-2026-01495,Drilling Rig Delta,"Vehicle struck a pedestrian crossing the yard during Hot Work. Severe trauma sustained, medevac initiated."
OIL-2026-01496,Offshore Platform Alpha,Found some fluid on the deck near Housekeeping. Not sure if water or oil.
OIL-2026-01497,Pipeline Sector 4,Someone said the pressure was high during Confined Space. Need to investigate further.
OIL-2026-01498,Refinery Unit B,Received report of incident during Electrical Hazards. Could not verify details.
OIL-2026-01499,Refinery Unit B,Received report of incident during Confined Space. Could not verify details.
OIL-2026-01500,Terminal Operations,Arc flash occurred during Gas Releases in the main switchgear room. Technician suffered severe electrical burns to face and hands.
OIL-2026-01501,Pipeline Sector 4,"During Hot Work, LEL alarms triggered at 10%. Work stopped and area ventilated."
OIL-2026-01502,Maintenance Yard,Contractor dropped something during Gas Releases. Didn't see what it was.
OIL-2026-01503,Drilling Rig Delta,"Worker reported feeling unwell after Gas Releases. Might be related, might be food poisoning."
OIL-2026-01504,Offshore Platform Alpha,Fire extinguisher tag missing in the PPE observations zone. Replaced by safety officer.
OIL-2026-01505,Refinery Unit B,Worker observed not wearing full PPE during Hot Work in the safe zone. Reminded and complied.
OIL-2026-01506,Maintenance Yard,Scaffold tag was red but workers were seen preparing for Hot Work on it. Intervened before access. We had a safety meeting about this just yesterday.
OIL-2026-01507,Pipeline Sector 4,"While performing Hydrocarbon Leaks, a heavy wrench slipped and struck the scaffolding tube near the worker's head. Near miss."
OIL-2026-01508,Refinery Unit B,Major hydrocarbon gas release during Gas Releases. Cloud drifted towards hot work area. Emergency shutdown activated immediately.
OIL-2026-01509,Pipeline Sector 4,"Crane slewed unexpectedly during Routine inspections, load swung over the pedestrian walkway. Exclusion zone was active, no personnel exposed. It was raining heavily at the time."
OIL-2026-01510,Maintenance Yard,Walkway obstructed by empty pallets near Hydrocarbon Leaks area. Removed by housekeeping.
OIL-2026-01511,Drilling Rig Delta,Completed daily Energy Isolation / LOTO checks. All parameters normal.
OIL-2026-01512,Terminal Operations,"Worker reported feeling unwell after Minor maintenance issues. Might be related, might be food poisoning."
OIL-2026-01513,Drilling Rig Delta,"While performing Process Upsets, a heavy wrench slipped and struck the scaffolding tube near the worker's head. Near miss."
OIL-2026-01514,Refinery Unit B,The gauge looked weird during Excavation. We left it alone.
OIL-2026-01515,Refinery Unit B,Major hydrocarbon gas release during Process Upsets. Cloud drifted towards hot work area. Emergency shutdown activated immediately.
OIL-2026-01516,Terminal Operations,Arc flash occurred during PPE observations in the main switchgear room. Technician suffered severe electrical burns to face and hands.
OIL-2026-01517,Drilling Rig Delta,"Catastrophic failure of lifting gear during Process Upsets. 5-ton load dropped 10 meters, striking the deck less than 2 meters from the rigging crew."
OIL-2026-01518,Maintenance Yard,Arc flash occurred during PPE observations in the main switchgear room. Technician suffered severe electrical burns to face and hands. We had a safety meeting about this just yesterday.
OIL-2026-01519,Maintenance Yard,"Vehicle struck a pedestrian crossing the yard during Energy Isolation / LOTO. Severe trauma sustained, medevac initiated."
OIL-2026-01520,Drilling Rig Delta,Someone said the pressure was high during Simultaneous Operations. Need to investigate further.
OIL-2026-01521,Drilling Rig Delta,Someone said the pressure was high during Working at Height. Need to investigate further.
OIL-2026-01522,Refinery Unit B,Arc flash occurred during Lifting Operations in the main switchgear room. Technician suffered severe electrical burns to face and hands.
OIL-2026-01523,Offshore Platform Alpha,Major hydrocarbon gas release during Hot Work. Cloud drifted towards hot work area. Emergency shutdown activated immediately.
OIL-2026-01524,Refinery Unit B,The gauge looked weird during Housekeeping. We left it alone.
OIL-2026-01525,Terminal Operations,"Crane slewed unexpectedly during Process Upsets, load swung over the pedestrian walkway. Exclusion zone was active, no personnel exposed. The supervisor was not present."
OIL-2026-01526,Drilling Rig Delta,Small localized smoldering fire observed during Dropped Objects hot work. Extinguished immediately with local fire watch.
OIL-2026-01527,Terminal Operations,Small localized smoldering fire observed during Electrical Hazards hot work. Extinguished immediately with local fire watch.
OIL-2026-01528,Maintenance Yard,Received report of incident during Hot Work. Could not verify details. (Note: Please fix the AC in the control room it is too hot).
OIL-2026-01529,Maintenance Yard,Worker bypassed machine guard during Minor maintenance issues to clear a jam. Equipment was still energized. Intervened and applied LOTO.
OIL-2026-01530,Refinery Unit B,The gauge looked weird during Simultaneous Operations. We left it alone.
OIL-2026-01531,Refinery Unit B,The gauge looked weird during Confined Space. We left it alone.
OIL-2026-01532,Maintenance Yard,Fire extinguisher tag missing in the Working at Height zone. Replaced by safety officer.
OIL-2026-01533,Drilling Rig Delta,Completed daily Housekeeping checks. All parameters normal.
OIL-2026-01534,Maintenance Yard,The gauge looked weird during Vehicle Movement. We left it alone.
OIL-2026-01535,Refinery Unit B,Worker bypassed machine guard during Working at Height to clear a jam. Equipment was still energized. Intervened and applied LOTO.
OIL-2026-01536,Offshore Platform Alpha,"Hydraulic hose burst during Dropped Objects, spraying fluid across the deck. Operator was wearing face shield, no injury."
OIL-2026-01537,Refinery Unit B,Found some fluid on the deck near Hot Work. Not sure if water or oil.
OIL-2026-01538,Maintenance Yard,Walkway obstructed by empty pallets near Working at Height area. Removed by housekeeping.
OIL-2026-01539,Pipeline Sector 4,"Vehicle struck a pedestrian crossing the yard during Hydrocarbon Leaks. Severe trauma sustained, medevac initiated."
OIL-2026-01540,Drilling Rig Delta,Scaffold tag was red but workers were seen preparing for Housekeeping on it. Intervened before access.
OIL-2026-01541,Refinery Unit B,"Loud bang heard near Energy Isolation / LOTO unit, but no damage found and no one saw anything. Lunch had just finished."
OIL-2026-01542,Refinery Unit B,Trench collapsed during Routine inspections excavation. Worker was partially buried up to the waist. Rescue team deployed.
OIL-2026-01543,Drilling Rig Delta,"Hydraulic hose burst during Overpressure, spraying fluid across the deck. Operator was wearing face shield, no injury."
OIL-2026-01544,Drilling Rig Delta,Arc flash occurred during Process Upsets in the main switchgear room. Technician suffered severe electrical burns to face and hands. Radio comms were a bit staticky.
OIL-2026-01545,Drilling Rig Delta,Received report of incident during Vehicle Movement. Could not verify details.
OIL-2026-01546,Maintenance Yard,Scaffold tag was red but workers were seen preparing for Vehicle Movement on it. Intervened before access.
OIL-2026-01547,Pipeline Sector 4,"During Overpressure, LEL alarms triggered at 10%. Work stopped and area ventilated."
OIL-2026-01548,Drilling Rig Delta,"Loud bang heard near Routine inspections unit, but no damage found and no one saw anything. The contractor was late to the shift."
OIL-2026-01549,Terminal Operations,Scaffold tag was red but workers were seen preparing for Confined Space on it. Intervened before access.
OIL-2026-01550,Refinery Unit B,Worker fell 5 meters during Lifting Operations because harness lanyard snapped. Rushed to medical bay with suspected fractures.
OIL-2026-01551,Pipeline Sector 4,Worker observed not wearing full PPE during Hot Work in the safe zone. Reminded and complied. Radio comms were a bit staticky.
OIL-2026-01552,Terminal Operations,The gauge looked weird during Fire. We left it alone.
OIL-2026-01553,Refinery Unit B,"During Energy Isolation / LOTO, LEL alarms triggered at 10%. Work stopped and area ventilated."
OIL-2026-01554,Pipeline Sector 4,Contractor reminded to use three points of contact on stairs near PPE observations unit.
OIL-2026-01555,Drilling Rig Delta,"While performing Chemical Exposure, a heavy wrench slipped and struck the scaffolding tube near the worker's head. Near miss."
OIL-2026-01556,Drilling Rig Delta,Found some fluid on teh deck near Process Upsets. Not sure if water or oil.
OIL-2026-01557,Pipeline Sector 4,"Crane slewed unexpectedly during Fire, load swung over the pedestrian walkway. Exclusion zone was active, no personnel exposed."
OIL-2026-01558,Pipeline Sector 4,Contractor dropped something during Fire. Didn't see what it was.
OIL-2026-01559,Terminal Operations,Contractor found entering restricted Excavation area without a valid permit. Escorted out and work stopped.
OIL-2026-01560,Refinery Unit B,Worker observed not wearing full PPE during Gas Releases in teh safe zone. Reminded and complied.
OIL-2026-01561,Pipeline Sector 4,Trench collapsed during Dropped Objects excavation. Worker was partially buried up to the waist. Rescue team deployed. Radio comms were a bit staticky.
OIL-2026-01562,Refinery Unit B,Arc flash occurred during Working at Height in the main switchgear room. Technician suffered severe electrical burns to face and hands.
OIL-2026-01563,Maintenance Yard,Contractor reminded to use three points of contact on stairs near Housekeeping unit.
OIL-2026-01564,Terminal Operations,The gauge looked weird during Working at Height. We left it alone.
OIL-2026-01565,Refinery Unit B,The gauge looked weird during Housekeeping. We left it alone.
OIL-2026-01566,Maintenance Yard,"Crane slewed unexpectedly during Housekeeping, load swung over the pedestrian walkway. Exclusion zone was active, no personnel exposed. We had a safety meeting about this just yesterday."
OIL-2026-01567,Offshore Platform Alpha,Fire extinguisher tag missing in the Energy Isolation / LOTO zone. Replaced by safety officer.
OIL-2026-01568,Terminal Operations,Contractor reminded to use three points of contact on stairs near Excavation unit.
OIL-2026-01569,Maintenance Yard,Routine Hydrocarbon Leaks completed without any safety incidents.
OIL-2026-01570,Pipeline Sector 4,Contractor reminded to use three points of contact on stairs near Hydrocarbon Leaks unit.
OIL-2026-01571,Terminal Operations,"Catastrophic failure of lifting gear during Simultaneous Operations. 5-ton load dropped 10 meters, striking the deck less than 2 meters from the rigging crew."
OIL-2026-01572,Pipeline Sector 4,"During routine Hot Work inspection, noticed minor debris which was cleared immediately."
OIL-2026-01573,Maintenance Yard,Fire extinguisher tag missing in teh Hot Work zone. Replaced by safety officer.
OIL-2026-01574,Drilling Rig Delta,"Catastrophic failure of lifting gear during Overpressure. 5-ton load dropped 10 meters, striking teh deck less than 2 meters from teh rigging crew."
OIL-2026-01575,Refinery Unit B,Fire extinguisher tag missing in the Simultaneous Operations zone. Replaced by safety officer.
OIL-2026-01576,Pipeline Sector 4,"Hydraulic hose burst during Chemical Exposure, spraying fluid across the deck. Operator was wearing face shield, no injury."
OIL-2026-01577,Drilling Rig Delta,The gauge looked weird during Fire. We left it alone.
OIL-2026-01578,Terminal Operations,Someone said the pressure was high during Vehicle Movement. Need to investigate further. The shift was almost over.
OIL-2026-01579,Terminal Operations,"Vehicle struck a pedestrian crossing the yard during Dropped Objects. Severe trauma sustained, medevac initiated. I didn't have my glasses on but I saw it happen."
OIL-2026-01580,Refinery Unit B,Found some fluid on the deck near Simultaneous Operations. Not sure if water or oil.
OIL-2026-01581,Pipeline Sector 4,Contractor reminded to use three points of contact on stairs near Process Upsets unit.
OIL-2026-01582,Offshore Platform Alpha,Contractor dropped something during Hot Work. Didn't see what it was. Lunch had just finished.
OIL-2026-01583,Maintenance Yard,"Catastrophic failure of lifting gear during Excavation. 5-ton load dropped 10 meters, striking the deck less than 2 meters from the rigging crew."
OIL-2026-01584,Pipeline Sector 4,Worker bypassed machine guard during Overpressure to clear a jam. Equipment was still energized. Intervened and applied LOTO.
OIL-2026-01585,Offshore Platform Alpha,The gauge looked weird during Lifting Operations. We left it alone.
OIL-2026-01586,Drilling Rig Delta,"Vehicle struck a pedestrian crossing the yard during Excavation. Severe trauma sustained, medevac initiated."
OIL-2026-01587,Refinery Unit B,"Vehicle struck a pedestrian crossing the yard during Hot Work. Severe trauma sustained, medevac initiated."
OIL-2026-01588,Refinery Unit B,"Vehicle struck a pedestrian crossing the yard during Minor maintenance issues. Severe trauma sustained, medevac initiated."
OIL-2026-01589,Maintenance Yard,Walkway obstructed by empty pallets near Chemical Exposure area. Removed by housekeeping.
OIL-2026-01590,Drilling Rig Delta,"Worker reported feeling unwell after Energy Isolation / LOTO. Might be related, might be food poisoning."
OIL-2026-01591,Pipeline Sector 4,Major hydrocarbon gas release during Excavation. Cloud drifted towards hot work area. Emergency shutdown activated immediately.
OIL-2026-01592,Terminal Operations,"Hydraulic hose burst during Hydrocarbon Leaks, spraying fluid across the deck. Operator was wearing face shield, no injury."
OIL-2026-01593,Offshore Platform Alpha,Scaffold tag was red but workers were seen preparing for Excavation on it. Intervened before access.
OIL-2026-01594,Maintenance Yard,"Loud bang heard near Gas Releases unit, but no damage found and no one saw anything."
OIL-2026-01595,Terminal Operations,Someone said the pressure was high during Dropped Objects. Need to investigate further.
OIL-2026-01596,Terminal Operations,The gauge looked weird during Working at Height. We left it alone.
OIL-2026-01597,Drilling Rig Delta,Completed daily Fire checks. All parameters normal.
OIL-2026-01598,Drilling Rig Delta,Fire extinguisher tag missing in the Minor maintenance issues zone. Replaced by safety officer. The contractor was late to the shift.
OIL-2026-01599,Offshore Platform Alpha,"Crane slewed unexpectedly during Energy Isolation / LOTO, load swung over the pedestrian walkway. Exclusion zone was active, no personnel exposed. I didn't have my glasses on but I saw it happen."
OIL-2026-01600,Refinery Unit B,Major hydrocarbon gas release during Routine inspections. Cloud drifted towards hot work area. Emergency shutdown activated immediately.
OIL-2026-01601,Terminal Operations,"While performing Lifting Operations, a heavy wrench slipped and struck the scaffolding tube near the worker's head. Near miss. The shift was almost over."
OIL-2026-01602,Drilling Rig Delta,Major hydrocarbon gas release during PPE observations. Cloud drifted towards hot work area. Emergency shutdown activated immediately.
OIL-2026-01603,Maintenance Yard,Received report of incident during Overpressure. Could not verify details.
OIL-2026-01604,Terminal Operations,Trench collapsed during Dropped Objects excavation. Worker was partially buried up to the waist. Rescue team deployed.
OIL-2026-01605,Drilling Rig Delta,Received report of incident during Minor maintenance issues. Could not verify details.
OIL-2026-01606,Offshore Platform Alpha,"Vehicle struck a pedestrian crossing the yard during Simultaneous Operations. Severe trauma sustained, medevac initiated."
OIL-2026-01607,Maintenance Yard,"Worker reported feeling unwell after Housekeeping. Might be related, might be food poisoning."
OIL-2026-01608,Offshore Platform Alpha,"During routine Dropped Objects inspection, noticed minor debris which was cleared immediately. The supervisor was not present."
OIL-2026-01609,Terminal Operations,Arc flash occurred during Housekeeping in the main switchgear room. Technician suffered severe electrical burns to face and hands.
OIL-2026-01610,Refinery Unit B,Routine Excavation completed without any safety incidents.
OIL-2026-01611,Terminal Operations,"Loud bang heard near PPE observations unit, but no damage found and no one saw anything."
OIL-2026-01612,Refinery Unit B,"Catastrophic failure of lifting gear during Chemical Exposure. 5-ton load dropped 10 meters, striking the deck less than 2 meters from the rigging crew."
OIL-2026-01613,Terminal Operations,Scaffold tag was red but workers were seen preparing for Working at Height on it. Intervened before access.
OIL-2026-01614,Maintenance Yard,Someone said the pressure was high during PPE observations. Need to investigate further.
OIL-2026-01615,Terminal Operations,"During routine Energy Isolation / LOTO inspection, noticed minor debris which was cleared immediately."
OIL-2026-01616,Maintenance Yard,Found some fluid on the deck near Working at Height. Not sure if water or oil.
OIL-2026-01617,Maintenance Yard,The gauge looked weird during Process Upsets. We left it alone.
OIL-2026-01618,Drilling Rig Delta,"Crane slewed unexpectedly during Electrical Hazards, load swung over the pedestrian walkway. Exclusion zone was active, no personnel exposed."
OIL-2026-01619,Pipeline Sector 4,Worker fell 5 meters during Process Upsets because harness lanyard snapped. Rushed to medical bay with suspected fractures.
OIL-2026-01620,Refinery Unit B,Worker observed not wearing full PPE during Simultaneous Operations in the safe zone. Reminded and complied.
OIL-2026-01621,Refinery Unit B,The gauge looked weird during Simultaneous Operations. We left it alone. Radio comms were a bit staticky.
OIL-2026-01622,Offshore Platform Alpha,"Vehicle struck a pedestrian crossing teh yard during Process Upsets. Severe trauma sustained, medevac initiated."
OIL-2026-01623,Offshore Platform Alpha,Fire extinguisher tag missing in the Electrical Hazards zone. Replaced by safety officer. (Note: Please fix the AC in the control room it is too hot).
OIL-2026-01624,Drilling Rig Delta,Small localized smoldering fire observed during Process Upsets hot work. Extinguished immediately with local fire watch. It was raining heavily at the time.
OIL-2026-01625,Drilling Rig Delta,Worker fell 5 meters during Lifting Operations because harness lanyard snapped. Rushed to medical bay with suspected fractures.
OIL-2026-01626,Drilling Rig Delta,"Hydraulic hose burst during Working at Height, spraying fluid across the deck. Operator was wearing face shield, no injury."
OIL-2026-01627,Refinery Unit B,"Worker reported feeling unwell after Lifting Operations. Might be related, might be food poisoning."
OIL-2026-01628,Terminal Operations,Minor oil weepage noticed on valve body during Simultaneous Operations. Cleaned and tightened.
OIL-2026-01629,Terminal Operations,"While performing Hot Work, a heavy wrench slipped and struck the scaffolding tube near the worker's head. Near miss."
OIL-2026-01630,Pipeline Sector 4,"Loud bang heard near Overpressure unit, but no damage found and no one saw anything. The supervisor ws not present."
OIL-2026-01631,Pipeline Sector 4,Routine Fire completed without any safety incidents.
OIL-2026-01632,Terminal Operations,Worker bypassed machine guard during Hot Work to clear a jam. Equipment was still energized. Intervened and applied LOTO. The contractor was late to the shift.
OIL-2026-01633,Maintenance Yard,Handrail paint was peeling near the Routine inspections sector. Maintenance request submitted. The contractor was late to the shift.
OIL-2026-01634,Pipeline Sector 4,Found some fluid on the deck near Overpressure. Not sure if water or oil.
OIL-2026-01635,Offshore Platform Alpha,Found some fluid on the deck near Hydrocarbon Leaks. Not sure if water or oil.
OIL-2026-01636,Drilling Rig Delta,Handrail paint was peeling near the Simultaneous Operations sector. Maintenance request submitted.
OIL-2026-01637,Refinery Unit B,Worker fell 5 meters during Working at Height because harness lanyard snapped. Rushed to medical bay with suspected fractures.
OIL-2026-01638,Terminal Operations,Worker observed not wearing full PPE during Simultaneous Operations in the safe zone. Reminded and complied. The shift was almost over.
OIL-2026-01639,Pipeline Sector 4,"Loud bang heard near Gas Releases unit, but no damage found and no one saw anything. The shift was almost over."
OIL-2026-01640,Drilling Rig Delta,Completed daily Overpressure checks. All parameters normal.
OIL-2026-01641,Pipeline Sector 4,Arc flash occurred during Process Upsets in the main switchgear room. Technician suffered severe electrical burns to face and hands.
OIL-2026-01642,Drilling Rig Delta,Small localized smoldering fire observed during Excavation hot work. Extinguished immediately with local fire watch. The shift was almost over.
OIL-2026-01643,Offshore Platform Alpha,"Vehicle struck a pedestrian crossing teh yard during Excavation. Severe trauma sustained, medevac initiated. We had a safety meeting about this just yesterday."
OIL-2026-01644,Terminal Operations,Minor oil weepage noticed on valve body during Simultaneous Operations. Cleaned and tightened.
OIL-2026-01645,Maintenance Yard,Routine Lifting Operations completed without any safety incidents.
OIL-2026-01646,Drilling Rig Delta,Worker fell 5 meters during Overpressure because harness lanyard snapped. Rushed to medical bay with suspected fractures.
OIL-2026-01647,Pipeline Sector 4,"Worker reported feeling unwell after Lifting Operations. Might be related, might be food poisoning."
OIL-2026-01648,Terminal Operations,Completed daily Hot Work checks. All parameters normal. Lunch had just finished.
OIL-2026-01649,Refinery Unit B,Received report of incident during Excavation. Could not verify details. The shift was almost over.
OIL-2026-01650,Pipeline Sector 4,Contractor reminded to use three points of contact on stairs near Lifting Operations unit.
OIL-2026-01651,Drilling Rig Delta,"While performing Electrical Hazards, a heavy wrench slipped and struck the scaffolding tube near the worker's head. Near miss."
OIL-2026-01652,Drilling Rig Delta,Found some fluid on the deck near Dropped Objects. Not sure if water or oil. The shift was almost over.
OIL-2026-01653,Maintenance Yard,Trench collapsed during Electrical Hazards excavation. Worker was partially buried up to the waist. Rescue team deployed.
OIL-2026-01654,Offshore Platform Alpha,Small localized smoldering fire observed during Excavation hot work. Extinguished immediately with local fire watch.
OIL-2026-01655,Pipeline Sector 4,"Crane slewed unexpectedly during Lifting Operations, load swung over teh pedestrian walkway. Exclusion zone ws active, no personnel exposed."
OIL-2026-01656,Pipeline Sector 4,Found some fluid on the deck near PPE observations. Not sure if water or oil.
OIL-2026-01657,Refinery Unit B,Fire extinguisher tag missing in the Process Upsets zone. Replaced by safety officer. We had a safety meeting about this just yesterday.
OIL-2026-01658,Terminal Operations,Worker observed not wearing full PPE during Hot Work in the safe zone. Reminded and complied.
OIL-2026-01659,Maintenance Yard,"Loud bang heard near Hydrocarbon Leaks unit, but no damage found and no one saw anything."
OIL-2026-01660,Offshore Platform Alpha,"Loud bang heard near Hydrocarbon Leaks unit, but no damage found and no one saw anything."
OIL-2026-01661,Pipeline Sector 4,Found some fluid on the deck near Confined Space. Not sure if water or oil.
OIL-2026-01662,Terminal Operations,Received report of incident during Gas Releases. Could not verify details.
OIL-2026-01663,Refinery Unit B,Trench collapsed during Process Upsets excavation. Worker was partially buried up to the waist. Rescue team deployed. The shift was almost over.
OIL-2026-01664,Offshore Platform Alpha,Scaffold tag was red but workers were seen preparing for Hot Work on it. Intervened before access.
OIL-2026-01665,Maintenance Yard,"While performing Lifting Operations, a heavy wrench slipped and struck the scaffolding tube near the worker's head. Near miss."
OIL-2026-01666,Drilling Rig Delta,Major hydrocarbon gas release during Energy Isolation / LOTO. Cloud drifted towards hot work area. Emergency shutdown activated immediately. I didn't have my glasses on but I saw it happen.
OIL-2026-01667,Drilling Rig Delta,"Loud bang heard near Excavation unit, but no damage found and no one saw anything."
OIL-2026-01668,Maintenance Yard,Found some fluid on the deck near Housekeeping. Not sure if water or oil.
OIL-2026-01669,Terminal Operations,Arc flash occurred during Gas Releases in the main switchgear room. Technician suffered severe electrical burns to face and hands.
OIL-2026-01670,Pipeline Sector 4,"While performing Overpressure, a heavy wrench slipped and struck the scaffolding tube near the worker's head. Near miss."
OIL-2026-01671,Pipeline Sector 4,Found some fluid on the deck near Routine inspections. Not sure if water or oil. Lunch had just finished.
OIL-2026-01672,Offshore Platform Alpha,"Loud bang heard near Working at Height unit, but no damage found and no one saw anything."
OIL-2026-01673,Terminal Operations,Handrail paint was peeling near the Electrical Hazards sector. Maintenance request submitted. Radio comms were a bit staticky.
OIL-2026-01674,Pipeline Sector 4,"Hydraulic hose burst during Fire, spraying fluid across the deck. Operator was wearing face shield, no injury. I didn't have my glasses on but I saw it happen."
OIL-2026-01675,Maintenance Yard,"Vehicle struck a pedestrian crossing the yard during Electrical Hazards. Severe trauma sustained, medevac initiated."
OIL-2026-01676,Drilling Rig Delta,Routine Fire completed without any safety incidents.
OIL-2026-01677,Terminal Operations,Found some fluid on the deck near Fire. Not sure if water or oil.
OIL-2026-01678,Drilling Rig Delta,Found some fluid on the deck near Overpressure. Not sure if water or oil.
OIL-2026-01679,Maintenance Yard,The gauge looked weird during Energy Isolation / LOTO. We left it alone.
OIL-2026-01680,Offshore Platform Alpha,Someone said the pressure was high during Hot Work. Need to investigate further.
OIL-2026-01681,Maintenance Yard,The gauge looked weird during Electrical Hazards. We left it alone. I didn't have my glasses on but I saw it happen.
OIL-2026-01682,Pipeline Sector 4,"Catastrophic failure of lifting gear during Electrical Hazards. 5-ton load dropped 10 meters, striking the deck less than 2 meters from the rigging crew. The contractor was late to the shift."
OIL-2026-01683,Maintenance Yard,Arc flash occurred during Vehicle Movement in the main switchgear room. Technician suffered severe electrical burns to face and hands.
OIL-2026-01684,Refinery Unit B,Worker observed not wearing full PPE during Simultaneous Operations in teh safe zone. Reminded and complied.
OIL-2026-01685,Maintenance Yard,"Vehicle struck a pedestrian crossing the yard during Lifting Operations. Severe trauma sustained, medevac initiated."
OIL-2026-01686,Refinery Unit B,Major hydrocarbon gas release during Energy Isolation / LOTO. Cloud drifted towards hot work area. Emergency shutdown activated immediately.
OIL-2026-01687,Drilling Rig Delta,Contractor dropped something during Working at Height. Didn't see what it was.
OIL-2026-01688,Drilling Rig Delta,Received report of incident during Lifting Operations. Could not verify details.
OIL-2026-01689,Refinery Unit B,Contractor reminded to use three points of contact on stairs near Overpressure unit.
OIL-2026-01690,Refinery Unit B,Arc flash occurred during Confined Space in the main switchgear room. Technician suffered severe electrical burns to face and hands.
OIL-2026-01691,Refinery Unit B,"Worker reported feeling unwell after Overpressure. Might be related, might be food poisoning."
OIL-2026-01692,Offshore Platform Alpha,Major hydrocarbon gas release during Overpressure. Cloud drifted towards hot work area. Emergency shutdown activated immediately.
OIL-2026-01693,Drilling Rig Delta,"Crane slewed unexpectedly during Routine inspections, load swung over the pedestrian walkway. Exclusion zone was active, no personnel exposed. Lunch had just finished."
OIL-2026-01694,Pipeline Sector 4,"While performing Gas Releases, a heavy wrench slipped and struck the scaffolding tube near the worker's head. Near miss. I didn't have my glasses on but I saw it happen."
OIL-2026-01695,Offshore Platform Alpha,"Vehicle struck a pedestrian crossing the yard during Hot Work. Severe trauma sustained, medevac initiated."
OIL-2026-01696,Offshore Platform Alpha,"Vehicle struck a pedestrian crossing the yard during Lifting Operations. Severe trauma sustained, medevac initiated."
OIL-2026-01697,Maintenance Yard,"Worker reported feeling unwell after Vehicle Movement. Might be related, might be food poisoning."
OIL-2026-01698,Maintenance Yard,Walkway obstructed by empty pallets near Fire area. Removed by housekeeping.
OIL-2026-01699,Offshore Platform Alpha,Major hydrocarbon gas release during Fire. Cloud drifted towards hot work area. Emergency shutdown activated immediately. Radio comms were a bit staticky.
OIL-2026-01700,Maintenance Yard,Small localized smoldering fire observed during Electrical Hazards hot work. Extinguished immediately with local fire watch.
OIL-2026-01701,Terminal Operations,Worker observed not wearing full PPE during Gas Releases in the safe zone. Reminded and complied.
OIL-2026-01702,Drilling Rig Delta,"Loud bang heard near Routine inspections unit, but no damage found and no one saw anything."
OIL-2026-01703,Offshore Platform Alpha,Contractor found entering restricted Overpressure area without a valid permit. Escorted out and work stopped.
OIL-2026-01704,Pipeline Sector 4,"Catastrophic failure of lifting gear during Hot Work. 5-ton load dropped 10 meters, striking the deck less than 2 meters from the rigging crew."
OIL-2026-01705,Offshore Platform Alpha,Found some fluid on the deck near Routine inspections. Not sure if water or oil. I didn't have my glasses on but I saw it happen.
OIL-2026-01706,Pipeline Sector 4,"Crane slewed unexpectedly during Overpressure, load swung over the pedestrian walkway. Exclusion zone was active, no personnel exposed."
OIL-2026-01707,Pipeline Sector 4,Received report of incident during Simultaneous Operations. Could not verify details.
OIL-2026-01708,Maintenance Yard,"During routine Process Upsets inspection, noticed minor debris which was cleared immediately."
OIL-2026-01709,Pipeline Sector 4,Routine Chemical Exposure completed without any safety incidents.
OIL-2026-01710,Terminal Operations,Small localized smoldering fire observed during Working at Height hot work. Extinguished immediately with local fire watch. It was raining heavily at the time.
OIL-2026-01711,Maintenance Yard,"Vehicle struck a pedestrian crossing the yard during Housekeeping. Severe trauma sustained, medevac initiated."
OIL-2026-01712,Drilling Rig Delta,Trench collapsed during Excavation excavation. Worker was partially buried up to the waist. Rescue team deployed.
OIL-2026-01713,Pipeline Sector 4,Completed daily Energy Isolation / LOTO checks. All parameters normal.
OIL-2026-01714,Pipeline Sector 4,Arc flash occurred during Dropped Objects in the main switchgear room. Technician suffered severe electrical burns to face and hands.
OIL-2026-01715,Drilling Rig Delta,Found some fluid on the deck near Lifting Operations. Not sure if water or oil. The shift was almost over.
OIL-2026-01716,Offshore Platform Alpha,Worker fell 5 meters during PPE observations because harness lanyard snapped. Rushed to medical bay with suspected fractures.
OIL-2026-01717,Maintenance Yard,The gauge looked weird during Working at Height. We left it alone.
OIL-2026-01718,Drilling Rig Delta,Small localized smoldering fire observed during Confined Space hot work. Extinguished immediately with local fire watch. Lunch had just finished.
OIL-2026-01719,Terminal Operations,"During Fire, LEL alarms triggered at 10%. Work stopped and area ventilated."
OIL-2026-01720,Terminal Operations,The gauge looked weird during Excavation. We left it alone.
OIL-2026-01721,Drilling Rig Delta,"Hydraulic hose burst during Chemical Exposure, spraying fluid across the deck. Operator was wearing face shield, no injury."
OIL-2026-01722,Offshore Platform Alpha,"Catastrophic failure of lifting gear during Hot Work. 5-ton load dropped 10 meters, striking the deck less than 2 meters from the rigging crew."
OIL-2026-01723,Refinery Unit B,"Loud bang heard near Chemical Exposure unit, but no damage found and no one saw anything. I didn't have my glasses on but I saw it happen."
OIL-2026-01724,Drilling Rig Delta,"During routine Simultaneous Operations inspection, noticed minor debris which was cleared immediately."
OIL-2026-01725,Pipeline Sector 4,"Worker reported feeling unwell after Overpressure. Might be related, might be food poisoning."
OIL-2026-01726,Drilling Rig Delta,Major hydrocarbon gas release during Dropped Objects. Cloud drifted towards hot work area. Emergency shutdown activated immediately. Lunch had just finished.
OIL-2026-01727,Pipeline Sector 4,"Hydraulic hose burst during Energy Isolation / LOTO, spraying fluid across the deck. Operator was wearing face shield, no injury."
OIL-2026-01728,Offshore Platform Alpha,Trench collapsed during Routine inspections excavation. Worker was partially buried up to the waist. Rescue team deployed. (Note: Please fix the AC in the control room it is too hot).
OIL-2026-01729,Refinery Unit B,Found some fluid on the deck near Working at Height. Not sure if water or oil. (Note: Please fix the AC in the control room it is too hot).
OIL-2026-01730,Drilling Rig Delta,Worker fell 5 meters during Hot Work because harness lanyard snapped. Rushed to medical bay with suspected fractures. Lunch had just finished.
OIL-2026-01731,Offshore Platform Alpha,Contractor found entering restricted Lifting Operations area without a valid permit. Escorted out and work stopped.
OIL-2026-01732,Pipeline Sector 4,Routine PPE observations completed without any safety incidents.
OIL-2026-01733,Drilling Rig Delta,"Crane slewed unexpectedly during Process Upsets, load swung over the pedestrian walkway. Exclusion zone was active, no personnel exposed."
OIL-2026-01734,Terminal Operations,Worker observed not wearing full PPE during Process Upsets in the safe zone. Reminded and complied.
OIL-2026-01735,Pipeline Sector 4,The gauge looked weird during Vehicle Movement. We left it alone.
OIL-2026-01736,Pipeline Sector 4,Scaffold tag was red but workers were seen preparing for Chemical Exposure on it. Intervened before access.
OIL-2026-01737,Pipeline Sector 4,Someone said the pressure was high during Fire. Need to investigate further.
OIL-2026-01738,Maintenance Yard,Found some fluid on the deck near Energy Isolation / LOTO. Not sure if water or oil.
OIL-2026-01739,Terminal Operations,Major hydrocarbon gas release during Housekeeping. Cloud drifted towards hot work area. Emergency shutdown activated immediately.
OIL-2026-01740,Terminal Operations,Handrail paint was peeling near the Dropped Objects sector. Maintenance request submitted.
OIL-2026-01741,Refinery Unit B,Worker observed not wearing full PPE during Gas Releases in the safe zone. Reminded and complied. It was raining heavily at the time.
OIL-2026-01742,Maintenance Yard,Walkway obstructed by empty pallets near Gas Releases area. Removed by housekeeping.
OIL-2026-01743,Drilling Rig Delta,Received report of incident during Vehicle Movement. Could not verify details.
OIL-2026-01744,Terminal Operations,The gauge looked weird during Overpressure. We left it alone.
OIL-2026-01745,Terminal Operations,Contractor dropped something during Energy Isolation / LOTO. Didn't see what it was.
OIL-2026-01746,Refinery Unit B,Slight trip hazard identified at Hot Work location due to uneven grating. Marked with high-viz tape. We had a safety meeting about this just yesterday.
OIL-2026-01747,Offshore Platform Alpha,"While performing Hydrocarbon Leaks, a heavy wrench slipped and struck the scaffolding tube near the worker's head. Near miss."
OIL-2026-01748,Maintenance Yard,Worker fell 5 meters during Hydrocarbon Leaks because harness lanyard snapped. Rushed to medical bay with suspected fractures.
OIL-2026-01749,Offshore Platform Alpha,Major hydrocarbon gas release during Energy Isolation / LOTO. Cloud drifted towards hot work area. Emergency shutdown activated immediately.
OIL-2026-01750,Terminal Operations,"Vehicle struck a pedestrian crossing the yard during Overpressure. Severe trauma sustained, medevac initiated."
OIL-2026-01751,Terminal Operations,Handrail paint ws peeling near teh PPE observations sector. Maintenance request submitted.
OIL-2026-01752,Offshore Platform Alpha,Worker bypassed machine guard during Electrical Hazards to clear a jam. Equipment was still energized. Intervened and applied LOTO.
OIL-2026-01753,Refinery Unit B,"Catastrophic failure of lifting gear during Routine inspections. 5-ton load dropped 10 meters, striking the deck less than 2 meters from the rigging crew. It was raining heavily at the time."
OIL-2026-01754,Refinery Unit B,Contractor dropped something during Gas Releases. Didn't see what it was.
OIL-2026-01755,Drilling Rig Delta,Contractor dropped something during Fire. Didn't see what it was.
OIL-2026-01756,Terminal Operations,"Catastrophic failure of lifting gear during Chemical Exposure. 5-ton load dropped 10 meters, striking teh deck less than 2 meters from teh rigging crew. Radio comms were a bit staticky."
OIL-2026-01757,Maintenance Yard,Contractor found entering restricted Process Upsets area without a valid permit. Escorted out and work stopped.
OIL-2026-01758,Pipeline Sector 4,Handrail paint was peeling near the Lifting Operations sector. Maintenance request submitted.
OIL-2026-01759,Terminal Operations,"Crane slewed unexpectedly during Hot Work, load swung over the pedestrian walkway. Exclusion zone was active, no personnel exposed."
OIL-2026-01760,Terminal Operations,Walkway obstructed by empty pallets near Simultaneous Operations area. Removed by housekeeping. Radio comms were a bit staticky.
OIL-2026-01761,Pipeline Sector 4,"Crane slewed unexpectedly during Excavation, load swung over teh pedestrian walkway. Exclusion zone ws active, no personnel exposed."
OIL-2026-01762,Refinery Unit B,The gauge looked weird during Working at Height. We left it alone.
OIL-2026-01763,Maintenance Yard,Walkway obstructed by empty pallets near Gas Releases area. Removed by housekeeping.
OIL-2026-01764,Maintenance Yard,"Vehicle struck a pedestrian crossing the yard during Hydrocarbon Leaks. Severe trauma sustained, medevac initiated."
OIL-2026-01765,Pipeline Sector 4,"Loud bang heard near Lifting Operations unit, but no damage found and no one saw anything."
OIL-2026-01766,Terminal Operations,Worker fell 5 meters during Housekeeping because harness lanyard snapped. Rushed to medical bay with suspected fractures.
OIL-2026-01767,Offshore Platform Alpha,Completed daily Hydrocarbon Leaks checks. All parameters normal.
OIL-2026-01768,Offshore Platform Alpha,"While performing Excavation, a heavy wrench slipped and struck the scaffolding tube near the worker's head. Near miss."
OIL-2026-01769,Maintenance Yard,Slight trip hazard identified at Housekeeping location due to uneven grating. Marked with high-viz tape.
OIL-2026-01770,Terminal Operations,"Loud bang heard near Overpressure unit, but no damage found and no one saw anything. (Note: Please fix the AC in the control room it is too hot)."
OIL-2026-01771,Pipeline Sector 4,Someone said the pressure was high during Chemical Exposure. Need to investigate further. The shift was almost over.
OIL-2026-01772,Pipeline Sector 4,"Worker reported feeling unwell after Vehicle Movement. Might be related, might be food poisoning. Radio comms were a bit staticky."
OIL-2026-01773,Refinery Unit B,"While performing Hot Work, a heavy wrench slipped and struck the scaffolding tube near the worker's head. Near miss."
OIL-2026-01774,Offshore Platform Alpha,Found some fluid on teh deck near Energy Isolation / LOTO. Not sure if water or oil.
OIL-2026-01775,Drilling Rig Delta,Fire extinguisher tag missing in the Routine inspections zone. Replaced by safety officer.
OIL-2026-01776,Terminal Operations,Arc flash occurred during Chemical Exposure in the main switchgear room. Technician suffered severe electrical burns to face and hands.
OIL-2026-01777,Maintenance Yard,Contractor found entering restricted Routine inspections area without a valid permit. Escorted out and work stopped.
OIL-2026-01778,Drilling Rig Delta,Arc flash occurred during Routine inspections in the main switchgear room. Technician suffered severe electrical burns to face and hands.
OIL-2026-01779,Pipeline Sector 4,The gauge looked weird during Gas Releases. We left it alone. Lunch had just finished.
OIL-2026-01780,Refinery Unit B,The gauge looked weird during Working at Height. We left it alone.
OIL-2026-01781,Maintenance Yard,Worker fell 5 meters during Confined Space because harness lanyard snapped. Rushed to medical bay with suspected fractures.
OIL-2026-01782,Offshore Platform Alpha,Completed daily Simultaneous Operations checks. All parameters normal. The supervisor was not present.
OIL-2026-01783,Maintenance Yard,"Vehicle struck a pedestrian crossing the yard during Minor maintenance issues. Severe trauma sustained, medevac initiated."
OIL-2026-01784,Drilling Rig Delta,"Hydraulic hose burst during Lifting Operations, spraying fluid across the deck. Operator was wearing face shield, no injury. We had a safety meeting about this just yesterday."
OIL-2026-01785,Pipeline Sector 4,Routine PPE observations completed without any safety incidents.
OIL-2026-01786,Drilling Rig Delta,Someone said the pressure was high during Fire. Need to investigate further.
OIL-2026-01787,Offshore Platform Alpha,Arc flash occurred during Routine inspections in the main switchgear room. Technician suffered severe electrical burns to face and hands. (Note: Please fix the AC in the control room it is too hot).
OIL-2026-01788,Terminal Operations,Contractor dropped something during Overpressure. Didn't see what it was.
OIL-2026-01789,Terminal Operations,Completed daily Excavation checks. All parameters normal.
OIL-2026-01790,Offshore Platform Alpha,"Loud bang heard near Confined Space unit, but no damage found and no one saw anything."
OIL-2026-01791,Refinery Unit B,Arc flash occurred during PPE observations in the main switchgear room. Technician suffered severe electrical burns to face and hands.
OIL-2026-01792,Terminal Operations,Handrail paint was peeling near the Fire sector. Maintenance request submitted.
OIL-2026-01793,Maintenance Yard,Completed daily Energy Isolation / LOTO checks. All parameters normal.
OIL-2026-01794,Terminal Operations,Found some fluid on the deck near Electrical Hazards. Not sure if water or oil.
OIL-2026-01795,Drilling Rig Delta,"Worker reported feeling unwell after Working at Height. Might be related, might be food poisoning."
OIL-2026-01796,Pipeline Sector 4,Found some fluid on the deck near Hydrocarbon Leaks. Not sure if water or oil.
OIL-2026-01797,Maintenance Yard,"During routine Hydrocarbon Leaks inspection, noticed minor debris which was cleared immediately."
OIL-2026-01798,Offshore Platform Alpha,Someone said the pressure was high during Simultaneous Operations. Need to investigate further. We had a safety meeting about this just yesterday.
OIL-2026-01799,Maintenance Yard,Someone said the pressure was high during Lifting Operations. Need to investigate further.
OIL-2026-01800,Refinery Unit B,"During PPE observations, LEL alarms triggered at 10%. Work stopped and area ventilated."
OIL-2026-01801,Refinery Unit B,Arc flash occurred during Vehicle Movement in teh main switchgear room. Technician suffered severe electrical burns to face and hands.
OIL-2026-01802,Pipeline Sector 4,"Loud bang heard near Fire unit, but no damage found and no one saw anything."
OIL-2026-01803,Refinery Unit B,Routine Hot Work completed without any safety incidents.
OIL-2026-01804,Refinery Unit B,"During Gas Releases, LEL alarms triggered at 10%. Work stopped and area ventilated."
OIL-2026-01805,Drilling Rig Delta,Routine Vehicle Movement completed without any safety incidents.
OIL-2026-01806,Offshore Platform Alpha,Fire extinguisher tag missing in the Dropped Objects zone. Replaced by safety officer.
OIL-2026-01807,Drilling Rig Delta,The gauge looked weird during Electrical Hazards. We left it alone.
OIL-2026-01808,Pipeline Sector 4,Fire extinguisher tag missing in the Fire zone. Replaced by safety officer.
OIL-2026-01809,Refinery Unit B,Received report of incident during PPE observations. Could not verify details.
OIL-2026-01810,Maintenance Yard,"Crane slewed unexpectedly during Hydrocarbon Leaks, load swung over the pedestrian walkway. Exclusion zone was active, no personnel exposed."
OIL-2026-01811,Drilling Rig Delta,Contractor found entering restricted Minor maintenance issues area without a valid permit. Escorted out and work stopped. The shift was almost over.
OIL-2026-01812,Terminal Operations,"Worker reported feeling unwell after Housekeeping. Might be related, might be food poisoning."
OIL-2026-01813,Maintenance Yard,Major hydrocarbon gas release during Hot Work. Cloud drifted towards hot work area. Emergency shutdown activated immediately.
OIL-2026-01814,Offshore Platform Alpha,"During routine Gas Releases inspection, noticed minor debris which was cleared immediately. (Note: Please fix the AC in the control room it is too hot)."
OIL-2026-01815,Refinery Unit B,"During Housekeeping, LEL alarms triggered at 10%. Work stopped and area ventilated."
OIL-2026-01816,Offshore Platform Alpha,Someone said the pressure was high during Lifting Operations. Need to investigate further.
OIL-2026-01817,Refinery Unit B,"Vehicle struck a pedestrian crossing teh yard during Routine inspections. Severe trauma sustained, medevac initiated."
OIL-2026-01818,Offshore Platform Alpha,"Hydraulic hose burst during Hot Work, spraying fluid across the deck. Operator was wearing face shield, no injury."
OIL-2026-01819,Pipeline Sector 4,Arc flash occurred during Electrical Hazards in the main switchgear room. Technician suffered severe electrical burns to face and hands. The contractor was late to the shift.
OIL-2026-01820,Pipeline Sector 4,Trench collapsed during Excavation excavation. Worker was partially buried up to the waist. Rescue team deployed.
OIL-2026-01821,Refinery Unit B,"Catastrophic failure of lifting gear during Routine inspections. 5-ton load dropped 10 meters, striking the deck less than 2 meters from the rigging crew."
OIL-2026-01822,Refinery Unit B,"Loud bang heard near Excavation unit, but no damage found and no one saw anything."
OIL-2026-01823,Pipeline Sector 4,Routine Hydrocarbon Leaks completed without any safety incidents.
OIL-2026-01824,Pipeline Sector 4,Fire extinguisher tag missing in the Chemical Exposure zone. Replaced by safety officer.
OIL-2026-01825,Pipeline Sector 4,Minor oil weepage noticed on valve body during Overpressure. Cleaned and tightened. I didn't have my glasses on but I saw it happen.
OIL-2026-01826,Maintenance Yard,Received report of incident during Hydrocarbon Leaks. Could not verify details.
OIL-2026-01827,Terminal Operations,Minor oil weepage noticed on valve body during Fire. Cleaned and tightened.
OIL-2026-01828,Refinery Unit B,Someone said the pressure was high during Dropped Objects. Need to investigate further.
OIL-2026-01829,Refinery Unit B,Fire extinguisher tag missing in the Housekeeping zone. Replaced by safety officer.
OIL-2026-01830,Refinery Unit B,Handrail paint was peeling near the Minor maintenance issues sector. Maintenance request submitted.
OIL-2026-01831,Pipeline Sector 4,Fire extinguisher tag missing in the Hydrocarbon Leaks zone. Replaced by safety officer. I didn't have my glasses on but I saw it happen.
OIL-2026-01832,Maintenance Yard,Contractor found entering restricted Dropped Objects area without a valid permit. Escorted out and work stopped. We had a safety meeting about this just yesterday.
OIL-2026-01833,Refinery Unit B,Fire extinguisher tag missing in the Routine inspections zone. Replaced by safety officer. It was raining heavily at the time.
OIL-2026-01834,Refinery Unit B,"Worker reported feeling unwell after Hot Work. Might be related, might be food poisoning."
OIL-2026-01835,Pipeline Sector 4,"Catastrophic failure of lifting gear during Excavation. 5-ton load dropped 10 meters, striking the deck less than 2 meters from the rigging crew."
OIL-2026-01836,Drilling Rig Delta,"Catastrophic failure of lifting gear during Overpressure. 5-ton load dropped 10 meters, striking the deck less than 2 meters from the rigging crew. Radio comms were a bit staticky."
OIL-2026-01837,Refinery Unit B,Found some fluid on teh deck near Fire. Not sure if water or oil.
OIL-2026-01838,Terminal Operations,Fire extinguisher tag missing in the Electrical Hazards zone. Replaced by safety officer. (Note: Please fix the AC in the control room it is too hot).
OIL-2026-01839,Maintenance Yard,Walkway obstructed by empty pallets near Hydrocarbon Leaks area. Removed by housekeeping.
OIL-2026-01840,Drilling Rig Delta,"Catastrophic failure of lifting gear during Vehicle Movement. 5-ton load dropped 10 meters, striking the deck less than 2 meters from the rigging crew."
OIL-2026-01841,Pipeline Sector 4,Contractor dropped something during Energy Isolation / LOTO. Didn't see what it was. It was raining heavily at the time.
OIL-2026-01842,Refinery Unit B,Scaffold tag was red but workers were seen preparing for Confined Space on it. Intervened before access. (Note: Please fix the AC in the control room it is too hot).
OIL-2026-01843,Refinery Unit B,Scaffold tag was red but workers were seen preparing for Simultaneous Operations on it. Intervened before access.
OIL-2026-01844,Maintenance Yard,Arc flash occurred during Electrical Hazards in the main switchgear room. Technician suffered severe electrical burns to face and hands.
OIL-2026-01845,Maintenance Yard,Someone said the pressure was high during Housekeeping. Need to investigate further. I didn't have my glasses on but I saw it happen.
OIL-2026-01846,Terminal Operations,"Crane slewed unexpectedly during Working at Height, load swung over the pedestrian walkway. Exclusion zone was active, no personnel exposed."
OIL-2026-01847,Terminal Operations,Worker observed not wearing full PPE during Fire in the safe zone. Reminded and complied.
OIL-2026-01848,Maintenance Yard,"Loud bang heard near Minor maintenance issues unit, but no damage found and no one saw anything."
OIL-2026-01849,Maintenance Yard,"During routine Routine inspections inspection, noticed minor debris which was cleared immediately."
OIL-2026-01850,Terminal Operations,"During routine Chemical Exposure inspection, noticed minor debris which was cleared immediately. The shift was almost over."
OIL-2026-01851,Terminal Operations,Worker fell 5 meters during Energy Isolation / LOTO because harness lanyard snapped. Rushed to medical bay with suspected fractures.
OIL-2026-01852,Maintenance Yard,Worker fell 5 meters during Energy Isolation / LOTO because harness lanyard snapped. Rushed to medical bay with suspected fractures.
OIL-2026-01853,Maintenance Yard,Major hydrocarbon gas release during Energy Isolation / LOTO. Cloud drifted towards hot work area. Emergency shutdown activated immediately.
OIL-2026-01854,Offshore Platform Alpha,Worker bypassed machine guard during Confined Space to clear a jam. Equipment was still energized. Intervened and applied LOTO.
OIL-2026-01855,Pipeline Sector 4,Found some fluid on the deck near Simultaneous Operations. Not sure if water or oil.
OIL-2026-01856,Refinery Unit B,"During routine Excavation inspection, noticed minor debris which ws cleared immediately."
OIL-2026-01857,Pipeline Sector 4,"While performing Process Upsets, a heavy wrench slipped and struck teh scaffolding tube near teh worker's head. Near miss."
OIL-2026-01858,Offshore Platform Alpha,Small localized smoldering fire observed during Overpressure hot work. Extinguished immediately with local fire watch.
OIL-2026-01859,Refinery Unit B,Major hydrocarbon gas release during Fire. Cloud drifted towards hot work area. Emergency shutdown activated immediately. The shift was almost over.
OIL-2026-01860,Maintenance Yard,Received report of incident during Minor maintenance issues. Could not verify details.
OIL-2026-01861,Refinery Unit B,"Crane slewed unexpectedly during Working at Height, load swung over teh pedestrian walkway. Exclusion zone ws active, no personnel exposed."
OIL-2026-01862,Refinery Unit B,"During routine Hydrocarbon Leaks inspection, noticed minor debris which was cleared immediately."
OIL-2026-01863,Drilling Rig Delta,Trench collapsed during Lifting Operations excavation. Worker was partially buried up to the waist. Rescue team deployed.
OIL-2026-01864,Terminal Operations,Found some fluid on the deck near Chemical Exposure. Not sure if water or oil.
OIL-2026-01865,Maintenance Yard,Arc flash occurred during Excavation in the main switchgear room. Technician suffered severe electrical burns to face and hands.
OIL-2026-01866,Maintenance Yard,Contractor reminded to use three points of contact on stairs near Excavation unit.
OIL-2026-01867,Maintenance Yard,Scaffold tag was red but workers were seen preparing for Energy Isolation / LOTO on it. Intervened before access.
OIL-2026-01868,Maintenance Yard,Walkway obstructed by empty pallets near Confined Space area. Removed by housekeeping.
OIL-2026-01869,Refinery Unit B,"Loud bang heard near PPE observations unit, but no damage found and no one saw anything. Lunch had just finished."
OIL-2026-01870,Maintenance Yard,"Hydraulic hose burst during Electrical Hazards, spraying fluid across the deck. Operator was wearing face shield, no injury. It was raining heavily at the time."
OIL-2026-01871,Pipeline Sector 4,"During routine Confined Space inspection, noticed minor debris which was cleared immediately."
OIL-2026-01872,Pipeline Sector 4,"Worker reported feeling unwell after Process Upsets. Might be related, might be food poisoning."
OIL-2026-01873,Terminal Operations,Found some fluid on teh deck near Overpressure. Not sure if water or oil. Radio comms were a bit staticky.
OIL-2026-01874,Maintenance Yard,Major hydrocarbon gas release during Routine inspections. Cloud drifted towards hot work area. Emergency shutdown activated immediately.
OIL-2026-01875,Pipeline Sector 4,Someone said the pressure was high during Working at Height. Need to investigate further.
OIL-2026-01876,Drilling Rig Delta,"Catastrophic failure of lifting gear during Energy Isolation / LOTO. 5-ton load dropped 10 meters, striking the deck less than 2 meters from the rigging crew."
OIL-2026-01877,Maintenance Yard,Slight trip hazard identified at PPE observations location due to uneven grating. Marked with high-viz tape.
OIL-2026-01878,Refinery Unit B,Slight trip hazard identified at Process Upsets location due to uneven grating. Marked with high-viz tape.
OIL-2026-01879,Refinery Unit B,"Vehicle struck a pedestrian crossing teh yard during Chemical Exposure. Severe trauma sustained, medevac initiated."
OIL-2026-01880,Terminal Operations,Major hydrocarbon gas release during Hydrocarbon Leaks. Cloud drifted towards hot work area. Emergency shutdown activated immediately.
OIL-2026-01881,Terminal Operations,Completed daily Chemical Exposure checks. All parameters normal. Radio comms were a bit staticky.
OIL-2026-01882,Pipeline Sector 4,Arc flash occurred during Dropped Objects in the main switchgear room. Technician suffered severe electrical burns to face and hands.
OIL-2026-01883,Pipeline Sector 4,"Worker reported feeling unwell after Fire. Might be related, might be food poisoning."
OIL-2026-01884,Offshore Platform Alpha,Someone said the pressure was high during Confined Space. Need to investigate further.
OIL-2026-01885,Refinery Unit B,Routine Chemical Exposure completed without any safety incidents.
OIL-2026-01886,Refinery Unit B,"While performing Lifting Operations, a heavy wrench slipped and struck the scaffolding tube near the worker's head. Near miss."
OIL-2026-01887,Drilling Rig Delta,Scaffold tag ws red but workers were seen preparing for Electrical Hazards on it. Intervened before access. The supervisor ws not present.
OIL-2026-01888,Terminal Operations,"Catastrophic failure of lifting gear during Chemical Exposure. 5-ton load dropped 10 meters, striking the deck less than 2 meters from the rigging crew."
OIL-2026-01889,Pipeline Sector 4,"Crane slewed unexpectedly during Energy Isolation / LOTO, load swung over teh pedestrian walkway. Exclusion zone ws active, no personnel exposed."
OIL-2026-01890,Drilling Rig Delta,"Loud bang heard near Confined Space unit, but no damage found and no one saw anything."
OIL-2026-01891,Terminal Operations,Routine Overpressure completed without any safety incidents. We had a safety meeting about this just yesterday.
OIL-2026-01892,Maintenance Yard,Handrail paint was peeling near the Overpressure sector. Maintenance request submitted.
OIL-2026-01893,Maintenance Yard,Received report of incident during Fire. Could not verify details.
OIL-2026-01894,Drilling Rig Delta,"Loud bang heard near Routine inspections unit, but no damage found and no one saw anything."
OIL-2026-01895,Maintenance Yard,Scaffold tag was red but workers were seen preparing for Minor maintenance issues on it. Intervened before access.
OIL-2026-01896,Offshore Platform Alpha,"Worker reported feeling unwell after Lifting Operations. Might be related, might be food poisoning."
OIL-2026-01897,Maintenance Yard,Trench collapsed during Excavation excavation. Worker was partially buried up to the waist. Rescue team deployed.
OIL-2026-01898,Offshore Platform Alpha,"Hydraulic hose burst during PPE observations, spraying fluid across the deck. Operator was wearing face shield, no injury."
OIL-2026-01899,Maintenance Yard,Worker bypassed machine guard during Housekeeping to clear a jam. Equipment was still energized. Intervened and applied LOTO.
OIL-2026-01900,Terminal Operations,Handrail paint was peeling near the Excavation sector. Maintenance request submitted.
OIL-2026-01901,Pipeline Sector 4,The gauge looked weird during Gas Releases. We left it alone.
OIL-2026-01902,Terminal Operations,Scaffold tag was red but workers were seen preparing for Overpressure on it. Intervened before access. (Note: Please fix the AC in the control room it is too hot).
OIL-2026-01903,Maintenance Yard,"Crane slewed unexpectedly during Routine inspections, load swung over the pedestrian walkway. Exclusion zone was active, no personnel exposed."
OIL-2026-01904,Drilling Rig Delta,Trench collapsed during Lifting Operations excavation. Worker was partially buried up to the waist. Rescue team deployed.
OIL-2026-01905,Offshore Platform Alpha,Contractor found entering restricted Lifting Operations area without a valid permit. Escorted out and work stopped.
OIL-2026-01906,Drilling Rig Delta,Found some fluid on the deck near Overpressure. Not sure if water or oil.
OIL-2026-01907,Offshore Platform Alpha,Worker fell 5 meters during Vehicle Movement because harness lanyard snapped. Rushed to medical bay with suspected fractures.
OIL-2026-01908,Offshore Platform Alpha,Slight trip hazard identified at PPE observations location due to uneven grating. Marked with high-viz tape.
OIL-2026-01909,Maintenance Yard,"Vehicle struck a pedestrian crossing the yard during Working at Height. Severe trauma sustained, medevac initiated. The contractor was late to the shift."
OIL-2026-01910,Terminal Operations,Major hydrocarbon gas release during Overpressure. Cloud drifted towards hot work area. Emergency shutdown activated immediately. (Note: Please fix the AC in the control room it is too hot).
OIL-2026-01911,Drilling Rig Delta,Found some fluid on the deck near Gas Releases. Not sure if water or oil.
OIL-2026-01912,Drilling Rig Delta,"Worker reported feeling unwell after Fire. Might be related, might be food poisoning."
OIL-2026-01913,Drilling Rig Delta,Arc flash occurred during Hydrocarbon Leaks in the main switchgear room. Technician suffered severe electrical burns to face and hands.
OIL-2026-01914,Terminal Operations,"Catastrophic failure of lifting gear during Housekeeping. 5-ton load dropped 10 meters, striking the deck less than 2 meters from the rigging crew. It was raining heavily at the time."
OIL-2026-01915,Drilling Rig Delta,Small localized smoldering fire observed during Electrical Hazards hot work. Extinguished immediately with local fire watch.
OIL-2026-01916,Maintenance Yard,"Crane slewed unexpectedly during Hot Work, load swung over the pedestrian walkway. Exclusion zone was active, no personnel exposed."
OIL-2026-01917,Refinery Unit B,Small localized smoldering fire observed during Housekeeping hot work. Extinguished immediately with local fire watch.
OIL-2026-01918,Pipeline Sector 4,"Vehicle struck a pedestrian crossing the yard during Energy Isolation / LOTO. Severe trauma sustained, medevac initiated."
OIL-2026-01919,Terminal Operations,Scaffold tag was red but workers were seen preparing for Minor maintenance issues on it. Intervened before access. Radio comms were a bit staticky.
OIL-2026-01920,Terminal Operations,Walkway obstructed by empty pallets near Electrical Hazards area. Removed by housekeeping.
OIL-2026-01921,Refinery Unit B,Worker fell 5 meters during Hot Work because harness lanyard snapped. Rushed to medical bay with suspected fractures.
OIL-2026-01922,Maintenance Yard,"During Housekeeping, LEL alarms triggered at 10%. Work stopped and area ventilated. It was raining heavily at the time."
OIL-2026-01923,Terminal Operations,"While performing Vehicle Movement, a heavy wrench slipped and struck the scaffolding tube near the worker's head. Near miss."
OIL-2026-01924,Pipeline Sector 4,"Worker reported feeling unwell after Minor maintenance issues. Might be related, might be food poisoning."
OIL-2026-01925,Terminal Operations,Worker observed not wearing full PPE during Hot Work in the safe zone. Reminded and complied.
OIL-2026-01926,Terminal Operations,Someone said the pressure was high during Lifting Operations. Need to investigate further.
OIL-2026-01927,Terminal Operations,"Vehicle struck a pedestrian crossing the yard during Excavation. Severe trauma sustained, medevac initiated. Lunch had just finished."
OIL-2026-01928,Offshore Platform Alpha,Worker observed not wearing full PPE during Housekeeping in the safe zone. Reminded and complied.
OIL-2026-01929,Drilling Rig Delta,Handrail paint was peeling near the Housekeeping sector. Maintenance request submitted. (Note: Please fix the AC in the control room it is too hot).
OIL-2026-01930,Refinery Unit B,"Loud bang heard near Working at Height unit, but no damage found and no one saw anything. The shift was almost over."
OIL-2026-01931,Terminal Operations,Worker bypassed machine guard during Chemical Exposure to clear a jam. Equipment was still energized. Intervened and applied LOTO. Lunch had just finished.
OIL-2026-01932,Offshore Platform Alpha,Found some fluid on the deck near Confined Space. Not sure if water or oil.
OIL-2026-01933,Offshore Platform Alpha,Contractor reminded to use three points of contact on stairs near Simultaneous Operations unit.
OIL-2026-01934,Drilling Rig Delta,Completed daily Chemical Exposure checks. All parameters normal.
OIL-2026-01935,Terminal Operations,Minor oil weepage noticed on valve body during Housekeeping. Cleaned and tightened.
OIL-2026-01936,Terminal Operations,Small localized smoldering fire observed during Simultaneous Operations hot work. Extinguished immediately with local fire watch.
OIL-2026-01937,Pipeline Sector 4,Contractor dropped something during Hot Work. Didn't see what it was.
OIL-2026-01938,Terminal Operations,Worker observed not wearing full PPE during Overpressure in the safe zone. Reminded and complied. We had a safety meeting about this just yesterday.
OIL-2026-01939,Maintenance Yard,Worker bypassed machine guard during Lifting Operations to clear a jam. Equipment was still energized. Intervened and applied LOTO.
OIL-2026-01940,Pipeline Sector 4,"During routine Excavation inspection, noticed minor debris which was cleared immediately."
OIL-2026-01941,Pipeline Sector 4,Someone said the pressure was high during Gas Releases. Need to investigate further.
OIL-2026-01942,Terminal Operations,"During routine Chemical Exposure inspection, noticed minor debris which was cleared immediately."
OIL-2026-01943,Refinery Unit B,Contractor found entering restricted Energy Isolation / LOTO area without a valid permit. Escorted out and work stopped.
OIL-2026-01944,Drilling Rig Delta,Scaffold tag ws red but workers were seen preparing for Hot Work on it. Intervened before access. (Note: Please fix teh AC in teh control room it is too hot).
OIL-2026-01945,Terminal Operations,Received report of incident during Process Upsets. Could not verify details.
OIL-2026-01946,Terminal Operations,"Catastrophic failure of lifting gear during PPE observations. 5-ton load dropped 10 meters, striking the deck less than 2 meters from the rigging crew."
OIL-2026-01947,Refinery Unit B,Small localized smoldering fire observed during Dropped Objects hot work. Extinguished immediately with local fire watch.
OIL-2026-01948,Offshore Platform Alpha,Arc flash occurred during Gas Releases in the main switchgear room. Technician suffered severe electrical burns to face and hands.
OIL-2026-01949,Pipeline Sector 4,Contractor dropped something during Working at Height. Didn't see what it was.
OIL-2026-01950,Drilling Rig Delta,Worker fell 5 meters during Energy Isolation / LOTO because harness lanyard snapped. Rushed to medical bay with suspected fractures.
OIL-2026-01951,Pipeline Sector 4,"Catastrophic failure of lifting gear during Excavation. 5-ton load dropped 10 meters, striking the deck less than 2 meters from the rigging crew."
OIL-2026-01952,Maintenance Yard,Contractor found entering restricted Lifting Operations area without a valid permit. Escorted out and work stopped.
OIL-2026-01953,Refinery Unit B,"While performing Overpressure, a heavy wrench slipped and struck the scaffolding tube near the worker's head. Near miss. (Note: Please fix the AC in the control room it is too hot)."
OIL-2026-01954,Terminal Operations,Contractor dropped something during Minor maintenance issues. Didn't see what it was.
OIL-2026-01955,Pipeline Sector 4,Trench collapsed during Overpressure excavation. Worker was partially buried up to the waist. Rescue team deployed.
OIL-2026-01956,Pipeline Sector 4,The gauge looked weird during Chemical Exposure. We left it alone.
OIL-2026-01957,Drilling Rig Delta,Found some fluid on the deck near Overpressure. Not sure if water or oil.
OIL-2026-01958,Terminal Operations,Small localized smoldering fire observed during Excavation hot work. Extinguished immediately with local fire watch. I didn't have my glasses on but I saw it happen.
OIL-2026-01959,Pipeline Sector 4,Arc flash occurred during Hot Work in the main switchgear room. Technician suffered severe electrical burns to face and hands.
OIL-2026-01960,Terminal Operations,Major hydrocarbon gas release during Electrical Hazards. Cloud drifted towards hot work area. Emergency shutdown activated immediately.
OIL-2026-01961,Pipeline Sector 4,Worker observed not wearing full PPE during Confined Space in the safe zone. Reminded and complied.
OIL-2026-01962,Maintenance Yard,"During Confined Space, LEL alarms triggered at 10%. Work stopped and area ventilated."
OIL-2026-01963,Terminal Operations,"Crane slewed unexpectedly during Minor maintenance issues, load swung over the pedestrian walkway. Exclusion zone was active, no personnel exposed. I didn't have my glasses on but I saw it happen."
OIL-2026-01964,Pipeline Sector 4,"While performing Lifting Operations, a heavy wrench slipped and struck the scaffolding tube near the worker's head. Near miss."
OIL-2026-01965,Pipeline Sector 4,"Vehicle struck a pedestrian crossing the yard during Chemical Exposure. Severe trauma sustained, medevac initiated."
OIL-2026-01966,Maintenance Yard,"Crane slewed unexpectedly during Gas Releases, load swung over the pedestrian walkway. Exclusion zone was active, no personnel exposed."
OIL-2026-01967,Refinery Unit B,"Hydraulic hose burst during Confined Space, spraying fluid across teh deck. Operator ws wearing face shield, no injury."
OIL-2026-01968,Pipeline Sector 4,Trench collapsed during Dropped Objects excavation. Worker was partially buried up to the waist. Rescue team deployed.
OIL-2026-01969,Drilling Rig Delta,"Catastrophic failure of lifting gear during Hot Work. 5-ton load dropped 10 meters, striking the deck less than 2 meters from the rigging crew."
OIL-2026-01970,Pipeline Sector 4,Worker fell 5 meters during Simultaneous Operations because harness lanyard snapped. Rushed to medical bay with suspected fractures.
OIL-2026-01971,Drilling Rig Delta,"Worker reported feeling unwell after Hot Work. Might be related, might be food poisoning."
OIL-2026-01972,Refinery Unit B,Completed daily Gas Releases checks. All parameters normal.
OIL-2026-01973,Drilling Rig Delta,The gauge looked weird during Housekeeping. We left it alone.
OIL-2026-01974,Terminal Operations,Routine Routine inspections completed without any safety incidents.
OIL-2026-01975,Offshore Platform Alpha,Worker fell 5 meters during Lifting Operations because harness lanyard snapped. Rushed to medical bay with suspected fractures.
OIL-2026-01976,Offshore Platform Alpha,Minor oil weepage noticed on valve body during Dropped Objects. Cleaned and tightened.
OIL-2026-01977,Terminal Operations,Walkway obstructed by empty pallets near Vehicle Movement area. Removed by housekeeping.
OIL-2026-01978,Drilling Rig Delta,"Worker reported feeling unwell after Routine inspections. Might be related, might be food poisoning."
OIL-2026-01979,Terminal Operations,Scaffold tag was red but workers were seen preparing for Excavation on it. Intervened before access.
OIL-2026-01980,Pipeline Sector 4,Completed daily Overpressure checks. All parameters normal.
OIL-2026-01981,Maintenance Yard,Trench collapsed during PPE observations excavation. Worker was partially buried up to the waist. Rescue team deployed.
OIL-2026-01982,Maintenance Yard,Someone said the pressure was high during Vehicle Movement. Need to investigate further. The contractor was late to the shift.
OIL-2026-01983,Maintenance Yard,Scaffold tag was red but workers were seen preparing for Process Upsets on it. Intervened before access.
OIL-2026-01984,Refinery Unit B,Slight trip hazard identified at Routine inspections location due to uneven grating. Marked with high-viz tape.
OIL-2026-01985,Offshore Platform Alpha,Trench collapsed during Confined Space excavation. Worker was partially buried up to the waist. Rescue team deployed. Lunch had just finished.
OIL-2026-01986,Drilling Rig Delta,Minor oil weepage noticed on valve body during Energy Isolation / LOTO. Cleaned and tightened.
OIL-2026-01987,Pipeline Sector 4,Contractor reminded to use three points of contact on stairs near Hydrocarbon Leaks unit.
OIL-2026-01988,Terminal Operations,Slight trip hazard identified at Process Upsets location due to uneven grating. Marked with high-viz tape.
OIL-2026-01989,Terminal Operations,"Crane slewed unexpectedly during Routine inspections, load swung over the pedestrian walkway. Exclusion zone was active, no personnel exposed."
OIL-2026-01990,Drilling Rig Delta,Worker bypassed machine guard during Overpressure to clear a jam. Equipment was still energized. Intervened and applied LOTO.
OIL-2026-01991,Terminal Operations,The gauge looked weird during Overpressure. We left it alone.
OIL-2026-01992,Refinery Unit B,"Vehicle struck a pedestrian crossing the yard during Fire. Severe trauma sustained, medevac initiated."
OIL-2026-01993,Offshore Platform Alpha,"During routine Dropped Objects inspection, noticed minor debris which was cleared immediately. We had a safety meeting about this just yesterday."
OIL-2026-01994,Maintenance Yard,"Hydraulic hose burst during Gas Releases, spraying fluid across the deck. Operator was wearing face shield, no injury."
OIL-2026-01995,Pipeline Sector 4,Major hydrocarbon gas release during Routine inspections. Cloud drifted towards hot work area. Emergency shutdown activated immediately. Radio comms were a bit staticky.
OIL-2026-01996,Offshore Platform Alpha,Someone said the pressure was high during Chemical Exposure. Need to investigate further.
OIL-2026-01997,Pipeline Sector 4,Trench collapsed during Simultaneous Operations excavation. Worker was partially buried up to the waist. Rescue team deployed.
OIL-2026-01998,Drilling Rig Delta,"Hydraulic hose burst during PPE observations, spraying fluid across the deck. Operator was wearing face shield, no injury. It was raining heavily at the time."
OIL-2026-01999,Offshore Platform Alpha,Contractor dropped something during Dropped Objects. Didn't see what it was.
OIL-2026-02000,Refinery Unit B,Someone said the pressure was high during Energy Isolation / LOTO. Need to investigate further. (Note: Please fix the AC in the control room it is too hot).
OIL-2026-02001,Terminal Operations,Scaffold tag was red but workers were seen preparing for Working at Height on it. Intervened before access.
OIL-2026-02002,Offshore Platform Alpha,Trench collapsed during Dropped Objects excavation. Worker was partially buried up to the waist. Rescue team deployed.
OIL-2026-02003,Offshore Platform Alpha,Arc flash occurred during Process Upsets in the main switchgear room. Technician suffered severe electrical burns to face and hands.
OIL-2026-02004,Pipeline Sector 4,"Loud bang heard near Housekeeping unit, but no damage found and no one saw anything."
OIL-2026-02005,Drilling Rig Delta,"Loud bang heard near Routine inspections unit, but no damage found and no one saw anything."
OIL-2026-02006,Terminal Operations,Contractor found entering restricted Working at Height area without a valid permit. Escorted out and work stopped.
OIL-2026-02007,Offshore Platform Alpha,Completed daily Confined Space checks. All parameters normal.
OIL-2026-02008,Offshore Platform Alpha,"Loud bang heard near Confined Space unit, but no damage found and no one saw anything."
OIL-2026-02009,Drilling Rig Delta,Worker fell 5 meters during Working at Height because harness lanyard snapped. Rushed to medical bay with suspected fractures.
OIL-2026-02010,Refinery Unit B,"Vehicle struck a pedestrian crossing the yard during Hydrocarbon Leaks. Severe trauma sustained, medevac initiated."
OIL-2026-02011,Refinery Unit B,Contractor found entering restricted Lifting Operations area without a valid permit. Escorted out and work stopped. Radio comms were a bit staticky.
OIL-2026-02012,Refinery Unit B,"Crane slewed unexpectedly during Overpressure, load swung over the pedestrian walkway. Exclusion zone was active, no personnel exposed."
OIL-2026-02013,Pipeline Sector 4,Someone said the pressure was high during Hydrocarbon Leaks. Need to investigate further.
OIL-2026-02014,Drilling Rig Delta,Handrail paint was peeling near the Fire sector. Maintenance request submitted.
OIL-2026-02015,Refinery Unit B,"While performing Dropped Objects, a heavy wrench slipped and struck the scaffolding tube near the worker's head. Near miss."
OIL-2026-02016,Terminal Operations,Small localized smoldering fire observed during Vehicle Movement hot work. Extinguished immediately with local fire watch.
OIL-2026-02017,Offshore Platform Alpha,Found some fluid on the deck near Housekeeping. Not sure if water or oil.
OIL-2026-02018,Offshore Platform Alpha,Contractor found entering restricted Vehicle Movement area without a valid permit. Escorted out and work stopped.
OIL-2026-02019,Pipeline Sector 4,Worker bypassed machine guard during Dropped Objects to clear a jam. Equipment was still energized. Intervened and applied LOTO. We had a safety meeting about this just yesterday.
OIL-2026-02020,Offshore Platform Alpha,Scaffold tag was red but workers were seen preparing for Energy Isolation / LOTO on it. Intervened before access.
OIL-2026-02021,Refinery Unit B,Someone said the pressure was high during Simultaneous Operations. Need to investigate further.
OIL-2026-02022,Offshore Platform Alpha,Worker fell 5 meters during Hydrocarbon Leaks because harness lanyard snapped. Rushed to medical bay with suspected fractures.
OIL-2026-02023,Drilling Rig Delta,Slight trip hazard identified at Routine inspections location due to uneven grating. Marked with high-viz tape.
OIL-2026-02024,Pipeline Sector 4,Routine Excavation completed without any safety incidents.
OIL-2026-02025,Maintenance Yard,"While performing Hydrocarbon Leaks, a heavy wrench slipped and struck the scaffolding tube near the worker's head. Near miss."
OIL-2026-02026,Maintenance Yard,Contractor dropped something during Overpressure. Didn't see what it was.
OIL-2026-02027,Drilling Rig Delta,"Loud bang heard near Housekeeping unit, but no damage found and no one saw anything."
OIL-2026-02028,Terminal Operations,Trench collapsed during Vehicle Movement excavation. Worker was partially buried up to the waist. Rescue team deployed.
OIL-2026-02029,Terminal Operations,"Catastrophic failure of lifting gear during Energy Isolation / LOTO. 5-ton load dropped 10 meters, striking the deck less than 2 meters from the rigging crew."
OIL-2026-02030,Refinery Unit B,Slight trip hazard identified at Dropped Objects location due to uneven grating. Marked with high-viz tape. Lunch had just finished.
OIL-2026-02031,Offshore Platform Alpha,Minor oil weepage noticed on valve body during Confined Space. Cleaned and tightened.
OIL-2026-02032,Pipeline Sector 4,Scaffold tag was red but workers were seen preparing for Lifting Operations on it. Intervened before access. Lunch had just finished.
OIL-2026-02033,Pipeline Sector 4,"Crane slewed unexpectedly during Process Upsets, load swung over the pedestrian walkway. Exclusion zone was active, no personnel exposed."
OIL-2026-02034,Terminal Operations,Small localized smoldering fire observed during Hot Work hot work. Extinguished immediately with local fire watch. Lunch had just finished.
OIL-2026-02035,Pipeline Sector 4,Trench collapsed during Overpressure excavation. Worker ws partially buried up to teh waist. Rescue team deployed.
OIL-2026-02036,Refinery Unit B,"While performing Minor maintenance issues, a heavy wrench slipped and struck the scaffolding tube near the worker's head. Near miss."
OIL-2026-02037,Pipeline Sector 4,Contractor reminded to use three points of contact on stairs near Gas Releases unit.
OIL-2026-02038,Terminal Operations,Worker fell 5 meters during Excavation because harness lanyard snapped. Rushed to medical bay with suspected fractures.
OIL-2026-02039,Terminal Operations,Fire extinguisher tag missing in the Gas Releases zone. Replaced by safety officer.
OIL-2026-02040,Refinery Unit B,"During routine Simultaneous Operations inspection, noticed minor debris which was cleared immediately."
OIL-2026-02041,Drilling Rig Delta,Contractor dropped something during Housekeeping. Didn't see what it was. The contractor was late to the shift.
OIL-2026-02042,Refinery Unit B,Contractor dropped something during Process Upsets. Didn't see what it was.
OIL-2026-02043,Offshore Platform Alpha,Worker bypassed machine guard during Process Upsets to clear a jam. Equipment was still energized. Intervened and applied LOTO. The shift was almost over.
OIL-2026-02044,Pipeline Sector 4,Worker observed not wearing full PPE during Chemical Exposure in the safe zone. Reminded and complied.
OIL-2026-02045,Offshore Platform Alpha,Scaffold tag was red but workers were seen preparing for Simultaneous Operations on it. Intervened before access.
OIL-2026-02046,Offshore Platform Alpha,Trench collapsed during Overpressure excavation. Worker was partially buried up to the waist. Rescue team deployed.
OIL-2026-02047,Maintenance Yard,The gauge looked weird during Gas Releases. We left it alone.
OIL-2026-02048,Pipeline Sector 4,Small localized smoldering fire observed during Electrical Hazards hot work. Extinguished immediately with local fire watch. Radio comms were a bit staticky.
OIL-2026-02049,Terminal Operations,Completed daily Energy Isolation / LOTO checks. All parameters normal.
OIL-2026-02050,Pipeline Sector 4,Contractor found entering restricted Working at Height area without a valid permit. Escorted out and work stopped. We had a safety meeting about this just yesterday.
OIL-2026-02051,Pipeline Sector 4,Completed daily Energy Isolation / LOTO checks. All parameters normal. It was raining heavily at the time.
OIL-2026-02052,Pipeline Sector 4,Found some fluid on the deck near Confined Space. Not sure if water or oil. Lunch had just finished.
OIL-2026-02053,Drilling Rig Delta,Arc flash occurred during Fire in the main switchgear room. Technician suffered severe electrical burns to face and hands.
OIL-2026-02054,Refinery Unit B,Arc flash occurred during Minor maintenance issues in the main switchgear room. Technician suffered severe electrical burns to face and hands. We had a safety meeting about this just yesterday.
OIL-2026-02055,Terminal Operations,Small localized smoldering fire observed during Hot Work hot work. Extinguished immediately with local fire watch.
OIL-2026-02056,Drilling Rig Delta,Arc flash occurred during Hydrocarbon Leaks in the main switchgear room. Technician suffered severe electrical burns to face and hands.
OIL-2026-02057,Maintenance Yard,Fire extinguisher tag missing in the Confined Space zone. Replaced by safety officer.
OIL-2026-02058,Refinery Unit B,Completed daily Hydrocarbon Leaks checks. All parameters normal.
OIL-2026-02059,Pipeline Sector 4,Scaffold tag was red but workers were seen preparing for Energy Isolation / LOTO on it. Intervened before access.
OIL-2026-02060,Pipeline Sector 4,Routine Dropped Objects completed without any safety incidents.
OIL-2026-02061,Pipeline Sector 4,Major hydrocarbon gas release during Hydrocarbon Leaks. Cloud drifted towards hot work area. Emergency shutdown activated immediately. The supervisor ws not present.
OIL-2026-02062,Drilling Rig Delta,Contractor found entering restricted Chemical Exposure area without a valid permit. Escorted out and work stopped.
OIL-2026-02063,Maintenance Yard,Walkway obstructed by empty pallets near Excavation area. Removed by housekeeping. We had a safety meeting about this just yesterday.
OIL-2026-02064,Terminal Operations,Slight trip hazard identified at Routine inspections location due to uneven grating. Marked with high-viz tape.
OIL-2026-02065,Pipeline Sector 4,"While performing Simultaneous Operations, a heavy wrench slipped and struck the scaffolding tube near the worker's head. Near miss."
OIL-2026-02066,Pipeline Sector 4,"Loud bang heard near Simultaneous Operations unit, but no damage found and no one saw anything."
OIL-2026-02067,Maintenance Yard,Completed daily Energy Isolation / LOTO checks. All parameters normal.
OIL-2026-02068,Terminal Operations,Worker fell 5 meters during Confined Space because harness lanyard snapped. Rushed to medical bay with suspected fractures.
OIL-2026-02069,Maintenance Yard,Slight trip hazard identified at Gas Releases location due to uneven grating. Marked with high-viz tape.
OIL-2026-02070,Offshore Platform Alpha,Scaffold tag was red but workers were seen preparing for Routine inspections on it. Intervened before access.
OIL-2026-02071,Pipeline Sector 4,Trench collapsed during Hydrocarbon Leaks excavation. Worker was partially buried up to the waist. Rescue team deployed.
OIL-2026-02072,Offshore Platform Alpha,Arc flash occurred during Lifting Operations in the main switchgear room. Technician suffered severe electrical burns to face and hands.
OIL-2026-02073,Refinery Unit B,Worker observed not wearing full PPE during Vehicle Movement in the safe zone. Reminded and complied.
OIL-2026-02074,Pipeline Sector 4,Trench collapsed during Process Upsets excavation. Worker was partially buried up to the waist. Rescue team deployed.
OIL-2026-02075,Drilling Rig Delta,Major hydrocarbon gas release during Chemical Exposure. Cloud drifted towards hot work area. Emergency shutdown activated immediately.
OIL-2026-02076,Pipeline Sector 4,Trench collapsed during Gas Releases excavation. Worker was partially buried up to the waist. Rescue team deployed.
OIL-2026-02077,Refinery Unit B,Routine Electrical Hazards completed without any safety incidents.
OIL-2026-02078,Drilling Rig Delta,Contractor reminded to use three points of contact on stairs near Working at Height unit.
OIL-2026-02079,Pipeline Sector 4,"Worker reported feeling unwell after Hot Work. Might be related, might be food poisoning."
OIL-2026-02080,Maintenance Yard,Completed daily Working at Height checks. All parameters normal.
OIL-2026-02081,Terminal Operations,Trench collapsed during Routine inspections excavation. Worker was partially buried up to the waist. Rescue team deployed.
OIL-2026-02082,Offshore Platform Alpha,Worker bypassed machine guard during Dropped Objects to clear a jam. Equipment was still energized. Intervened and applied LOTO.
OIL-2026-02083,Terminal Operations,"Crane slewed unexpectedly during Process Upsets, load swung over the pedestrian walkway. Exclusion zone was active, no personnel exposed."
OIL-2026-02084,Refinery Unit B,"During Excavation, LEL alarms triggered at 10%. Work stopped and area ventilated."
OIL-2026-02085,Pipeline Sector 4,Worker observed not wearing full PPE during Hydrocarbon Leaks in the safe zone. Reminded and complied.
OIL-2026-02086,Pipeline Sector 4,Slight trip hazard identified at Routine inspections location due to uneven grating. Marked with high-viz tape.
OIL-2026-02087,Refinery Unit B,Scaffold tag was red but workers were seen preparing for Hot Work on it. Intervened before access.
OIL-2026-02088,Pipeline Sector 4,"During routine Confined Space inspection, noticed minor debris which was cleared immediately."
OIL-2026-02089,Drilling Rig Delta,Arc flash occurred during Simultaneous Operations in the main switchgear room. Technician suffered severe electrical burns to face and hands. The shift was almost over.
OIL-2026-02090,Offshore Platform Alpha,"While performing Routine inspections, a heavy wrench slipped and struck the scaffolding tube near the worker's head. Near miss."
OIL-2026-02091,Maintenance Yard,"During routine Process Upsets inspection, noticed minor debris which was cleared immediately."
OIL-2026-02092,Terminal Operations,Small localized smoldering fire observed during Electrical Hazards hot work. Extinguished immediately with local fire watch.
OIL-2026-02093,Drilling Rig Delta,"Catastrophic failure of lifting gear during Minor maintenance issues. 5-ton load dropped 10 meters, striking the deck less than 2 meters from the rigging crew."
OIL-2026-02094,Drilling Rig Delta,Slight trip hazard identified at Excavation location due to uneven grating. Marked with high-viz tape.
OIL-2026-02095,Terminal Operations,Worker bypassed machine guard during Electrical Hazards to clear a jam. Equipment was still energized. Intervened and applied LOTO.
OIL-2026-02096,Maintenance Yard,Handrail paint was peeling near the Electrical Hazards sector. Maintenance request submitted.
OIL-2026-02097,Terminal Operations,Minor oil weepage noticed on valve body during Energy Isolation / LOTO. Cleaned and tightened. Radio comms were a bit staticky.
OIL-2026-02098,Drilling Rig Delta,Contractor found entering restricted Hydrocarbon Leaks area without a valid permit. Escorted out and work stopped.
OIL-2026-02099,Terminal Operations,Routine Electrical Hazards completed without any safety incidents. Lunch had just finished.
OIL-2026-02100,Maintenance Yard,"Vehicle struck a pedestrian crossing the yard during Chemical Exposure. Severe trauma sustained, medevac initiated."
OIL-2026-02101,Drilling Rig Delta,"During routine Minor maintenance issues inspection, noticed minor debris which was cleared immediately."
OIL-2026-02102,Terminal Operations,Arc flash occurred during Housekeeping in the main switchgear room. Technician suffered severe electrical burns to face and hands.
OIL-2026-02103,Pipeline Sector 4,Scaffold tag was red but workers were seen preparing for Minor maintenance issues on it. Intervened before access.
OIL-2026-02104,Offshore Platform Alpha,Worker bypassed machine guard during Housekeeping to clear a jam. Equipment ws still energized. Intervened and applied LOTO. The shift ws almost over.
OIL-2026-02105,Drilling Rig Delta,Walkway obstructed by empty pallets near Hydrocarbon Leaks area. Removed by housekeeping.
OIL-2026-02106,Drilling Rig Delta,Major hydrocarbon gas release during Vehicle Movement. Cloud drifted towards hot work area. Emergency shutdown activated immediately.
OIL-2026-02107,Offshore Platform Alpha,Worker fell 5 meters during Housekeeping because harness lanyard snapped. Rushed to medical bay with suspected fractures.
OIL-2026-02108,Maintenance Yard,Handrail paint was peeling near the Hot Work sector. Maintenance request submitted.
OIL-2026-02109,Maintenance Yard,"Catastrophic failure of lifting gear during PPE observations. 5-ton load dropped 10 meters, striking teh deck less than 2 meters from teh rigging crew."
OIL-2026-02110,Drilling Rig Delta,Contractor found entering restricted Excavation area without a valid permit. Escorted out and work stopped.
OIL-2026-02111,Maintenance Yard,"Vehicle struck a pedestrian crossing the yard during Excavation. Severe trauma sustained, medevac initiated."
OIL-2026-02112,Offshore Platform Alpha,Worker observed not wearing full PPE during Chemical Exposure in the safe zone. Reminded and complied.
OIL-2026-02113,Refinery Unit B,Trench collapsed during Lifting Operations excavation. Worker was partially buried up to the waist. Rescue team deployed.
OIL-2026-02114,Offshore Platform Alpha,Worker bypassed machine guard during Minor maintenance issues to clear a jam. Equipment was still energized. Intervened and applied LOTO.
OIL-2026-02115,Pipeline Sector 4,Walkway obstructed by empty pallets near Confined Space area. Removed by housekeeping.
OIL-2026-02116,Maintenance Yard,Found some fluid on the deck near PPE observations. Not sure if water or oil.
OIL-2026-02117,Pipeline Sector 4,Contractor dropped something during Overpressure. Didn't see what it was.
OIL-2026-02118,Pipeline Sector 4,Trench collapsed during Vehicle Movement excavation. Worker was partially buried up to the waist. Rescue team deployed.
OIL-2026-02119,Refinery Unit B,Arc flash occurred during Chemical Exposure in the main switchgear room. Technician suffered severe electrical burns to face and hands.
OIL-2026-02120,Terminal Operations,Contractor reminded to use three points of contact on stairs near Simultaneous Operations unit.
OIL-2026-02121,Terminal Operations,Major hydrocarbon gas release during Excavation. Cloud drifted towards hot work area. Emergency shutdown activated immediately.
OIL-2026-02122,Maintenance Yard,"During Hot Work, LEL alarms triggered at 10%. Work stopped and area ventilated."
OIL-2026-02123,Offshore Platform Alpha,Minor oil weepage noticed on valve body during Dropped Objects. Cleaned and tightened. The shift was almost over.
OIL-2026-02124,Refinery Unit B,Major hydrocarbon gas release during Electrical Hazards. Cloud drifted towards hot work area. Emergency shutdown activated immediately.
OIL-2026-02125,Terminal Operations,Contractor dropped something during Hot Work. Didn't see what it was.
OIL-2026-02126,Refinery Unit B,Slight trip hazard identified at Housekeeping location due to uneven grating. Marked with high-viz tape. Radio comms were a bit staticky.
OIL-2026-02127,Refinery Unit B,Scaffold tag was red but workers were seen preparing for Lifting Operations on it. Intervened before access. The shift was almost over.
OIL-2026-02128,Drilling Rig Delta,Scaffold tag was red but workers were seen preparing for Dropped Objects on it. Intervened before access.
OIL-2026-02129,Terminal Operations,Contractor found entering restricted Overpressure area without a valid permit. Escorted out and work stopped.
OIL-2026-02130,Terminal Operations,Handrail paint was peeling near the Hydrocarbon Leaks sector. Maintenance request submitted.
OIL-2026-02131,Pipeline Sector 4,Completed daily Overpressure checks. All parameters normal.
OIL-2026-02132,Pipeline Sector 4,Someone said the pressure was high during Overpressure. Need to investigate further.
OIL-2026-02133,Terminal Operations,"Vehicle struck a pedestrian crossing the yard during Working at Height. Severe trauma sustained, medevac initiated."
OIL-2026-02134,Terminal Operations,"During routine Fire inspection, noticed minor debris which was cleared immediately."
OIL-2026-02135,Terminal Operations,"Crane slewed unexpectedly during Vehicle Movement, load swung over the pedestrian walkway. Exclusion zone was active, no personnel exposed."
OIL-2026-02136,Drilling Rig Delta,"Loud bang heard near Excavation unit, but no damage found and no one saw anything."
OIL-2026-02137,Pipeline Sector 4,Small localized smoldering fire observed during Energy Isolation / LOTO hot work. Extinguished immediately with local fire watch.
OIL-2026-02138,Drilling Rig Delta,Found some fluid on the deck near Routine inspections. Not sure if water or oil.
OIL-2026-02139,Pipeline Sector 4,Handrail paint was peeling near the PPE observations sector. Maintenance request submitted.
OIL-2026-02140,Refinery Unit B,Someone said the pressure was high during Confined Space. Need to investigate further.
OIL-2026-02141,Pipeline Sector 4,Major hydrocarbon gas release during Minor maintenance issues. Cloud drifted towards hot work area. Emergency shutdown activated immediately.
OIL-2026-02142,Maintenance Yard,Found some fluid on the deck near Minor maintenance issues. Not sure if water or oil.
OIL-2026-02143,Drilling Rig Delta,Worker fell 5 meters during Working at Height because harness lanyard snapped. Rushed to medical bay with suspected fractures.
OIL-2026-02144,Refinery Unit B,Scaffold tag was red but workers were seen preparing for Gas Releases on it. Intervened before access.
OIL-2026-02145,Drilling Rig Delta,"Loud bang heard near Electrical Hazards unit, but no damage found and no one saw anything."
OIL-2026-02146,Refinery Unit B,Major hydrocarbon gas release during Chemical Exposure. Cloud drifted towards hot work area. Emergency shutdown activated immediately.
OIL-2026-02147,Offshore Platform Alpha,"Worker reported feeling unwell after Overpressure. Might be related, might be food poisoning."
OIL-2026-02148,Offshore Platform Alpha,Trench collapsed during Energy Isolation / LOTO excavation. Worker was partially buried up to the waist. Rescue team deployed.
OIL-2026-02149,Drilling Rig Delta,Trench collapsed during Gas Releases excavation. Worker was partially buried up to the waist. Rescue team deployed.
OIL-2026-02150,Maintenance Yard,Found some fluid on the deck near Confined Space. Not sure if water or oil. (Note: Please fix the AC in the control room it is too hot).
OIL-2026-02151,Pipeline Sector 4,Contractor dropped something during Housekeeping. Didn't see what it was.
OIL-2026-02152,Terminal Operations,"Hydraulic hose burst during Vehicle Movement, spraying fluid across the deck. Operator was wearing face shield, no injury."
OIL-2026-02153,Drilling Rig Delta,Handrail paint was peeling near the Lifting Operations sector. Maintenance request submitted. We had a safety meeting about this just yesterday.
OIL-2026-02154,Maintenance Yard,"While performing Overpressure, a heavy wrench slipped and struck the scaffolding tube near the worker's head. Near miss."
OIL-2026-02155,Terminal Operations,"Catastrophic failure of lifting gear during Working at Height. 5-ton load dropped 10 meters, striking the deck less than 2 meters from the rigging crew."
OIL-2026-02156,Drilling Rig Delta,"Vehicle struck a pedestrian crossing the yard during Minor maintenance issues. Severe trauma sustained, medevac initiated."
OIL-2026-02157,Maintenance Yard,Scaffold tag was red but workers were seen preparing for Minor maintenance issues on it. Intervened before access.
OIL-2026-02158,Maintenance Yard,"Loud bang heard near Lifting Operations unit, but no damage found and no one saw anything."
OIL-2026-02159,Terminal Operations,"During Energy Isolation / LOTO, LEL alarms triggered at 10%. Work stopped and area ventilated."
OIL-2026-02160,Pipeline Sector 4,"Vehicle struck a pedestrian crossing the yard during Excavation. Severe trauma sustained, medevac initiated."
OIL-2026-02161,Pipeline Sector 4,Worker fell 5 meters during Excavation because harness lanyard snapped. Rushed to medical bay with suspected fractures.
OIL-2026-02162,Drilling Rig Delta,Received report of incident during Process Upsets. Could not verify details.
OIL-2026-02163,Pipeline Sector 4,"Worker reported feeling unwell after Energy Isolation / LOTO. Might be related, might be food poisoning."
OIL-2026-02164,Maintenance Yard,"Hydraulic hose burst during Hot Work, spraying fluid across the deck. Operator was wearing face shield, no injury."
OIL-2026-02165,Pipeline Sector 4,"During Hot Work, LEL alarms triggered at 10%. Work stopped and area ventilated."
OIL-2026-02166,Offshore Platform Alpha,Scaffold tag was red but workers were seen preparing for Fire on it. Intervened before access.
OIL-2026-02167,Pipeline Sector 4,Arc flash occurred during Fire in the main switchgear room. Technician suffered severe electrical burns to face and hands.
OIL-2026-02168,Offshore Platform Alpha,Contractor dropped something during Process Upsets. Didn't see what it was.
OIL-2026-02169,Terminal Operations,Worker observed not wearing full PPE during Hydrocarbon Leaks in the safe zone. Reminded and complied.
OIL-2026-02170,Pipeline Sector 4,The gauge looked weird during Confined Space. We left it alone.
OIL-2026-02171,Refinery Unit B,The gauge looked weird during Chemical Exposure. We left it alone.
OIL-2026-02172,Drilling Rig Delta,Trench collapsed during Dropped Objects excavation. Worker was partially buried up to the waist. Rescue team deployed. (Note: Please fix the AC in the control room it is too hot).
OIL-2026-02173,Drilling Rig Delta,"During routine Energy Isolation / LOTO inspection, noticed minor debris which was cleared immediately."
OIL-2026-02174,Refinery Unit B,Small localized smoldering fire observed during Fire hot work. Extinguished immediately with local fire watch.
OIL-2026-02175,Terminal Operations,"Vehicle struck a pedestrian crossing the yard during Lifting Operations. Severe trauma sustained, medevac initiated."
OIL-2026-02176,Drilling Rig Delta,Worker fell 5 meters during Hot Work because harness lanyard snapped. Rushed to medical bay with suspected fractures. The supervisor was not present.
OIL-2026-02177,Terminal Operations,Completed daily Chemical Exposure checks. All parameters normal.
OIL-2026-02178,Pipeline Sector 4,Received report of incident during Simultaneous Operations. Could not verify details.
OIL-2026-02179,Refinery Unit B,Contractor dropped something during Process Upsets. Didn't see what it was.
OIL-2026-02180,Pipeline Sector 4,"Loud bang heard near Fire unit, but no damage found and no one saw anything. The contractor was late to the shift."
OIL-2026-02181,Drilling Rig Delta,Contractor reminded to use three points of contact on stairs near Overpressure unit.
OIL-2026-02182,Terminal Operations,"Worker reported feeling unwell after Simultaneous Operations. Might be related, might be food poisoning."
OIL-2026-02183,Maintenance Yard,"Hydraulic hose burst during Fire, spraying fluid across the deck. Operator was wearing face shield, no injury."
OIL-2026-02184,Offshore Platform Alpha,Found some fluid on the deck near Excavation. Not sure if water or oil. Lunch had just finished.
OIL-2026-02185,Refinery Unit B,Contractor found entering restricted Process Upsets area without a valid permit. Escorted out and work stopped.
OIL-2026-02186,Maintenance Yard,Handrail paint was peeling near the Hydrocarbon Leaks sector. Maintenance request submitted.
OIL-2026-02187,Pipeline Sector 4,Contractor found entering restricted Minor maintenance issues area without a valid permit. Escorted out and work stopped.
OIL-2026-02188,Drilling Rig Delta,Completed daily Lifting Operations checks. All parameters normal.
OIL-2026-02189,Offshore Platform Alpha,"Vehicle struck a pedestrian crossing the yard during Process Upsets. Severe trauma sustained, medevac initiated. The supervisor was not present."
OIL-2026-02190,Terminal Operations,Contractor dropped something during Energy Isolation / LOTO. Didn't see what it was.
OIL-2026-02191,Maintenance Yard,"Worker reported feeling unwell after Simultaneous Operations. Might be related, might be food poisoning."
OIL-2026-02192,Offshore Platform Alpha,Slight trip hazard identified at Vehicle Movement location due to uneven grating. Marked with high-viz tape.
OIL-2026-02193,Terminal Operations,Scaffold tag was red but workers were seen preparing for Housekeeping on it. Intervened before access.
OIL-2026-02194,Terminal Operations,Contractor reminded to use three points of contact on stairs near Simultaneous Operations unit.
OIL-2026-02195,Offshore Platform Alpha,"Catastrophic failure of lifting gear during Chemical Exposure. 5-ton load dropped 10 meters, striking the deck less than 2 meters from the rigging crew."
OIL-2026-02196,Offshore Platform Alpha,"Catastrophic failure of lifting gear during Lifting Operations. 5-ton load dropped 10 meters, striking the deck less than 2 meters from the rigging crew."
OIL-2026-02197,Pipeline Sector 4,"Loud bang heard near Hydrocarbon Leaks unit, but no damage found and no one saw anything."
OIL-2026-02198,Maintenance Yard,"During Confined Space, LEL alarms triggered at 10%. Work stopped and area ventilated."
OIL-2026-02199,Refinery Unit B,Contractor dropped something during Excavation. Didn't see what it was. We had a safety meeting about this just yesterday.
OIL-2026-02200,Refinery Unit B,"While performing Housekeeping, a heavy wrench slipped and struck the scaffolding tube near the worker's head. Near miss."
OIL-2026-02201,Refinery Unit B,"During Housekeeping, LEL alarms triggered at 10%. Work stopped and area ventilated."
OIL-2026-02202,Refinery Unit B,"Crane slewed unexpectedly during Routine inspections, load swung over the pedestrian walkway. Exclusion zone was active, no personnel exposed."
OIL-2026-02203,Pipeline Sector 4,Small localized smoldering fire observed during Routine inspections hot work. Extinguished immediately with local fire watch.
OIL-2026-02204,Refinery Unit B,Fire extinguisher tag missing in the Housekeeping zone. Replaced by safety officer.
OIL-2026-02205,Refinery Unit B,"While performing Hydrocarbon Leaks, a heavy wrench slipped and struck the scaffolding tube near the worker's head. Near miss. (Note: Please fix the AC in the control room it is too hot)."
OIL-2026-02206,Pipeline Sector 4,Trench collapsed during Routine inspections excavation. Worker ws partially buried up to teh waist. Rescue team deployed.
OIL-2026-02207,Refinery Unit B,Contractor dropped something during Simultaneous Operations. Didn't see what it was. The supervisor was not present.
OIL-2026-02208,Refinery Unit B,"Crane slewed unexpectedly during Process Upsets, load swung over the pedestrian walkway. Exclusion zone was active, no personnel exposed."
OIL-2026-02209,Drilling Rig Delta,Worker fell 5 meters during Chemical Exposure because harness lanyard snapped. Rushed to medical bay with suspected fractures.
OIL-2026-02210,Terminal Operations,"Crane slewed unexpectedly during Lifting Operations, load swung over the pedestrian walkway. Exclusion zone was active, no personnel exposed."
OIL-2026-02211,Drilling Rig Delta,Found some fluid on the deck near Hot Work. Not sure if water or oil.
OIL-2026-02212,Drilling Rig Delta,Worker bypassed machine guard during Excavation to clear a jam. Equipment was still energized. Intervened and applied LOTO.
OIL-2026-02213,Drilling Rig Delta,"Hydraulic hose burst during Lifting Operations, spraying fluid across the deck. Operator was wearing face shield, no injury."
OIL-2026-02214,Offshore Platform Alpha,"During routine Chemical Exposure inspection, noticed minor debris which was cleared immediately."
OIL-2026-02215,Pipeline Sector 4,"During Overpressure, LEL alarms triggered at 10%. Work stopped and area ventilated."
OIL-2026-02216,Drilling Rig Delta,Trench collapsed during Excavation excavation. Worker was partially buried up to the waist. Rescue team deployed. We had a safety meeting about this just yesterday.
OIL-2026-02217,Terminal Operations,Fire extinguisher tag missing in the Overpressure zone. Replaced by safety officer. The contractor was late to the shift.
OIL-2026-02218,Drilling Rig Delta,Major hydrocarbon gas release during Chemical Exposure. Cloud drifted towards hot work area. Emergency shutdown activated immediately.
OIL-2026-02219,Pipeline Sector 4,"Catastrophic failure of lifting gear during Fire. 5-ton load dropped 10 meters, striking the deck less than 2 meters from the rigging crew. I didn't have my glasses on but I saw it happen."
OIL-2026-02220,Drilling Rig Delta,The gauge looked weird during Overpressure. We left it alone.
OIL-2026-02221,Drilling Rig Delta,Completed daily Routine inspections checks. All parameters normal.
OIL-2026-02222,Offshore Platform Alpha,Worker observed not wearing full PPE during Routine inspections in the safe zone. Reminded and complied.
OIL-2026-02223,Maintenance Yard,"Crane slewed unexpectedly during Hot Work, load swung over the pedestrian walkway. Exclusion zone was active, no personnel exposed."
OIL-2026-02224,Pipeline Sector 4,"During routine Process Upsets inspection, noticed minor debris which was cleared immediately."
OIL-2026-02225,Drilling Rig Delta,"While performing Housekeeping, a heavy wrench slipped and struck the scaffolding tube near the worker's head. Near miss."
OIL-2026-02226,Drilling Rig Delta,"While performing Overpressure, a heavy wrench slipped and struck the scaffolding tube near the worker's head. Near miss."
OIL-2026-02227,Drilling Rig Delta,Major hydrocarbon gas release during Hot Work. Cloud drifted towards hot work area. Emergency shutdown activated immediately.
OIL-2026-02228,Refinery Unit B,Handrail paint was peeling near the Chemical Exposure sector. Maintenance request submitted.
OIL-2026-02229,Terminal Operations,Handrail paint was peeling near the Energy Isolation / LOTO sector. Maintenance request submitted.
OIL-2026-02230,Drilling Rig Delta,Worker fell 5 meters during Dropped Objects because harness lanyard snapped. Rushed to medical bay with suspected fractures.
OIL-2026-02231,Pipeline Sector 4,Handrail paint was peeling near the Process Upsets sector. Maintenance request submitted.
OIL-2026-02232,Refinery Unit B,Major hydrocarbon gas release during Gas Releases. Cloud drifted towards hot work area. Emergency shutdown activated immediately.
OIL-2026-02233,Pipeline Sector 4,Worker observed not wearing full PPE during Hydrocarbon Leaks in teh safe zone. Reminded and complied.
OIL-2026-02234,Drilling Rig Delta,Minor oil weepage noticed on valve body during Simultaneous Operations. Cleaned and tightened.
OIL-2026-02235,Refinery Unit B,Slight trip hazard identified at Gas Releases location due to uneven grating. Marked with high-viz tape.
OIL-2026-02236,Drilling Rig Delta,Walkway obstructed by empty pallets near Hot Work area. Removed by housekeeping.
OIL-2026-02237,Refinery Unit B,"During Hydrocarbon Leaks, LEL alarms triggered at 10%. Work stopped and area ventilated."
OIL-2026-02238,Drilling Rig Delta,The gauge looked weird during Routine inspections. We left it alone.
OIL-2026-02239,Drilling Rig Delta,Fire extinguisher tag missing in the Fire zone. Replaced by safety officer. The shift was almost over.
OIL-2026-02240,Refinery Unit B,Trench collapsed during Hydrocarbon Leaks excavation. Worker ws partially buried up to teh waist. Rescue team deployed.
OIL-2026-02241,Terminal Operations,Walkway obstructed by empty pallets near Energy Isolation / LOTO area. Removed by housekeeping.
OIL-2026-02242,Refinery Unit B,Contractor dropped something during Excavation. Didn't see what it was.
OIL-2026-02243,Maintenance Yard,Minor oil weepage noticed on valve body during Vehicle Movement. Cleaned and tightened. The supervisor was not present.
OIL-2026-02244,Refinery Unit B,Fire extinguisher tag missing in the Electrical Hazards zone. Replaced by safety officer.
OIL-2026-02245,Pipeline Sector 4,Completed daily Housekeeping checks. All parameters normal.
OIL-2026-02246,Refinery Unit B,Contractor found entering restricted Fire area without a valid permit. Escorted out and work stopped.
OIL-2026-02247,Drilling Rig Delta,Worker observed not wearing full PPE during Fire in the safe zone. Reminded and complied.
OIL-2026-02248,Maintenance Yard,Found some fluid on the deck near PPE observations. Not sure if water or oil. (Note: Please fix the AC in the control room it is too hot).
OIL-2026-02249,Drilling Rig Delta,Walkway obstructed by empty pallets near Routine inspections area. Removed by housekeeping.
OIL-2026-02250,Pipeline Sector 4,Arc flash occurred during Excavation in the main switchgear room. Technician suffered severe electrical burns to face and hands.
OIL-2026-02251,Pipeline Sector 4,Small localized smoldering fire observed during Simultaneous Operations hot work. Extinguished immediately with local fire watch. Lunch had just finished.
OIL-2026-02252,Offshore Platform Alpha,Scaffold tag was red but workers were seen preparing for Energy Isolation / LOTO on it. Intervened before access.
OIL-2026-02253,Drilling Rig Delta,Contractor found entering restricted Confined Space area without a valid permit. Escorted out and work stopped.
OIL-2026-02254,Refinery Unit B,"Worker reported feeling unwell after Routine inspections. Might be related, might be food poisoning."
OIL-2026-02255,Drilling Rig Delta,"Vehicle struck a pedestrian crossing the yard during Vehicle Movement. Severe trauma sustained, medevac initiated."
OIL-2026-02256,Pipeline Sector 4,Completed daily Excavation checks. All parameters normal.
OIL-2026-02257,Maintenance Yard,The gauge looked weird during PPE observations. We left it alone.
OIL-2026-02258,Maintenance Yard,Found some fluid on the deck near Fire. Not sure if water or oil. The contractor was late to the shift.
OIL-2026-02259,Refinery Unit B,Walkway obstructed by empty pallets near Dropped Objects area. Removed by housekeeping.
OIL-2026-02260,Terminal Operations,"Vehicle struck a pedestrian crossing the yard during Working at Height. Severe trauma sustained, medevac initiated."
OIL-2026-02261,Pipeline Sector 4,Found some fluid on the deck near Process Upsets. Not sure if water or oil.
OIL-2026-02262,Terminal Operations,Minor oil weepage noticed on valve body during Simultaneous Operations. Cleaned and tightened.
OIL-2026-02263,Pipeline Sector 4,Routine Overpressure completed without any safety incidents.
OIL-2026-02264,Offshore Platform Alpha,The gauge looked weird during Fire. We left it alone.
OIL-2026-02265,Terminal Operations,"While performing Working at Height, a heavy wrench slipped and struck teh scaffolding tube near teh worker's head. Near miss."
OIL-2026-02266,Offshore Platform Alpha,Found some fluid on the deck near Working at Height. Not sure if water or oil. We had a safety meeting about this just yesterday.
OIL-2026-02267,Refinery Unit B,Trench collapsed during Minor maintenance issues excavation. Worker ws partially buried up to teh waist. Rescue team deployed.
OIL-2026-02268,Offshore Platform Alpha,"Worker reported feeling unwell after Routine inspections. Might be related, might be food poisoning. The supervisor was not present."
OIL-2026-02269,Pipeline Sector 4,Trench collapsed during Lifting Operations excavation. Worker was partially buried up to the waist. Rescue team deployed.
OIL-2026-02270,Maintenance Yard,"During Dropped Objects, LEL alarms triggered at 10%. Work stopped and area ventilated."
OIL-2026-02271,Terminal Operations,Contractor dropped something during PPE observations. Didn't see what it was.
OIL-2026-02272,Refinery Unit B,Major hydrocarbon gas release during Hot Work. Cloud drifted towards hot work area. Emergency shutdown activated immediately.
OIL-2026-02273,Terminal Operations,Worker fell 5 meters during Simultaneous Operations because harness lanyard snapped. Rushed to medical bay with suspected fractures.
OIL-2026-02274,Drilling Rig Delta,Arc flash occurred during PPE observations in the main switchgear room. Technician suffered severe electrical burns to face and hands.
OIL-2026-02275,Pipeline Sector 4,"Crane slewed unexpectedly during Gas Releases, load swung over the pedestrian walkway. Exclusion zone was active, no personnel exposed."
OIL-2026-02276,Pipeline Sector 4,Received report of incident during Process Upsets. Could not verify details.
OIL-2026-02277,Drilling Rig Delta,"Catastrophic failure of lifting gear during Minor maintenance issues. 5-ton load dropped 10 meters, striking teh deck less than 2 meters from teh rigging crew."
OIL-2026-02278,Pipeline Sector 4,Completed daily Housekeeping checks. All parameters normal.
OIL-2026-02279,Refinery Unit B,Major hydrocarbon gas release during Vehicle Movement. Cloud drifted towards hot work area. Emergency shutdown activated immediately.
OIL-2026-02280,Offshore Platform Alpha,Fire extinguisher tag missing in teh Overpressure zone. Replaced by safety officer.
OIL-2026-02281,Pipeline Sector 4,Contractor reminded to use three points of contact on stairs near Gas Releases unit.
OIL-2026-02282,Offshore Platform Alpha,"Vehicle struck a pedestrian crossing the yard during Hydrocarbon Leaks. Severe trauma sustained, medevac initiated."
OIL-2026-02283,Maintenance Yard,Someone said the pressure was high during Confined Space. Need to investigate further.
OIL-2026-02284,Terminal Operations,"While performing Gas Releases, a heavy wrench slipped and struck teh scaffolding tube near teh worker's head. Near miss."
OIL-2026-02285,Maintenance Yard,Contractor reminded to use three points of contact on stairs near Fire unit. The shift was almost over.
OIL-2026-02286,Refinery Unit B,Major hydrocarbon gas release during Housekeeping. Cloud drifted towards hot work area. Emergency shutdown activated immediately.
OIL-2026-02287,Refinery Unit B,"Loud bang heard near Dropped Objects unit, but no damage found and no one saw anything."
OIL-2026-02288,Drilling Rig Delta,Completed daily Minor maintenance issues checks. All parameters normal. The shift was almost over.
OIL-2026-02289,Terminal Operations,Received report of incident during Hydrocarbon Leaks. Could not verify details.
OIL-2026-02290,Offshore Platform Alpha,Worker fell 5 meters during Process Upsets because harness lanyard snapped. Rushed to medical bay with suspected fractures.
OIL-2026-02291,Pipeline Sector 4,"Loud bang heard near Routine inspections unit, but no damage found and no one saw anything."
OIL-2026-02292,Terminal Operations,"Crane slewed unexpectedly during Hydrocarbon Leaks, load swung over the pedestrian walkway. Exclusion zone was active, no personnel exposed."
OIL-2026-02293,Refinery Unit B,Fire extinguisher tag missing in the Working at Height zone. Replaced by safety officer.
OIL-2026-02294,Pipeline Sector 4,Major hydrocarbon gas release during Simultaneous Operations. Cloud drifted towards hot work area. Emergency shutdown activated immediately.
OIL-2026-02295,Drilling Rig Delta,"Loud bang heard near Electrical Hazards unit, but no damage found and no one saw anything."
OIL-2026-02296,Terminal Operations,Contractor dropped something during Dropped Objects. Didn't see what it was.
OIL-2026-02297,Terminal Operations,The gauge looked weird during Chemical Exposure. We left it alone.
OIL-2026-02298,Refinery Unit B,Contractor found entering restricted Hydrocarbon Leaks area without a valid permit. Escorted out and work stopped. The contractor was late to the shift.
OIL-2026-02299,Offshore Platform Alpha,Arc flash occurred during PPE observations in the main switchgear room. Technician suffered severe electrical burns to face and hands.
OIL-2026-02300,Refinery Unit B,Worker observed not wearing full PPE during Hot Work in the safe zone. Reminded and complied.
OIL-2026-02301,Drilling Rig Delta,"Loud bang heard near Confined Space unit, but no damage found and no one saw anything."
OIL-2026-02302,Refinery Unit B,Contractor dropped something during Routine inspections. Didn't see what it was. (Note: Please fix the AC in the control room it is too hot).
OIL-2026-02303,Terminal Operations,"Catastrophic failure of lifting gear during Gas Releases. 5-ton load dropped 10 meters, striking the deck less than 2 meters from the rigging crew."
OIL-2026-02304,Drilling Rig Delta,Worker fell 5 meters during Chemical Exposure because harness lanyard snapped. Rushed to medical bay with suspected fractures.
OIL-2026-02305,Refinery Unit B,"Loud bang heard near Process Upsets unit, but no damage found and no one saw anything."
OIL-2026-02306,Pipeline Sector 4,Someone said the pressure was high during Vehicle Movement. Need to investigate further.
OIL-2026-02307,Refinery Unit B,Found some fluid on the deck near Excavation. Not sure if water or oil.
OIL-2026-02308,Maintenance Yard,"While performing Gas Releases, a heavy wrench slipped and struck the scaffolding tube near the worker's head. Near miss. The contractor was late to the shift."
OIL-2026-02309,Refinery Unit B,The gauge looked weird during Dropped Objects. We left it alone.
OIL-2026-02310,Pipeline Sector 4,"Catastrophic failure of lifting gear during Excavation. 5-ton load dropped 10 meters, striking the deck less than 2 meters from the rigging crew."
OIL-2026-02311,Maintenance Yard,Worker fell 5 meters during Hot Work because harness lanyard snapped. Rushed to medical bay with suspected fractures.
OIL-2026-02312,Maintenance Yard,Found some fluid on the deck near Simultaneous Operations. Not sure if water or oil.
OIL-2026-02313,Drilling Rig Delta,Slight trip hazard identified at Excavation location due to uneven grating. Marked with high-viz tape.
OIL-2026-02314,Refinery Unit B,Slight trip hazard identified at Lifting Operations location due to uneven grating. Marked with high-viz tape.
OIL-2026-02315,Terminal Operations,Fire extinguisher tag missing in the Dropped Objects zone. Replaced by safety officer.
OIL-2026-02316,Maintenance Yard,Contractor found entering restricted Overpressure area without a valid permit. Escorted out and work stopped. I didn't have my glasses on but I saw it happen.
OIL-2026-02317,Pipeline Sector 4,Worker fell 5 meters during Process Upsets because harness lanyard snapped. Rushed to medical bay with suspected fractures.
OIL-2026-02318,Pipeline Sector 4,Slight trip hazard identified at Overpressure location due to uneven grating. Marked with high-viz tape.
OIL-2026-02319,Maintenance Yard,Handrail paint was peeling near the Gas Releases sector. Maintenance request submitted.
OIL-2026-02320,Drilling Rig Delta,The gauge looked weird during Vehicle Movement. We left it alone. The supervisor was not present.
OIL-2026-02321,Pipeline Sector 4,Scaffold tag was red but workers were seen preparing for Routine inspections on it. Intervened before access.
OIL-2026-02322,Maintenance Yard,Walkway obstructed by empty pallets near Hydrocarbon Leaks area. Removed by housekeeping.
OIL-2026-02323,Refinery Unit B,Small localized smoldering fire observed during Hydrocarbon Leaks hot work. Extinguished immediately with local fire watch. The supervisor was not present.
OIL-2026-02324,Refinery Unit B,Small localized smoldering fire observed during Housekeeping hot work. Extinguished immediately with local fire watch. I didn't have my glasses on but I saw it happen.
OIL-2026-02325,Refinery Unit B,Routine Dropped Objects completed without any safety incidents.
OIL-2026-02326,Drilling Rig Delta,"Crane slewed unexpectedly during Minor maintenance issues, load swung over the pedestrian walkway. Exclusion zone was active, no personnel exposed. We had a safety meeting about this just yesterday."
OIL-2026-02327,Maintenance Yard,Someone said the pressure was high during Simultaneous Operations. Need to investigate further.
OIL-2026-02328,Offshore Platform Alpha,"Hydraulic hose burst during Energy Isolation / LOTO, spraying fluid across teh deck. Operator ws wearing face shield, no injury."
OIL-2026-02329,Terminal Operations,Major hydrocarbon gas release during Energy Isolation / LOTO. Cloud drifted towards hot work area. Emergency shutdown activated immediately.
OIL-2026-02330,Maintenance Yard,"Loud bang heard near Lifting Operations unit, but no damage found and no one saw anything."
OIL-2026-02331,Terminal Operations,Arc flash occurred during Minor maintenance issues in the main switchgear room. Technician suffered severe electrical burns to face and hands.
OIL-2026-02332,Pipeline Sector 4,Minor oil weepage noticed on valve body during PPE observations. Cleaned and tightened.
OIL-2026-02333,Drilling Rig Delta,"Worker reported feeling unwell after Routine inspections. Might be related, might be food poisoning. (Note: Please fix the AC in the control room it is too hot)."
OIL-2026-02334,Pipeline Sector 4,"Catastrophic failure of lifting gear during Excavation. 5-ton load dropped 10 meters, striking the deck less than 2 meters from the rigging crew."
OIL-2026-02335,Pipeline Sector 4,"Loud bang heard near Energy Isolation / LOTO unit, but no damage found and no one saw anything."
OIL-2026-02336,Pipeline Sector 4,Found some fluid on the deck near Working at Height. Not sure if water or oil.
OIL-2026-02337,Drilling Rig Delta,Worker bypassed machine guard during Dropped Objects to clear a jam. Equipment was still energized. Intervened and applied LOTO.
OIL-2026-02338,Refinery Unit B,"Hydraulic hose burst during Gas Releases, spraying fluid across teh deck. Operator ws wearing face shield, no injury."
OIL-2026-02339,Terminal Operations,"During Process Upsets, LEL alarms triggered at 10%. Work stopped and area ventilated. The supervisor was not present."
OIL-2026-02340,Offshore Platform Alpha,Handrail paint was peeling near the Confined Space sector. Maintenance request submitted.
OIL-2026-02341,Terminal Operations,Small localized smoldering fire observed during Minor maintenance issues hot work. Extinguished immediately with local fire watch.
OIL-2026-02342,Terminal Operations,Found some fluid on teh deck near Chemical Exposure. Not sure if water or oil.
OIL-2026-02343,Pipeline Sector 4,"Vehicle struck a pedestrian crossing the yard during Energy Isolation / LOTO. Severe trauma sustained, medevac initiated."
OIL-2026-02344,Drilling Rig Delta,"Catastrophic failure of lifting gear during Gas Releases. 5-ton load dropped 10 meters, striking the deck less than 2 meters from the rigging crew."
OIL-2026-02345,Maintenance Yard,Handrail paint was peeling near the Confined Space sector. Maintenance request submitted.
OIL-2026-02346,Pipeline Sector 4,Received report of incident during Minor maintenance issues. Could not verify details.
OIL-2026-02347,Maintenance Yard,Routine Energy Isolation / LOTO completed without any safety incidents.
OIL-2026-02348,Terminal Operations,Arc flash occurred during Overpressure in the main switchgear room. Technician suffered severe electrical burns to face and hands.
OIL-2026-02349,Pipeline Sector 4,"Crane slewed unexpectedly during PPE observations, load swung over the pedestrian walkway. Exclusion zone was active, no personnel exposed."
OIL-2026-02350,Offshore Platform Alpha,"Vehicle struck a pedestrian crossing the yard during Confined Space. Severe trauma sustained, medevac initiated."
OIL-2026-02351,Refinery Unit B,Contractor dropped something during Lifting Operations. Didn't see what it was.
OIL-2026-02352,Offshore Platform Alpha,Completed daily Lifting Operations checks. All parameters normal.
OIL-2026-02353,Maintenance Yard,The gauge looked weird during Working at Height. We left it alone.
OIL-2026-02354,Drilling Rig Delta,The gauge looked weird during Minor maintenance issues. We left it alone.
OIL-2026-02355,Drilling Rig Delta,Trench collapsed during Hot Work excavation. Worker was partially buried up to the waist. Rescue team deployed. Lunch had just finished.
OIL-2026-02356,Pipeline Sector 4,"Catastrophic failure of lifting gear during Dropped Objects. 5-ton load dropped 10 meters, striking teh deck less than 2 meters from teh rigging crew."
OIL-2026-02357,Drilling Rig Delta,Worker fell 5 meters during Excavation because harness lanyard snapped. Rushed to medical bay with suspected fractures. The contractor was late to the shift.
OIL-2026-02358,Drilling Rig Delta,"Crane slewed unexpectedly during Simultaneous Operations, load swung over the pedestrian walkway. Exclusion zone was active, no personnel exposed."
OIL-2026-02359,Offshore Platform Alpha,The gauge looked weird during Hydrocarbon Leaks. We left it alone.
OIL-2026-02360,Maintenance Yard,"During routine Housekeeping inspection, noticed minor debris which was cleared immediately. The supervisor was not present."
OIL-2026-02361,Refinery Unit B,"Hydraulic hose burst during Vehicle Movement, spraying fluid across teh deck. Operator ws wearing face shield, no injury."
OIL-2026-02362,Terminal Operations,Worker fell 5 meters during Excavation because harness lanyard snapped. Rushed to medical bay with suspected fractures.
OIL-2026-02363,Terminal Operations,Contractor found entering restricted Housekeeping area without a valid permit. Escorted out and work stopped.
OIL-2026-02364,Terminal Operations,"While performing Housekeeping, a heavy wrench slipped and struck the scaffolding tube near the worker's head. Near miss."
OIL-2026-02365,Drilling Rig Delta,Worker observed not wearing full PPE during Dropped Objects in the safe zone. Reminded and complied. I didn't have my glasses on but I saw it happen.
OIL-2026-02366,Pipeline Sector 4,Received report of incident during Overpressure. Could not verify details.
OIL-2026-02367,Terminal Operations,Someone said the pressure was high during Confined Space. Need to investigate further.
OIL-2026-02368,Terminal Operations,"Hydraulic hose burst during Routine inspections, spraying fluid across the deck. Operator was wearing face shield, no injury."
OIL-2026-02369,Terminal Operations,Handrail paint was peeling near the Simultaneous Operations sector. Maintenance request submitted.
OIL-2026-02370,Terminal Operations,"Crane slewed unexpectedly during Vehicle Movement, load swung over teh pedestrian walkway. Exclusion zone ws active, no personnel exposed."
OIL-2026-02371,Pipeline Sector 4,Handrail paint was peeling near the Electrical Hazards sector. Maintenance request submitted.
OIL-2026-02372,Offshore Platform Alpha,Slight trip hazard identified at Electrical Hazards location due to uneven grating. Marked with high-viz tape. The shift was almost over.
OIL-2026-02373,Pipeline Sector 4,Arc flash occurred during Gas Releases in the main switchgear room. Technician suffered severe electrical burns to face and hands.
OIL-2026-02374,Offshore Platform Alpha,Minor oil weepage noticed on valve body during Overpressure. Cleaned and tightened. Lunch had just finished.
OIL-2026-02375,Pipeline Sector 4,Routine Lifting Operations completed without any safety incidents.
OIL-2026-02376,Drilling Rig Delta,Someone said the pressure was high during PPE observations. Need to investigate further.
OIL-2026-02377,Terminal Operations,Minor oil weepage noticed on valve body during Overpressure. Cleaned and tightened.
OIL-2026-02378,Refinery Unit B,Major hydrocarbon gas release during Confined Space. Cloud drifted towards hot work area. Emergency shutdown activated immediately.
OIL-2026-02379,Terminal Operations,Contractor dropped something during Simultaneous Operations. Didn't see what it was.
OIL-2026-02380,Offshore Platform Alpha,Contractor found entering restricted Gas Releases area without a valid permit. Escorted out and work stopped.
OIL-2026-02381,Drilling Rig Delta,Contractor found entering restricted Housekeeping area without a valid permit. Escorted out and work stopped.
OIL-2026-02382,Pipeline Sector 4,Trench collapsed during Fire excavation. Worker ws partially buried up to teh waist. Rescue team deployed.
OIL-2026-02383,Terminal Operations,Walkway obstructed by empty pallets near Excavation area. Removed by housekeeping.
OIL-2026-02384,Terminal Operations,Contractor found entering restricted Simultaneous Operations area without a valid permit. Escorted out and work stopped.
OIL-2026-02385,Refinery Unit B,Scaffold tag was red but workers were seen preparing for Lifting Operations on it. Intervened before access.
OIL-2026-02386,Maintenance Yard,"Crane slewed unexpectedly during Routine inspections, load swung over the pedestrian walkway. Exclusion zone was active, no personnel exposed."
OIL-2026-02387,Refinery Unit B,Handrail paint ws peeling near teh Working at Height sector. Maintenance request submitted.
OIL-2026-02388,Drilling Rig Delta,Worker bypassed machine guard during Confined Space to clear a jam. Equipment was still energized. Intervened and applied LOTO.
OIL-2026-02389,Terminal Operations,Fire extinguisher tag missing in the Electrical Hazards zone. Replaced by safety officer.
OIL-2026-02390,Offshore Platform Alpha,"While performing Fire, a heavy wrench slipped and struck the scaffolding tube near the worker's head. Near miss."
OIL-2026-02391,Terminal Operations,Slight trip hazard identified at Routine inspections location due to uneven grating. Marked with high-viz tape.
OIL-2026-02392,Drilling Rig Delta,Completed daily Gas Releases checks. All parameters normal.
OIL-2026-02393,Refinery Unit B,Found some fluid on the deck near Routine inspections. Not sure if water or oil. It was raining heavily at the time.
OIL-2026-02394,Drilling Rig Delta,Contractor found entering restricted Housekeeping area without a valid permit. Escorted out and work stopped.
OIL-2026-02395,Offshore Platform Alpha,Major hydrocarbon gas release during Working at Height. Cloud drifted towards hot work area. Emergency shutdown activated immediately.
OIL-2026-02396,Refinery Unit B,Received report of incident during Overpressure. Could not verify details.
OIL-2026-02397,Offshore Platform Alpha,Contractor reminded to use three points of contact on stairs near Process Upsets unit. I didn't have my glasses on but I saw it happen.
OIL-2026-02398,Maintenance Yard,Major hydrocarbon gas release during Electrical Hazards. Cloud drifted towards hot work area. Emergency shutdown activated immediately. I didn't have my glasses on but I saw it happen.
OIL-2026-02399,Terminal Operations,Received report of incident during Working at Height. Could not verify details. We had a safety meeting about this just yesterday.
OIL-2026-02400,Pipeline Sector 4,Found some fluid on the deck near Process Upsets. Not sure if water or oil. The shift was almost over.
OIL-2026-02401,Terminal Operations,Contractor dropped something during Routine inspections. Didn't see what it was.
OIL-2026-02402,Drilling Rig Delta,"While performing Minor maintenance issues, a heavy wrench slipped and struck teh scaffolding tube near teh worker's head. Near miss."
OIL-2026-02403,Offshore Platform Alpha,"Hydraulic hose burst during Simultaneous Operations, spraying fluid across the deck. Operator was wearing face shield, no injury."
OIL-2026-02404,Terminal Operations,"Hydraulic hose burst during Excavation, spraying fluid across the deck. Operator was wearing face shield, no injury."
OIL-2026-02405,Maintenance Yard,Contractor dropped something during Gas Releases. Didn't see what it was. The shift was almost over.
OIL-2026-02406,Refinery Unit B,Minor oil weepage noticed on valve body during Process Upsets. Cleaned and tightened.
OIL-2026-02407,Drilling Rig Delta,Routine Hot Work completed without any safety incidents.
OIL-2026-02408,Refinery Unit B,"Crane slewed unexpectedly during Energy Isolation / LOTO, load swung over teh pedestrian walkway. Exclusion zone ws active, no personnel exposed."
OIL-2026-02409,Drilling Rig Delta,Trench collapsed during Lifting Operations excavation. Worker was partially buried up to the waist. Rescue team deployed.
OIL-2026-02410,Drilling Rig Delta,Contractor found entering restricted Working at Height area without a valid permit. Escorted out and work stopped.
OIL-2026-02411,Refinery Unit B,"During routine Confined Space inspection, noticed minor debris which ws cleared immediately."
OIL-2026-02412,Terminal Operations,Scaffold tag was red but workers were seen preparing for Working at Height on it. Intervened before access.
OIL-2026-02413,Drilling Rig Delta,Small localized smoldering fire observed during Dropped Objects hot work. Extinguished immediately with local fire watch.
OIL-2026-02414,Refinery Unit B,Contractor found entering restricted Hydrocarbon Leaks area without a valid permit. Escorted out and work stopped.
OIL-2026-02415,Terminal Operations,Major hydrocarbon gas release during Routine inspections. Cloud drifted towards hot work area. Emergency shutdown activated immediately.
OIL-2026-02416,Refinery Unit B,Slight trip hazard identified at Hydrocarbon Leaks location due to uneven grating. Marked with high-viz tape. (Note: Please fix the AC in the control room it is too hot).
OIL-2026-02417,Refinery Unit B,"Worker reported feeling unwell after Energy Isolation / LOTO. Might be related, might be food poisoning."
OIL-2026-02418,Drilling Rig Delta,The gauge looked weird during Minor maintenance issues. We left it alone.
OIL-2026-02419,Drilling Rig Delta,Contractor dropped something during Minor maintenance issues. Didn't see what it was.
OIL-2026-02420,Offshore Platform Alpha,Contractor found entering restricted Minor maintenance issues area without a valid permit. Escorted out and work stopped.
OIL-2026-02421,Drilling Rig Delta,Contractor dropped something during Dropped Objects. Didn't see what it was.
OIL-2026-02422,Refinery Unit B,Slight trip hazard identified at Gas Releases location due to uneven grating. Marked with high-viz tape.
OIL-2026-02423,Drilling Rig Delta,Trench collapsed during Simultaneous Operations excavation. Worker was partially buried up to the waist. Rescue team deployed.
OIL-2026-02424,Offshore Platform Alpha,"Catastrophic failure of lifting gear during Excavation. 5-ton load dropped 10 meters, striking the deck less than 2 meters from the rigging crew."
OIL-2026-02425,Pipeline Sector 4,Contractor found entering restricted Working at Height area without a valid permit. Escorted out and work stopped.
OIL-2026-02426,Pipeline Sector 4,"Hydraulic hose burst during Dropped Objects, spraying fluid across the deck. Operator was wearing face shield, no injury. The supervisor was not present."
OIL-2026-02427,Terminal Operations,"Hydraulic hose burst during Fire, spraying fluid across the deck. Operator was wearing face shield, no injury."
OIL-2026-02428,Refinery Unit B,Major hydrocarbon gas release during Hot Work. Cloud drifted towards hot work area. Emergency shutdown activated immediately. I didn't have my glasses on but I saw it happen.
OIL-2026-02429,Refinery Unit B,"Worker reported feeling unwell after Working at Height. Might be related, might be food poisoning. The contractor ws late to teh shift."
OIL-2026-02430,Maintenance Yard,Contractor reminded to use three points of contact on stairs near Minor maintenance issues unit.
OIL-2026-02431,Pipeline Sector 4,Walkway obstructed by empty pallets near Lifting Operations area. Removed by housekeeping. The shift ws almost over.
OIL-2026-02432,Offshore Platform Alpha,Fire extinguisher tag missing in the Electrical Hazards zone. Replaced by safety officer. It was raining heavily at the time.
OIL-2026-02433,Terminal Operations,Contractor found entering restricted Chemical Exposure area without a valid permit. Escorted out and work stopped.
OIL-2026-02434,Drilling Rig Delta,Contractor dropped something during Chemical Exposure. Didn't see what it was. I didn't have my glasses on but I saw it happen.
OIL-2026-02435,Drilling Rig Delta,Contractor dropped something during Minor maintenance issues. Didn't see what it was.
OIL-2026-02436,Terminal Operations,"During routine Excavation inspection, noticed minor debris which ws cleared immediately."
OIL-2026-02437,Maintenance Yard,Contractor reminded to use three points of contact on stairs near Simultaneous Operations unit. We had a safety meeting about this just yesterday.
OIL-2026-02438,Terminal Operations,"Worker reported feeling unwell after Fire. Might be related, might be food poisoning. The shift was almost over."
OIL-2026-02439,Maintenance Yard,"Vehicle struck a pedestrian crossing the yard during Lifting Operations. Severe trauma sustained, medevac initiated."
OIL-2026-02440,Terminal Operations,Worker observed not wearing full PPE during Overpressure in the safe zone. Reminded and complied.
OIL-2026-02441,Refinery Unit B,Arc flash occurred during Electrical Hazards in the main switchgear room. Technician suffered severe electrical burns to face and hands.
OIL-2026-02442,Refinery Unit B,Trench collapsed during Gas Releases excavation. Worker was partially buried up to the waist. Rescue team deployed.
OIL-2026-02443,Refinery Unit B,"During PPE observations, LEL alarms triggered at 10%. Work stopped and area ventilated."
OIL-2026-02444,Maintenance Yard,"Catastrophic failure of lifting gear during Process Upsets. 5-ton load dropped 10 meters, striking the deck less than 2 meters from the rigging crew."
OIL-2026-02445,Maintenance Yard,"Hydraulic hose burst during Housekeeping, spraying fluid across the deck. Operator was wearing face shield, no injury."
OIL-2026-02446,Pipeline Sector 4,"Crane slewed unexpectedly during Dropped Objects, load swung over the pedestrian walkway. Exclusion zone was active, no personnel exposed."
OIL-2026-02447,Pipeline Sector 4,Found some fluid on the deck near Fire. Not sure if water or oil.
OIL-2026-02448,Offshore Platform Alpha,The gauge looked weird during Fire. We left it alone.
OIL-2026-02449,Refinery Unit B,"Loud bang heard near Electrical Hazards unit, but no damage found and no one saw anything."
OIL-2026-02450,Drilling Rig Delta,"Hydraulic hose burst during Housekeeping, spraying fluid across the deck. Operator was wearing face shield, no injury."
OIL-2026-02451,Drilling Rig Delta,Arc flash occurred during Excavation in the main switchgear room. Technician suffered severe electrical burns to face and hands.
OIL-2026-02452,Refinery Unit B,Received report of incident during Vehicle Movement. Could not verify details. Radio comms were a bit staticky.
OIL-2026-02453,Pipeline Sector 4,"Catastrophic failure of lifting gear during Confined Space. 5-ton load dropped 10 meters, striking the deck less than 2 meters from the rigging crew."
OIL-2026-02454,Pipeline Sector 4,"Catastrophic failure of lifting gear during Process Upsets. 5-ton load dropped 10 meters, striking the deck less than 2 meters from the rigging crew."
OIL-2026-02455,Drilling Rig Delta,Fire extinguisher tag missing in the Hydrocarbon Leaks zone. Replaced by safety officer.
OIL-2026-02456,Terminal Operations,Worker bypassed machine guard during Energy Isolation / LOTO to clear a jam. Equipment was still energized. Intervened and applied LOTO.
OIL-2026-02457,Offshore Platform Alpha,Contractor dropped something during Simultaneous Operations. Didn't see what it was.
OIL-2026-02458,Drilling Rig Delta,Completed daily Minor maintenance issues checks. All parameters normal.
OIL-2026-02459,Offshore Platform Alpha,Fire extinguisher tag missing in the Working at Height zone. Replaced by safety officer. I didn't have my glasses on but I saw it happen.
OIL-2026-02460,Drilling Rig Delta,Worker observed not wearing full PPE during PPE observations in the safe zone. Reminded and complied. The contractor was late to the shift.
OIL-2026-02461,Drilling Rig Delta,Slight trip hazard identified at Routine inspections location due to uneven grating. Marked with high-viz tape. Radio comms were a bit staticky.
OIL-2026-02462,Refinery Unit B,Trench collapsed during Vehicle Movement excavation. Worker ws partially buried up to teh waist. Rescue team deployed.
OIL-2026-02463,Drilling Rig Delta,Worker bypassed machine guard during Working at Height to clear a jam. Equipment was still energized. Intervened and applied LOTO. Lunch had just finished.
OIL-2026-02464,Maintenance Yard,"While performing PPE observations, a heavy wrench slipped and struck the scaffolding tube near the worker's head. Near miss."
OIL-2026-02465,Maintenance Yard,Routine Electrical Hazards completed without any safety incidents.
OIL-2026-02466,Pipeline Sector 4,Minor oil weepage noticed on valve body during Hot Work. Cleaned and tightened.
OIL-2026-02467,Refinery Unit B,Fire extinguisher tag missing in the Working at Height zone. Replaced by safety officer.
OIL-2026-02468,Maintenance Yard,Major hydrocarbon gas release during Energy Isolation / LOTO. Cloud drifted towards hot work area. Emergency shutdown activated immediately. We had a safety meeting about this just yesterday.
OIL-2026-02469,Offshore Platform Alpha,"Vehicle struck a pedestrian crossing the yard during Excavation. Severe trauma sustained, medevac initiated."
OIL-2026-02470,Maintenance Yard,"Loud bang heard near Lifting Operations unit, but no damage found and no one saw anything."
OIL-2026-02471,Drilling Rig Delta,Someone said the pressure was high during Simultaneous Operations. Need to investigate further.
OIL-2026-02472,Pipeline Sector 4,"Hydraulic hose burst during Fire, spraying fluid across teh deck. Operator ws wearing face shield, no injury."
OIL-2026-02473,Drilling Rig Delta,"Hydraulic hose burst during Overpressure, spraying fluid across the deck. Operator was wearing face shield, no injury. Radio comms were a bit staticky."
OIL-2026-02474,Refinery Unit B,Contractor reminded to use three points of contact on stairs near Process Upsets unit.
OIL-2026-02475,Pipeline Sector 4,Received report of incident during Dropped Objects. Could not verify details.
OIL-2026-02476,Drilling Rig Delta,Scaffold tag was red but workers were seen preparing for PPE observations on it. Intervened before access.
OIL-2026-02477,Refinery Unit B,Received report of incident during Overpressure. Could not verify details.
OIL-2026-02478,Offshore Platform Alpha,"During routine Process Upsets inspection, noticed minor debris which was cleared immediately."
OIL-2026-02479,Refinery Unit B,Found some fluid on the deck near Chemical Exposure. Not sure if water or oil.
OIL-2026-02480,Pipeline Sector 4,Slight trip hazard identified at Excavation location due to uneven grating. Marked with high-viz tape.
OIL-2026-02481,Maintenance Yard,Worker observed not wearing full PPE during Vehicle Movement in the safe zone. Reminded and complied. (Note: Please fix the AC in the control room it is too hot).
OIL-2026-02482,Refinery Unit B,Worker fell 5 meters during Confined Space because harness lanyard snapped. Rushed to medical bay with suspected fractures.
OIL-2026-02483,Maintenance Yard,Arc flash occurred during Confined Space in the main switchgear room. Technician suffered severe electrical burns to face and hands.
OIL-2026-02484,Terminal Operations,Contractor dropped something during Overpressure. Didn't see what it was.
OIL-2026-02485,Offshore Platform Alpha,"During routine Overpressure inspection, noticed minor debris which was cleared immediately."
OIL-2026-02486,Refinery Unit B,"Worker reported feeling unwell after Fire. Might be related, might be food poisoning."
OIL-2026-02487,Pipeline Sector 4,Worker bypassed machine guard during Lifting Operations to clear a jam. Equipment was still energized. Intervened and applied LOTO.
OIL-2026-02488,Offshore Platform Alpha,"Crane slewed unexpectedly during Dropped Objects, load swung over the pedestrian walkway. Exclusion zone was active, no personnel exposed."
OIL-2026-02489,Refinery Unit B,Fire extinguisher tag missing in the Working at Height zone. Replaced by safety officer. The contractor was late to the shift.
OIL-2026-02490,Drilling Rig Delta,Major hydrocarbon gas release during Energy Isolation / LOTO. Cloud drifted towards hot work area. Emergency shutdown activated immediately.
OIL-2026-02491,Terminal Operations,Major hydrocarbon gas release during Gas Releases. Cloud drifted towards hot work area. Emergency shutdown activated immediately.
OIL-2026-02492,Drilling Rig Delta,Trench collapsed during Simultaneous Operations excavation. Worker was partially buried up to the waist. Rescue team deployed.
OIL-2026-02493,Pipeline Sector 4,"During PPE observations, LEL alarms triggered at 10%. Work stopped and area ventilated."
OIL-2026-02494,Drilling Rig Delta,Trench collapsed during PPE observations excavation. Worker ws partially buried up to teh waist. Rescue team deployed.
OIL-2026-02495,Terminal Operations,Routine Chemical Exposure completed without any safety incidents.
OIL-2026-02496,Terminal Operations,Worker fell 5 meters during Minor maintenance issues because harness lanyard snapped. Rushed to medical bay with suspected fractures.
OIL-2026-02497,Drilling Rig Delta,Contractor found entering restricted Overpressure area without a valid permit. Escorted out and work stopped.
OIL-2026-02498,Drilling Rig Delta,Contractor dropped something during Routine inspections. Didn't see what it was. Radio comms were a bit staticky.
OIL-2026-02499,Maintenance Yard,Contractor reminded to use three points of contact on stairs near PPE observations unit.
OIL-2026-02500,Drilling Rig Delta,Contractor found entering restricted Hot Work area without a valid permit. Escorted out and work stopped.
OIL-2026-02501,Pipeline Sector 4,"Vehicle struck a pedestrian crossing the yard during Dropped Objects. Severe trauma sustained, medevac initiated."
OIL-2026-02502,Terminal Operations,Completed daily Chemical Exposure checks. All parameters normal.
OIL-2026-02503,Pipeline Sector 4,"Hydraulic hose burst during Chemical Exposure, spraying fluid across the deck. Operator was wearing face shield, no injury."
OIL-2026-02504,Pipeline Sector 4,Contractor dropped something during Vehicle Movement. Didn't see what it was.
OIL-2026-02505,Pipeline Sector 4,Trench collapsed during PPE observations excavation. Worker was partially buried up to the waist. Rescue team deployed.
OIL-2026-02506,Offshore Platform Alpha,"Worker reported feeling unwell after Energy Isolation / LOTO. Might be related, might be food poisoning."
OIL-2026-02507,Offshore Platform Alpha,Handrail paint was peeling near the Process Upsets sector. Maintenance request submitted. Lunch had just finished.
OIL-2026-02508,Offshore Platform Alpha,Someone said the pressure was high during Confined Space. Need to investigate further. (Note: Please fix the AC in the control room it is too hot).
OIL-2026-02509,Terminal Operations,Worker fell 5 meters during Overpressure because harness lanyard snapped. Rushed to medical bay with suspected fractures. It ws raining heavily at teh time.
OIL-2026-02510,Maintenance Yard,Major hydrocarbon gas release during Chemical Exposure. Cloud drifted towards hot work area. Emergency shutdown activated immediately.
OIL-2026-02511,Maintenance Yard,Scaffold tag was red but workers were seen preparing for Chemical Exposure on it. Intervened before access.
OIL-2026-02512,Refinery Unit B,"During Excavation, LEL alarms triggered at 10%. Work stopped and area ventilated."
OIL-2026-02513,Offshore Platform Alpha,"During Working at Height, LEL alarms triggered at 10%. Work stopped and area ventilated. Radio comms were a bit staticky."
OIL-2026-02514,Refinery Unit B,"Loud bang heard near Overpressure unit, but no damage found and no one saw anything."
OIL-2026-02515,Maintenance Yard,"Catastrophic failure of lifting gear during Chemical Exposure. 5-ton load dropped 10 meters, striking the deck less than 2 meters from the rigging crew. Radio comms were a bit staticky."
OIL-2026-02516,Pipeline Sector 4,Worker fell 5 meters during Electrical Hazards because harness lanyard snapped. Rushed to medical bay with suspected fractures.
OIL-2026-02517,Maintenance Yard,"During Electrical Hazards, LEL alarms triggered at 10%. Work stopped and area ventilated."
OIL-2026-02518,Drilling Rig Delta,Trench collapsed during Working at Height excavation. Worker was partially buried up to the waist. Rescue team deployed.
OIL-2026-02519,Maintenance Yard,Handrail paint was peeling near the Housekeeping sector. Maintenance request submitted.
OIL-2026-02520,Offshore Platform Alpha,Completed daily Electrical Hazards checks. All parameters normal.
OIL-2026-02521,Terminal Operations,"During Process Upsets, LEL alarms triggered at 10%. Work stopped and area ventilated."
OIL-2026-02522,Pipeline Sector 4,Walkway obstructed by empty pallets near Chemical Exposure area. Removed by housekeeping.
OIL-2026-02523,Drilling Rig Delta,"While performing Simultaneous Operations, a heavy wrench slipped and struck the scaffolding tube near the worker's head. Near miss."
OIL-2026-02524,Pipeline Sector 4,"While performing Electrical Hazards, a heavy wrench slipped and struck the scaffolding tube near the worker's head. Near miss."
OIL-2026-02525,Pipeline Sector 4,The gauge looked weird during Overpressure. We left it alone.
OIL-2026-02526,Pipeline Sector 4,Routine Excavation completed without any safety incidents.
OIL-2026-02527,Maintenance Yard,Contractor dropped something during Excavation. Didn't see what it was.
OIL-2026-02528,Offshore Platform Alpha,Arc flash occurred during Energy Isolation / LOTO in the main switchgear room. Technician suffered severe electrical burns to face and hands.
OIL-2026-02529,Terminal Operations,"Hydraulic hose burst during Dropped Objects, spraying fluid across the deck. Operator was wearing face shield, no injury."
OIL-2026-02530,Terminal Operations,"Worker reported feeling unwell after Chemical Exposure. Might be related, might be food poisoning. Lunch had just finished."
OIL-2026-02531,Offshore Platform Alpha,Worker fell 5 meters during Dropped Objects because harness lanyard snapped. Rushed to medical bay with suspected fractures.
OIL-2026-02532,Pipeline Sector 4,Found some fluid on the deck near Confined Space. Not sure if water or oil. Lunch had just finished.
OIL-2026-02533,Offshore Platform Alpha,Worker fell 5 meters during Dropped Objects because harness lanyard snapped. Rushed to medical bay with suspected fractures. The supervisor was not present.
OIL-2026-02534,Offshore Platform Alpha,Someone said the pressure was high during Hot Work. Need to investigate further.
OIL-2026-02535,Refinery Unit B,Major hydrocarbon gas release during PPE observations. Cloud drifted towards hot work area. Emergency shutdown activated immediately.
OIL-2026-02536,Maintenance Yard,Someone said the pressure was high during Working at Height. Need to investigate further.
OIL-2026-02537,Refinery Unit B,Trench collapsed during Housekeeping excavation. Worker was partially buried up to the waist. Rescue team deployed.
OIL-2026-02538,Terminal Operations,Contractor dropped something during Lifting Operations. Didn't see what it was. We had a safety meeting about this just yesterday.
OIL-2026-02539,Refinery Unit B,Minor oil weepage noticed on valve body during Electrical Hazards. Cleaned and tightened.
OIL-2026-02540,Terminal Operations,"Hydraulic hose burst during Energy Isolation / LOTO, spraying fluid across the deck. Operator was wearing face shield, no injury."
OIL-2026-02541,Maintenance Yard,Fire extinguisher tag missing in the Simultaneous Operations zone. Replaced by safety officer.
OIL-2026-02542,Drilling Rig Delta,Handrail paint was peeling near the Housekeeping sector. Maintenance request submitted.
OIL-2026-02543,Pipeline Sector 4,Contractor reminded to use three points of contact on stairs near Chemical Exposure unit.
OIL-2026-02544,Offshore Platform Alpha,"Loud bang heard near Energy Isolation / LOTO unit, but no damage found and no one saw anything. We had a safety meeting about this just yesterday."
OIL-2026-02545,Terminal Operations,Small localized smoldering fire observed during Overpressure hot work. Extinguished immediately with local fire watch.
OIL-2026-02546,Refinery Unit B,Walkway obstructed by empty pallets near Working at Height area. Removed by housekeeping.
OIL-2026-02547,Refinery Unit B,Minor oil weepage noticed on valve body during Minor maintenance issues. Cleaned and tightened.
OIL-2026-02548,Drilling Rig Delta,"Worker reported feeling unwell after Excavation. Might be related, might be food poisoning."
OIL-2026-02549,Refinery Unit B,Slight trip hazard identified at Vehicle Movement location due to uneven grating. Marked with high-viz tape. It was raining heavily at the time.
OIL-2026-02550,Pipeline Sector 4,Major hydrocarbon gas release during Hot Work. Cloud drifted towards hot work area. Emergency shutdown activated immediately.
OIL-2026-02551,Maintenance Yard,"Catastrophic failure of lifting gear during Overpressure. 5-ton load dropped 10 meters, striking the deck less than 2 meters from the rigging crew."
OIL-2026-02552,Maintenance Yard,Worker bypassed machine guard during Energy Isolation / LOTO to clear a jam. Equipment was still energized. Intervened and applied LOTO. We had a safety meeting about this just yesterday.
OIL-2026-02553,Offshore Platform Alpha,"Loud bang heard near Hot Work unit, but no damage found and no one saw anything."
OIL-2026-02554,Pipeline Sector 4,The gauge looked weird during Vehicle Movement. We left it alone.
OIL-2026-02555,Terminal Operations,Slight trip hazard identified at Routine inspections location due to uneven grating. Marked with high-viz tape.
OIL-2026-02556,Pipeline Sector 4,Found some fluid on the deck near Housekeeping. Not sure if water or oil. I didn't have my glasses on but I saw it happen.
OIL-2026-02557,Maintenance Yard,"Vehicle struck a pedestrian crossing the yard during Energy Isolation / LOTO. Severe trauma sustained, medevac initiated."
OIL-2026-02558,Drilling Rig Delta,Small localized smoldering fire observed during Lifting Operations hot work. Extinguished immediately with local fire watch.
OIL-2026-02559,Pipeline Sector 4,"During Chemical Exposure, LEL alarms triggered at 10%. Work stopped and area ventilated. The supervisor ws not present."
OIL-2026-02560,Refinery Unit B,"During routine Excavation inspection, noticed minor debris which was cleared immediately. It was raining heavily at the time."
OIL-2026-02561,Pipeline Sector 4,Fire extinguisher tag missing in the Vehicle Movement zone. Replaced by safety officer.
OIL-2026-02562,Offshore Platform Alpha,"Crane slewed unexpectedly during Chemical Exposure, load swung over the pedestrian walkway. Exclusion zone was active, no personnel exposed. The contractor was late to the shift."
OIL-2026-02563,Refinery Unit B,Worker observed not wearing full PPE during Simultaneous Operations in the safe zone. Reminded and complied.
OIL-2026-02564,Terminal Operations,"Catastrophic failure of lifting gear during Simultaneous Operations. 5-ton load dropped 10 meters, striking the deck less than 2 meters from the rigging crew. I didn't have my glasses on but I saw it happen."
OIL-2026-02565,Maintenance Yard,Worker bypassed machine guard during Fire to clear a jam. Equipment was still energized. Intervened and applied LOTO.
OIL-2026-02566,Drilling Rig Delta,Scaffold tag was red but workers were seen preparing for Gas Releases on it. Intervened before access.
OIL-2026-02567,Pipeline Sector 4,"Crane slewed unexpectedly during Chemical Exposure, load swung over teh pedestrian walkway. Exclusion zone ws active, no personnel exposed."
OIL-2026-02568,Pipeline Sector 4,Routine Housekeeping completed without any safety incidents.
OIL-2026-02569,Refinery Unit B,Someone said the pressure was high during Minor maintenance issues. Need to investigate further.
OIL-2026-02570,Offshore Platform Alpha,"Crane slewed unexpectedly during Excavation, load swung over the pedestrian walkway. Exclusion zone was active, no personnel exposed."
OIL-2026-02571,Maintenance Yard,Scaffold tag was red but workers were seen preparing for Housekeeping on it. Intervened before access.
OIL-2026-02572,Drilling Rig Delta,Walkway obstructed by empty pallets near Confined Space area. Removed by housekeeping. I didn't have my glasses on but I saw it happen.
OIL-2026-02573,Refinery Unit B,Received report of incident during Gas Releases. Could not verify details.
OIL-2026-02574,Refinery Unit B,Handrail paint was peeling near the Working at Height sector. Maintenance request submitted.
OIL-2026-02575,Refinery Unit B,Fire extinguisher tag missing in the Simultaneous Operations zone. Replaced by safety officer.
OIL-2026-02576,Maintenance Yard,Minor oil weepage noticed on valve body during Routine inspections. Cleaned and tightened.
OIL-2026-02577,Pipeline Sector 4,Worker observed not wearing full PPE during Confined Space in the safe zone. Reminded and complied. It was raining heavily at the time.
OIL-2026-02578,Refinery Unit B,Minor oil weepage noticed on valve body during Confined Space. Cleaned and tightened.
OIL-2026-02579,Drilling Rig Delta,Contractor dropped something during Hydrocarbon Leaks. Didn't see what it was.
OIL-2026-02580,Offshore Platform Alpha,Worker observed not wearing full PPE during Minor maintenance issues in the safe zone. Reminded and complied. Radio comms were a bit staticky.
OIL-2026-02581,Refinery Unit B,"Catastrophic failure of lifting gear during Confined Space. 5-ton load dropped 10 meters, striking the deck less than 2 meters from the rigging crew."
OIL-2026-02582,Maintenance Yard,Arc flash occurred during Process Upsets in the main switchgear room. Technician suffered severe electrical burns to face and hands. Radio comms were a bit staticky.
OIL-2026-02583,Terminal Operations,Someone said the pressure was high during Routine inspections. Need to investigate further. I didn't have my glasses on but I saw it happen.
OIL-2026-02584,Terminal Operations,Received report of incident during Housekeeping. Could not verify details.
OIL-2026-02585,Terminal Operations,The gauge looked weird during Gas Releases. We left it alone. I didn't have my glasses on but I saw it happen.
OIL-2026-02586,Pipeline Sector 4,Major hydrocarbon gas release during Hydrocarbon Leaks. Cloud drifted towards hot work area. Emergency shutdown activated immediately.
OIL-2026-02587,Pipeline Sector 4,Major hydrocarbon gas release during Excavation. Cloud drifted towards hot work area. Emergency shutdown activated immediately.
OIL-2026-02588,Pipeline Sector 4,Received report of incident during Lifting Operations. Could not verify details. The contractor was late to the shift.
OIL-2026-02589,Maintenance Yard,Someone said the pressure was high during Confined Space. Need to investigate further.
OIL-2026-02590,Drilling Rig Delta,"Worker reported feeling unwell after Simultaneous Operations. Might be related, might be food poisoning."
OIL-2026-02591,Refinery Unit B,"Vehicle struck a pedestrian crossing the yard during PPE observations. Severe trauma sustained, medevac initiated."
OIL-2026-02592,Offshore Platform Alpha,Major hydrocarbon gas release during Energy Isolation / LOTO. Cloud drifted towards hot work area. Emergency shutdown activated immediately. The supervisor was not present.
OIL-2026-02593,Pipeline Sector 4,"Worker reported feeling unwell after Chemical Exposure. Might be related, might be food poisoning. I didn't have my glasses on but I saw it happen."
OIL-2026-02594,Drilling Rig Delta,Arc flash occurred during Gas Releases in the main switchgear room. Technician suffered severe electrical burns to face and hands. We had a safety meeting about this just yesterday.
OIL-2026-02595,Refinery Unit B,Completed daily Gas Releases checks. All parameters normal.
OIL-2026-02596,Refinery Unit B,"Catastrophic failure of lifting gear during Overpressure. 5-ton load dropped 10 meters, striking the deck less than 2 meters from the rigging crew."
OIL-2026-02597,Terminal Operations,"Loud bang heard near Lifting Operations unit, but no damage found and no one saw anything."
OIL-2026-02598,Drilling Rig Delta,Arc flash occurred during Dropped Objects in the main switchgear room. Technician suffered severe electrical burns to face and hands. It was raining heavily at the time.
OIL-2026-02599,Maintenance Yard,Handrail paint was peeling near the Routine inspections sector. Maintenance request submitted.
OIL-2026-02600,Drilling Rig Delta,Someone said the pressure was high during Lifting Operations. Need to investigate further.
OIL-2026-02601,Maintenance Yard,Small localized smoldering fire observed during Housekeeping hot work. Extinguished immediately with local fire watch.
OIL-2026-02602,Offshore Platform Alpha,Arc flash occurred during Vehicle Movement in the main switchgear room. Technician suffered severe electrical burns to face and hands.
OIL-2026-02603,Pipeline Sector 4,Contractor reminded to use three points of contact on stairs near Minor maintenance issues unit.
OIL-2026-02604,Offshore Platform Alpha,Received report of incident during Gas Releases. Could not verify details.
OIL-2026-02605,Refinery Unit B,Slight trip hazard identified at Overpressure location due to uneven grating. Marked with high-viz tape.
OIL-2026-02606,Drilling Rig Delta,Worker fell 5 meters during Minor maintenance issues because harness lanyard snapped. Rushed to medical bay with suspected fractures.
OIL-2026-02607,Terminal Operations,"Vehicle struck a pedestrian crossing the yard during Excavation. Severe trauma sustained, medevac initiated."
OIL-2026-02608,Refinery Unit B,Received report of incident during Excavation. Could not verify details.
OIL-2026-02609,Terminal Operations,"During routine Overpressure inspection, noticed minor debris which was cleared immediately."
OIL-2026-02610,Drilling Rig Delta,Small localized smoldering fire observed during PPE observations hot work. Extinguished immediately with local fire watch. Radio comms were a bit staticky.
OIL-2026-02611,Offshore Platform Alpha,"Loud bang heard near Minor maintenance issues unit, but no damage found and no one saw anything."
OIL-2026-02612,Drilling Rig Delta,Trench collapsed during Process Upsets excavation. Worker was partially buried up to the waist. Rescue team deployed.
OIL-2026-02613,Pipeline Sector 4,Received report of incident during Overpressure. Could not verify details.
OIL-2026-02614,Terminal Operations,The gauge looked weird during Lifting Operations. We left it alone.
OIL-2026-02615,Refinery Unit B,"During Overpressure, LEL alarms triggered at 10%. Work stopped and area ventilated."
OIL-2026-02616,Drilling Rig Delta,Routine Hydrocarbon Leaks completed without any safety incidents.
OIL-2026-02617,Offshore Platform Alpha,Contractor dropped something during Lifting Operations. Didn't see what it was. It was raining heavily at the time.
OIL-2026-02618,Maintenance Yard,Worker fell 5 meters during Chemical Exposure because harness lanyard snapped. Rushed to medical bay with suspected fractures. I didn't have my glasses on but I saw it happen.
OIL-2026-02619,Maintenance Yard,Arc flash occurred during PPE observations in the main switchgear room. Technician suffered severe electrical burns to face and hands.
OIL-2026-02620,Pipeline Sector 4,Handrail paint was peeling near the Confined Space sector. Maintenance request submitted.
OIL-2026-02621,Maintenance Yard,Major hydrocarbon gas release during PPE observations. Cloud drifted towards hot work area. Emergency shutdown activated immediately.
OIL-2026-02622,Drilling Rig Delta,"Catastrophic failure of lifting gear during Confined Space. 5-ton load dropped 10 meters, striking the deck less than 2 meters from the rigging crew. We had a safety meeting about this just yesterday."
OIL-2026-02623,Pipeline Sector 4,Scaffold tag was red but workers were seen preparing for Simultaneous Operations on it. Intervened before access. The shift was almost over.
OIL-2026-02624,Refinery Unit B,Contractor dropped something during Housekeeping. Didn't see what it was.
OIL-2026-02625,Drilling Rig Delta,"Hydraulic hose burst during Simultaneous Operations, spraying fluid across the deck. Operator was wearing face shield, no injury."
OIL-2026-02626,Drilling Rig Delta,Trench collapsed during Simultaneous Operations excavation. Worker was partially buried up to the waist. Rescue team deployed.
OIL-2026-02627,Terminal Operations,"During routine Energy Isolation / LOTO inspection, noticed minor debris which ws cleared immediately."
OIL-2026-02628,Offshore Platform Alpha,The gauge looked weird during Fire. We left it alone.
OIL-2026-02629,Maintenance Yard,"Catastrophic failure of lifting gear during Electrical Hazards. 5-ton load dropped 10 meters, striking the deck less than 2 meters from the rigging crew. The contractor was late to the shift."
OIL-2026-02630,Maintenance Yard,Worker fell 5 meters during Minor maintenance issues because harness lanyard snapped. Rushed to medical bay with suspected fractures.
OIL-2026-02631,Drilling Rig Delta,"Hydraulic hose burst during Gas Releases, spraying fluid across teh deck. Operator ws wearing face shield, no injury."
OIL-2026-02632,Offshore Platform Alpha,Contractor reminded to use three points of contact on stairs near Hydrocarbon Leaks unit.
OIL-2026-02633,Terminal Operations,The gauge looked weird during Hydrocarbon Leaks. We left it alone.
OIL-2026-02634,Offshore Platform Alpha,Major hydrocarbon gas release during Lifting Operations. Cloud drifted towards hot work area. Emergency shutdown activated immediately.
OIL-2026-02635,Pipeline Sector 4,"Catastrophic failure of lifting gear during Fire. 5-ton load dropped 10 meters, striking the deck less than 2 meters from the rigging crew."
OIL-2026-02636,Maintenance Yard,Someone said the pressure was high during Hydrocarbon Leaks. Need to investigate further. The contractor was late to the shift.
OIL-2026-02637,Terminal Operations,Scaffold tag was red but workers were seen preparing for Hot Work on it. Intervened before access. Radio comms were a bit staticky.
OIL-2026-02638,Refinery Unit B,Trench collapsed during Dropped Objects excavation. Worker was partially buried up to the waist. Rescue team deployed.
OIL-2026-02639,Offshore Platform Alpha,Contractor dropped something during Hydrocarbon Leaks. Didn't see what it was.
OIL-2026-02640,Maintenance Yard,Trench collapsed during PPE observations excavation. Worker was partially buried up to the waist. Rescue team deployed.
OIL-2026-02641,Pipeline Sector 4,Small localized smoldering fire observed during Hot Work hot work. Extinguished immediately with local fire watch.
OIL-2026-02642,Offshore Platform Alpha,Someone said the pressure was high during Gas Releases. Need to investigate further.
OIL-2026-02643,Terminal Operations,"Catastrophic failure of lifting gear during Minor maintenance issues. 5-ton load dropped 10 meters, striking teh deck less than 2 meters from teh rigging crew. I didn't have my glasses on but I saw it happen."
OIL-2026-02644,Refinery Unit B,Routine Hot Work completed without any safety incidents. (Note: Please fix the AC in the control room it is too hot).
OIL-2026-02645,Offshore Platform Alpha,"Loud bang heard near Dropped Objects unit, but no damage found and no one saw anything."
OIL-2026-02646,Refinery Unit B,Worker bypassed machine guard during Working at Height to clear a jam. Equipment was still energized. Intervened and applied LOTO.
OIL-2026-02647,Maintenance Yard,"Crane slewed unexpectedly during Housekeeping, load swung over teh pedestrian walkway. Exclusion zone ws active, no personnel exposed."
OIL-2026-02648,Maintenance Yard,"Vehicle struck a pedestrian crossing the yard during Minor maintenance issues. Severe trauma sustained, medevac initiated."
OIL-2026-02649,Maintenance Yard,"Loud bang heard near Overpressure unit, but no damage found and no one saw anything."
OIL-2026-02650,Maintenance Yard,Fire extinguisher tag missing in the Lifting Operations zone. Replaced by safety officer.
OIL-2026-02651,Pipeline Sector 4,Completed daily Excavation checks. All parameters normal.
OIL-2026-02652,Refinery Unit B,Slight trip hazard identified at Routine inspections location due to uneven grating. Marked with high-viz tape. The contractor was late to the shift.
OIL-2026-02653,Drilling Rig Delta,"During Lifting Operations, LEL alarms triggered at 10%. Work stopped and area ventilated."
OIL-2026-02654,Drilling Rig Delta,"Loud bang heard near Energy Isolation / LOTO unit, but no damage found and no one saw anything."
OIL-2026-02655,Offshore Platform Alpha,"Loud bang heard near Process Upsets unit, but no damage found and no one saw anything."
OIL-2026-02656,Offshore Platform Alpha,"Hydraulic hose burst during Vehicle Movement, spraying fluid across teh deck. Operator ws wearing face shield, no injury."
OIL-2026-02657,Terminal Operations,Minor oil weepage noticed on valve body during Electrical Hazards. Cleaned and tightened. The contractor was late to the shift.
OIL-2026-02658,Drilling Rig Delta,"Vehicle struck a pedestrian crossing the yard during Process Upsets. Severe trauma sustained, medevac initiated."
OIL-2026-02659,Drilling Rig Delta,"Loud bang heard near Lifting Operations unit, but no damage found and no one saw anything."
OIL-2026-02660,Offshore Platform Alpha,Arc flash occurred during Excavation in the main switchgear room. Technician suffered severe electrical burns to face and hands.
OIL-2026-02661,Maintenance Yard,Slight trip hazard identified at Overpressure location due to uneven grating. Marked with high-viz tape. It was raining heavily at the time.
OIL-2026-02662,Terminal Operations,Worker observed not wearing full PPE during Overpressure in the safe zone. Reminded and complied.
OIL-2026-02663,Maintenance Yard,"Worker reported feeling unwell after Working at Height. Might be related, might be food poisoning."
OIL-2026-02664,Terminal Operations,Walkway obstructed by empty pallets near Hydrocarbon Leaks area. Removed by housekeeping.
OIL-2026-02665,Refinery Unit B,Major hydrocarbon gas release during Process Upsets. Cloud drifted towards hot work area. Emergency shutdown activated immediately. The supervisor was not present.
OIL-2026-02666,Maintenance Yard,The gauge looked weird during Excavation. We left it alone.
OIL-2026-02667,Terminal Operations,"Hydraulic hose burst during Lifting Operations, spraying fluid across the deck. Operator was wearing face shield, no injury."
OIL-2026-02668,Maintenance Yard,Contractor found entering restricted Chemical Exposure area without a valid permit. Escorted out and work stopped.
OIL-2026-02669,Refinery Unit B,Worker fell 5 meters during Hot Work because harness lanyard snapped. Rushed to medical bay with suspected fractures.
OIL-2026-02670,Refinery Unit B,Trench collapsed during PPE observations excavation. Worker was partially buried up to the waist. Rescue team deployed.
OIL-2026-02671,Drilling Rig Delta,"While performing Housekeeping, a heavy wrench slipped and struck the scaffolding tube near the worker's head. Near miss. It was raining heavily at the time."
OIL-2026-02672,Refinery Unit B,Trench collapsed during Overpressure excavation. Worker was partially buried up to the waist. Rescue team deployed.
OIL-2026-02673,Terminal Operations,The gauge looked weird during Hydrocarbon Leaks. We left it alone.
OIL-2026-02674,Refinery Unit B,Scaffold tag was red but workers were seen preparing for Process Upsets on it. Intervened before access. I didn't have my glasses on but I saw it happen.
OIL-2026-02675,Terminal Operations,Handrail paint was peeling near the Gas Releases sector. Maintenance request submitted.
OIL-2026-02676,Refinery Unit B,Contractor reminded to use three points of contact on stairs near Overpressure unit. The contractor was late to the shift.
OIL-2026-02677,Drilling Rig Delta,"Loud bang heard near Energy Isolation / LOTO unit, but no damage found and no one saw anything."
OIL-2026-02678,Refinery Unit B,"Worker reported feeling unwell after PPE observations. Might be related, might be food poisoning."
OIL-2026-02679,Pipeline Sector 4,Received report of incident during Hot Work. Could not verify details.
OIL-2026-02680,Refinery Unit B,The gauge looked weird during Chemical Exposure. We left it alone.
OIL-2026-02681,Maintenance Yard,Found some fluid on the deck near Excavation. Not sure if water or oil. Radio comms were a bit staticky.
OIL-2026-02682,Refinery Unit B,"While performing Excavation, a heavy wrench slipped and struck the scaffolding tube near the worker's head. Near miss."
OIL-2026-02683,Pipeline Sector 4,Worker bypassed machine guard during Working at Height to clear a jam. Equipment was still energized. Intervened and applied LOTO.
OIL-2026-02684,Maintenance Yard,"Catastrophic failure of lifting gear during Hot Work. 5-ton load dropped 10 meters, striking the deck less than 2 meters from the rigging crew."
OIL-2026-02685,Maintenance Yard,Handrail paint was peeling near the Overpressure sector. Maintenance request submitted.
OIL-2026-02686,Drilling Rig Delta,"Hydraulic hose burst during Working at Height, spraying fluid across the deck. Operator was wearing face shield, no injury."
OIL-2026-02687,Refinery Unit B,Minor oil weepage noticed on valve body during Dropped Objects. Cleaned and tightened.
OIL-2026-02688,Pipeline Sector 4,"Loud bang heard near Vehicle Movement unit, but no damage found and no one saw anything. I didn't have my glasses on but I saw it happen."
OIL-2026-02689,Terminal Operations,Received report of incident during Lifting Operations. Could not verify details. The supervisor was not present.
OIL-2026-02690,Refinery Unit B,Worker fell 5 meters during Overpressure because harness lanyard snapped. Rushed to medical bay with suspected fractures.
OIL-2026-02691,Drilling Rig Delta,Minor oil weepage noticed on valve body during Working at Height. Cleaned and tightened.
OIL-2026-02692,Refinery Unit B,"Catastrophic failure of lifting gear during Overpressure. 5-ton load dropped 10 meters, striking the deck less than 2 meters from the rigging crew. Lunch had just finished."
OIL-2026-02693,Drilling Rig Delta,Walkway obstructed by empty pallets near Overpressure area. Removed by housekeeping.
OIL-2026-02694,Maintenance Yard,Scaffold tag was red but workers were seen preparing for PPE observations on it. Intervened before access.
OIL-2026-02695,Maintenance Yard,"Crane slewed unexpectedly during Minor maintenance issues, load swung over the pedestrian walkway. Exclusion zone was active, no personnel exposed."
OIL-2026-02696,Drilling Rig Delta,Major hydrocarbon gas release during Electrical Hazards. Cloud drifted towards hot work area. Emergency shutdown activated immediately.
OIL-2026-02697,Maintenance Yard,Worker fell 5 meters during Working at Height because harness lanyard snapped. Rushed to medical bay with suspected fractures.
OIL-2026-02698,Refinery Unit B,Completed daily Confined Space checks. All parameters normal. Lunch had just finished.
OIL-2026-02699,Drilling Rig Delta,"Hydraulic hose burst during PPE observations, spraying fluid across the deck. Operator was wearing face shield, no injury."
OIL-2026-02700,Refinery Unit B,"While performing Lifting Operations, a heavy wrench slipped and struck the scaffolding tube near the worker's head. Near miss."
OIL-2026-02701,Offshore Platform Alpha,"Catastrophic failure of lifting gear during Excavation. 5-ton load dropped 10 meters, striking the deck less than 2 meters from the rigging crew."
OIL-2026-02702,Terminal Operations,Received report of incident during PPE observations. Could not verify details.
OIL-2026-02703,Pipeline Sector 4,Minor oil weepage noticed on valve body during PPE observations. Cleaned and tightened.
OIL-2026-02704,Drilling Rig Delta,Worker fell 5 meters during Vehicle Movement because harness lanyard snapped. Rushed to medical bay with suspected fractures.
OIL-2026-02705,Drilling Rig Delta,Found some fluid on the deck near Lifting Operations. Not sure if water or oil.
OIL-2026-02706,Terminal Operations,Worker bypassed machine guard during Gas Releases to clear a jam. Equipment was still energized. Intervened and applied LOTO. Radio comms were a bit staticky.
OIL-2026-02707,Drilling Rig Delta,Contractor dropped something during Working at Height. Didn't see what it was. It was raining heavily at the time.
OIL-2026-02708,Maintenance Yard,"Loud bang heard near Gas Releases unit, but no damage found and no one saw anything."
OIL-2026-02709,Maintenance Yard,"Worker reported feeling unwell after Vehicle Movement. Might be related, might be food poisoning."
OIL-2026-02710,Terminal Operations,"While performing Energy Isolation / LOTO, a heavy wrench slipped and struck the scaffolding tube near the worker's head. Near miss."
OIL-2026-02711,Terminal Operations,Contractor reminded to use three points of contact on stairs near Hot Work unit.
OIL-2026-02712,Pipeline Sector 4,Contractor dropped something during PPE observations. Didn't see what it was. (Note: Please fix the AC in the control room it is too hot).
OIL-2026-02713,Offshore Platform Alpha,"During Confined Space, LEL alarms triggered at 10%. Work stopped and area ventilated. Radio comms were a bit staticky."
OIL-2026-02714,Offshore Platform Alpha,"During routine Simultaneous Operations inspection, noticed minor debris which was cleared immediately."
OIL-2026-02715,Drilling Rig Delta,Contractor found entering restricted Working at Height area without a valid permit. Escorted out and work stopped.
OIL-2026-02716,Pipeline Sector 4,Contractor reminded to use three points of contact on stairs near Fire unit.
OIL-2026-02717,Terminal Operations,Small localized smoldering fire observed during Excavation hot work. Extinguished immediately with local fire watch. Radio comms were a bit staticky.
OIL-2026-02718,Maintenance Yard,Handrail paint was peeling near the Energy Isolation / LOTO sector. Maintenance request submitted.
OIL-2026-02719,Offshore Platform Alpha,Contractor reminded to use three points of contact on stairs near Energy Isolation / LOTO unit.
OIL-2026-02720,Pipeline Sector 4,Fire extinguisher tag missing in the Excavation zone. Replaced by safety officer.
OIL-2026-02721,Offshore Platform Alpha,"During Working at Height, LEL alarms triggered at 10%. Work stopped and area ventilated. It was raining heavily at the time."
OIL-2026-02722,Maintenance Yard,Major hydrocarbon gas release during Process Upsets. Cloud drifted towards hot work area. Emergency shutdown activated immediately.
OIL-2026-02723,Drilling Rig Delta,Major hydrocarbon gas release during Working at Height. Cloud drifted towards hot work area. Emergency shutdown activated immediately.
OIL-2026-02724,Refinery Unit B,"Worker reported feeling unwell after Simultaneous Operations. Might be related, might be food poisoning."
OIL-2026-02725,Refinery Unit B,Contractor reminded to use three points of contact on stairs near Vehicle Movement unit.
OIL-2026-02726,Terminal Operations,"Loud bang heard near Confined Space unit, but no damage found and no one saw anything."
OIL-2026-02727,Refinery Unit B,Contractor found entering restricted Housekeeping area without a valid permit. Escorted out and work stopped.
OIL-2026-02728,Pipeline Sector 4,Major hydrocarbon gas release during Lifting Operations. Cloud drifted towards hot work area. Emergency shutdown activated immediately.
OIL-2026-02729,Offshore Platform Alpha,Contractor dropped something during Hydrocarbon Leaks. Didn't see what it was.
OIL-2026-02730,Terminal Operations,"Vehicle struck a pedestrian crossing the yard during Hydrocarbon Leaks. Severe trauma sustained, medevac initiated."
OIL-2026-02731,Drilling Rig Delta,Worker fell 5 meters during Energy Isolation / LOTO because harness lanyard snapped. Rushed to medical bay with suspected fractures.
OIL-2026-02732,Drilling Rig Delta,Minor oil weepage noticed on valve body during PPE observations. Cleaned and tightened.
OIL-2026-02733,Terminal Operations,"Worker reported feeling unwell after Confined Space. Might be related, might be food poisoning."
OIL-2026-02734,Offshore Platform Alpha,Trench collapsed during Housekeeping excavation. Worker was partially buried up to the waist. Rescue team deployed.
OIL-2026-02735,Maintenance Yard,Major hydrocarbon gas release during Hot Work. Cloud drifted towards hot work area. Emergency shutdown activated immediately.
OIL-2026-02736,Maintenance Yard,Someone said the pressure was high during Chemical Exposure. Need to investigate further.
OIL-2026-02737,Drilling Rig Delta,"Vehicle struck a pedestrian crossing teh yard during Energy Isolation / LOTO. Severe trauma sustained, medevac initiated."
OIL-2026-02738,Terminal Operations,"Crane slewed unexpectedly during Hydrocarbon Leaks, load swung over the pedestrian walkway. Exclusion zone was active, no personnel exposed."
OIL-2026-02739,Offshore Platform Alpha,Someone said the pressure was high during Housekeeping. Need to investigate further.
OIL-2026-02740,Drilling Rig Delta,Minor oil weepage noticed on valve body during Excavation. Cleaned and tightened.
OIL-2026-02741,Maintenance Yard,Worker bypassed machine guard during Housekeeping to clear a jam. Equipment was still energized. Intervened and applied LOTO.
OIL-2026-02742,Refinery Unit B,"Loud bang heard near Vehicle Movement unit, but no damage found and no one saw anything."
OIL-2026-02743,Offshore Platform Alpha,Fire extinguisher tag missing in the Lifting Operations zone. Replaced by safety officer.
OIL-2026-02744,Maintenance Yard,"Vehicle struck a pedestrian crossing the yard during Energy Isolation / LOTO. Severe trauma sustained, medevac initiated. The contractor was late to the shift."
OIL-2026-02745,Maintenance Yard,Major hydrocarbon gas release during Simultaneous Operations. Cloud drifted towards hot work area. Emergency shutdown activated immediately.
OIL-2026-02746,Offshore Platform Alpha,"Vehicle struck a pedestrian crossing the yard during PPE observations. Severe trauma sustained, medevac initiated."
OIL-2026-02747,Offshore Platform Alpha,"Catastrophic failure of lifting gear during Vehicle Movement. 5-ton load dropped 10 meters, striking teh deck less than 2 meters from teh rigging crew."
OIL-2026-02748,Maintenance Yard,Worker observed not wearing full PPE during Overpressure in the safe zone. Reminded and complied.
OIL-2026-02749,Drilling Rig Delta,"Vehicle struck a pedestrian crossing the yard during Excavation. Severe trauma sustained, medevac initiated."
OIL-2026-02750,Maintenance Yard,Completed daily Hydrocarbon Leaks checks. All parameters normal. The shift was almost over.
OIL-2026-02751,Offshore Platform Alpha,Scaffold tag was red but workers were seen preparing for Process Upsets on it. Intervened before access.
OIL-2026-02752,Drilling Rig Delta,Received report of incident during Routine inspections. Could not verify details.
OIL-2026-02753,Pipeline Sector 4,"Catastrophic failure of lifting gear during Hydrocarbon Leaks. 5-ton load dropped 10 meters, striking the deck less than 2 meters from the rigging crew."
OIL-2026-02754,Pipeline Sector 4,"While performing Gas Releases, a heavy wrench slipped and struck the scaffolding tube near the worker's head. Near miss."
OIL-2026-02755,Offshore Platform Alpha,"Loud bang heard near Dropped Objects unit, but no damage found and no one saw anything."
OIL-2026-02756,Terminal Operations,Someone said teh pressure ws high during Chemical Exposure. Need to investigate further.
OIL-2026-02757,Drilling Rig Delta,Worker fell 5 meters during Hydrocarbon Leaks because harness lanyard snapped. Rushed to medical bay with suspected fractures.
OIL-2026-02758,Pipeline Sector 4,The gauge looked weird during Fire. We left it alone. We had a safety meeting about this just yesterday.
OIL-2026-02759,Refinery Unit B,Contractor reminded to use three points of contact on stairs near Energy Isolation / LOTO unit.
OIL-2026-02760,Offshore Platform Alpha,"During routine Working at Height inspection, noticed minor debris which was cleared immediately."
OIL-2026-02761,Offshore Platform Alpha,Scaffold tag was red but workers were seen preparing for Vehicle Movement on it. Intervened before access.
OIL-2026-02762,Drilling Rig Delta,Arc flash occurred during Working at Height in teh main switchgear room. Technician suffered severe electrical burns to face and hands. I didn't have my glasses on but I saw it happen.
OIL-2026-02763,Terminal Operations,Contractor dropped something during Dropped Objects. Didn't see what it was.
OIL-2026-02764,Offshore Platform Alpha,Found some fluid on the deck near Overpressure. Not sure if water or oil.
OIL-2026-02765,Refinery Unit B,Fire extinguisher tag missing in the Simultaneous Operations zone. Replaced by safety officer.
OIL-2026-02766,Offshore Platform Alpha,Contractor found entering restricted Housekeeping area without a valid permit. Escorted out and work stopped.
OIL-2026-02767,Refinery Unit B,Received report of incident during PPE observations. Could not verify details.
OIL-2026-02768,Drilling Rig Delta,Slight trip hazard identified at Excavation location due to uneven grating. Marked with high-viz tape.
OIL-2026-02769,Maintenance Yard,Arc flash occurred during Lifting Operations in the main switchgear room. Technician suffered severe electrical burns to face and hands. The supervisor was not present.
OIL-2026-02770,Drilling Rig Delta,"Hydraulic hose burst during Energy Isolation / LOTO, spraying fluid across the deck. Operator was wearing face shield, no injury."
OIL-2026-02771,Drilling Rig Delta,Found some fluid on the deck near Energy Isolation / LOTO. Not sure if water or oil.
OIL-2026-02772,Drilling Rig Delta,Someone said the pressure was high during Hydrocarbon Leaks. Need to investigate further.
OIL-2026-02773,Maintenance Yard,Trench collapsed during Chemical Exposure excavation. Worker was partially buried up to the waist. Rescue team deployed.
OIL-2026-02774,Pipeline Sector 4,Small localized smoldering fire observed during Routine inspections hot work. Extinguished immediately with local fire watch.
OIL-2026-02775,Drilling Rig Delta,Trench collapsed during Hydrocarbon Leaks excavation. Worker was partially buried up to the waist. Rescue team deployed.
OIL-2026-02776,Maintenance Yard,"Hydraulic hose burst during Electrical Hazards, spraying fluid across the deck. Operator was wearing face shield, no injury."
OIL-2026-02777,Refinery Unit B,Arc flash occurred during Minor maintenance issues in the main switchgear room. Technician suffered severe electrical burns to face and hands.
OIL-2026-02778,Maintenance Yard,Routine Hot Work completed without any safety incidents. (Note: Please fix the AC in the control room it is too hot).
OIL-2026-02779,Refinery Unit B,"During Vehicle Movement, LEL alarms triggered at 10%. Work stopped and area ventilated."
OIL-2026-02780,Offshore Platform Alpha,Fire extinguisher tag missing in the Lifting Operations zone. Replaced by safety officer.
OIL-2026-02781,Offshore Platform Alpha,Contractor reminded to use three points of contact on stairs near Working at Height unit.
OIL-2026-02782,Refinery Unit B,"During routine Overpressure inspection, noticed minor debris which was cleared immediately."
OIL-2026-02783,Drilling Rig Delta,Contractor reminded to use three points of contact on stairs near Excavation unit.
OIL-2026-02784,Drilling Rig Delta,"Crane slewed unexpectedly during Fire, load swung over the pedestrian walkway. Exclusion zone was active, no personnel exposed."
OIL-2026-02785,Pipeline Sector 4,Major hydrocarbon gas release during Working at Height. Cloud drifted towards hot work area. Emergency shutdown activated immediately.
OIL-2026-02786,Pipeline Sector 4,Worker fell 5 meters during Hot Work because harness lanyard snapped. Rushed to medical bay with suspected fractures.
OIL-2026-02787,Maintenance Yard,Minor oil weepage noticed on valve body during PPE observations. Cleaned and tightened.
OIL-2026-02788,Pipeline Sector 4,Contractor found entering restricted Overpressure area without a valid permit. Escorted out and work stopped. (Note: Please fix the AC in the control room it is too hot).
OIL-2026-02789,Offshore Platform Alpha,Walkway obstructed by empty pallets near Confined Space area. Removed by housekeeping. I didn't have my glasses on but I saw it happen.
OIL-2026-02790,Terminal Operations,"Crane slewed unexpectedly during Lifting Operations, load swung over the pedestrian walkway. Exclusion zone was active, no personnel exposed."
OIL-2026-02791,Pipeline Sector 4,Major hydrocarbon gas release during Hot Work. Cloud drifted towards hot work area. Emergency shutdown activated immediately.
OIL-2026-02792,Offshore Platform Alpha,Contractor found entering restricted Excavation area without a valid permit. Escorted out and work stopped.
OIL-2026-02793,Drilling Rig Delta,Arc flash occurred during Dropped Objects in teh main switchgear room. Technician suffered severe electrical burns to face and hands.
OIL-2026-02794,Offshore Platform Alpha,Trench collapsed during Overpressure excavation. Worker was partially buried up to the waist. Rescue team deployed.
OIL-2026-02795,Drilling Rig Delta,Arc flash occurred during Hot Work in teh main switchgear room. Technician suffered severe electrical burns to face and hands.
OIL-2026-02796,Offshore Platform Alpha,Someone said the pressure was high during Routine inspections. Need to investigate further.
OIL-2026-02797,Terminal Operations,"Worker reported feeling unwell after Confined Space. Might be related, might be food poisoning."
OIL-2026-02798,Pipeline Sector 4,Received report of incident during Routine inspections. Could not verify details.
OIL-2026-02799,Drilling Rig Delta,Contractor reminded to use three points of contact on stairs near Dropped Objects unit. I didn't have my glasses on but I saw it happen.
OIL-2026-02800,Pipeline Sector 4,"Loud bang heard near Fire unit, but no damage found and no one saw anything."
OIL-2026-02801,Pipeline Sector 4,Routine Routine inspections completed without any safety incidents.
OIL-2026-02802,Terminal Operations,Arc flash occurred during Process Upsets in the main switchgear room. Technician suffered severe electrical burns to face and hands.
OIL-2026-02803,Pipeline Sector 4,The gauge looked weird during Confined Space. We left it alone.
OIL-2026-02804,Offshore Platform Alpha,Worker fell 5 meters during Energy Isolation / LOTO because harness lanyard snapped. Rushed to medical bay with suspected fractures.
OIL-2026-02805,Maintenance Yard,"Catastrophic failure of lifting gear during Chemical Exposure. 5-ton load dropped 10 meters, striking the deck less than 2 meters from the rigging crew."
OIL-2026-02806,Refinery Unit B,Walkway obstructed by empty pallets near Vehicle Movement area. Removed by housekeeping.
OIL-2026-02807,Terminal Operations,Major hydrocarbon gas release during Gas Releases. Cloud drifted towards hot work area. Emergency shutdown activated immediately.
OIL-2026-02808,Pipeline Sector 4,"Catastrophic failure of lifting gear during Process Upsets. 5-ton load dropped 10 meters, striking the deck less than 2 meters from the rigging crew."
OIL-2026-02809,Offshore Platform Alpha,The gauge looked weird during Dropped Objects. We left it alone. Lunch had just finished.
OIL-2026-02810,Terminal Operations,"Loud bang heard near Overpressure unit, but no damage found and no one saw anything."
OIL-2026-02811,Offshore Platform Alpha,Found some fluid on the deck near Simultaneous Operations. Not sure if water or oil.
OIL-2026-02812,Terminal Operations,Received report of incident during Electrical Hazards. Could not verify details.
OIL-2026-02813,Refinery Unit B,Minor oil weepage noticed on valve body during Energy Isolation / LOTO. Cleaned and tightened.
OIL-2026-02814,Terminal Operations,Trench collapsed during Hydrocarbon Leaks excavation. Worker was partially buried up to the waist. Rescue team deployed. The contractor was late to the shift.
OIL-2026-02815,Offshore Platform Alpha,Arc flash occurred during Excavation in the main switchgear room. Technician suffered severe electrical burns to face and hands.
OIL-2026-02816,Drilling Rig Delta,Worker observed not wearing full PPE during PPE observations in the safe zone. Reminded and complied.
OIL-2026-02817,Refinery Unit B,Worker fell 5 meters during Housekeeping because harness lanyard snapped. Rushed to medical bay with suspected fractures.
OIL-2026-02818,Pipeline Sector 4,"During Simultaneous Operations, LEL alarms triggered at 10%. Work stopped and area ventilated. The supervisor was not present."
OIL-2026-02819,Drilling Rig Delta,Someone said the pressure was high during PPE observations. Need to investigate further.
OIL-2026-02820,Refinery Unit B,"Crane slewed unexpectedly during Electrical Hazards, load swung over the pedestrian walkway. Exclusion zone was active, no personnel exposed."
OIL-2026-02821,Refinery Unit B,Worker fell 5 meters during PPE observations because harness lanyard snapped. Rushed to medical bay with suspected fractures.
OIL-2026-02822,Pipeline Sector 4,Small localized smoldering fire observed during Gas Releases hot work. Extinguished immediately with local fire watch. The supervisor was not present.
OIL-2026-02823,Drilling Rig Delta,Arc flash occurred during Working at Height in the main switchgear room. Technician suffered severe electrical burns to face and hands.
OIL-2026-02824,Pipeline Sector 4,"Hydraulic hose burst during Process Upsets, spraying fluid across the deck. Operator was wearing face shield, no injury."
OIL-2026-02825,Refinery Unit B,Worker fell 5 meters during Simultaneous Operations because harness lanyard snapped. Rushed to medical bay with suspected fractures.
OIL-2026-02826,Refinery Unit B,Major hydrocarbon gas release during Working at Height. Cloud drifted towards hot work area. Emergency shutdown activated immediately.
OIL-2026-02827,Drilling Rig Delta,"Loud bang heard near Dropped Objects unit, but no damage found and no one saw anything."
OIL-2026-02828,Terminal Operations,The gauge looked weird during Process Upsets. We left it alone.
OIL-2026-02829,Refinery Unit B,"Hydraulic hose burst during Electrical Hazards, spraying fluid across the deck. Operator was wearing face shield, no injury."
OIL-2026-02830,Pipeline Sector 4,"During Housekeeping, LEL alarms triggered at 10%. Work stopped and area ventilated. Lunch had just finished."
OIL-2026-02831,Drilling Rig Delta,"Catastrophic failure of lifting gear during Routine inspections. 5-ton load dropped 10 meters, striking the deck less than 2 meters from the rigging crew."
OIL-2026-02832,Maintenance Yard,Completed daily Overpressure checks. All parameters normal.
OIL-2026-02833,Terminal Operations,Worker fell 5 meters during Dropped Objects because harness lanyard snapped. Rushed to medical bay with suspected fractures.
OIL-2026-02834,Maintenance Yard,"Vehicle struck a pedestrian crossing the yard during Routine inspections. Severe trauma sustained, medevac initiated."
OIL-2026-02835,Refinery Unit B,Routine Routine inspections completed without any safety incidents.
OIL-2026-02836,Maintenance Yard,Handrail paint was peeling near the Routine inspections sector. Maintenance request submitted.
OIL-2026-02837,Maintenance Yard,Contractor found entering restricted Confined Space area without a valid permit. Escorted out and work stopped.
OIL-2026-02838,Maintenance Yard,Slight trip hazard identified at Energy Isolation / LOTO location due to uneven grating. Marked with high-viz tape. Lunch had just finished.
OIL-2026-02839,Maintenance Yard,Slight trip hazard identified at Process Upsets location due to uneven grating. Marked with high-viz tape. Lunch had just finished.
OIL-2026-02840,Drilling Rig Delta,Worker observed not wearing full PPE during Process Upsets in teh safe zone. Reminded and complied.
OIL-2026-02841,Maintenance Yard,Worker bypassed machine guard during Electrical Hazards to clear a jam. Equipment was still energized. Intervened and applied LOTO.
OIL-2026-02842,Drilling Rig Delta,Found some fluid on the deck near Routine inspections. Not sure if water or oil.
OIL-2026-02843,Drilling Rig Delta,Major hydrocarbon gas release during Lifting Operations. Cloud drifted towards hot work area. Emergency shutdown activated immediately.
OIL-2026-02844,Drilling Rig Delta,Someone said teh pressure ws high during PPE observations. Need to investigate further.
OIL-2026-02845,Drilling Rig Delta,Someone said the pressure was high during Excavation. Need to investigate further. Radio comms were a bit staticky.
OIL-2026-02846,Drilling Rig Delta,Arc flash occurred during Fire in the main switchgear room. Technician suffered severe electrical burns to face and hands.
OIL-2026-02847,Maintenance Yard,"During routine Energy Isolation / LOTO inspection, noticed minor debris which was cleared immediately."
OIL-2026-02848,Maintenance Yard,Contractor dropped something during Gas Releases. Didn't see what it was.
OIL-2026-02849,Maintenance Yard,Fire extinguisher tag missing in the Minor maintenance issues zone. Replaced by safety officer. We had a safety meeting about this just yesterday.
OIL-2026-02850,Terminal Operations,Minor oil weepage noticed on valve body during Excavation. Cleaned and tightened.
OIL-2026-02851,Maintenance Yard,Worker fell 5 meters during Excavation because harness lanyard snapped. Rushed to medical bay with suspected fractures.
OIL-2026-02852,Terminal Operations,Arc flash occurred during Gas Releases in the main switchgear room. Technician suffered severe electrical burns to face and hands. The contractor was late to the shift.
OIL-2026-02853,Terminal Operations,The gauge looked weird during Gas Releases. We left it alone.
OIL-2026-02854,Drilling Rig Delta,Minor oil weepage noticed on valve body during Minor maintenance issues. Cleaned and tightened.
OIL-2026-02855,Refinery Unit B,Found some fluid on the deck near Housekeeping. Not sure if water or oil.
OIL-2026-02856,Terminal Operations,"Catastrophic failure of lifting gear during Housekeeping. 5-ton load dropped 10 meters, striking the deck less than 2 meters from the rigging crew."
OIL-2026-02857,Maintenance Yard,Found some fluid on the deck near Simultaneous Operations. Not sure if water or oil.
OIL-2026-02858,Terminal Operations,Handrail paint was peeling near the Routine inspections sector. Maintenance request submitted.
OIL-2026-02859,Maintenance Yard,"Catastrophic failure of lifting gear during Excavation. 5-ton load dropped 10 meters, striking the deck less than 2 meters from the rigging crew. The contractor was late to the shift."
OIL-2026-02860,Refinery Unit B,"Catastrophic failure of lifting gear during Confined Space. 5-ton load dropped 10 meters, striking the deck less than 2 meters from the rigging crew."
OIL-2026-02861,Terminal Operations,Contractor dropped something during Housekeeping. Didn't see what it was.
OIL-2026-02862,Terminal Operations,Major hydrocarbon gas release during Confined Space. Cloud drifted towards hot work area. Emergency shutdown activated immediately.
OIL-2026-02863,Refinery Unit B,Handrail paint was peeling near the Hot Work sector. Maintenance request submitted.
OIL-2026-02864,Maintenance Yard,"Crane slewed unexpectedly during Fire, load swung over the pedestrian walkway. Exclusion zone was active, no personnel exposed."
OIL-2026-02865,Maintenance Yard,"Worker reported feeling unwell after Overpressure. Might be related, might be food poisoning."
OIL-2026-02866,Offshore Platform Alpha,Worker observed not wearing full PPE during Lifting Operations in the safe zone. Reminded and complied.
OIL-2026-02867,Offshore Platform Alpha,"Loud bang heard near Fire unit, but no damage found and no one saw anything."
OIL-2026-02868,Refinery Unit B,Worker bypassed machine guard during Housekeeping to clear a jam. Equipment was still energized. Intervened and applied LOTO.
OIL-2026-02869,Maintenance Yard,Major hydrocarbon gas release during Working at Height. Cloud drifted towards hot work area. Emergency shutdown activated immediately.
OIL-2026-02870,Maintenance Yard,Small localized smoldering fire observed during Fire hot work. Extinguished immediately with local fire watch. Lunch had just finished.
OIL-2026-02871,Maintenance Yard,Arc flash occurred during Overpressure in the main switchgear room. Technician suffered severe electrical burns to face and hands. We had a safety meeting about this just yesterday.
OIL-2026-02872,Refinery Unit B,Worker bypassed machine guard during Electrical Hazards to clear a jam. Equipment was still energized. Intervened and applied LOTO.
OIL-2026-02873,Drilling Rig Delta,Contractor reminded to use three points of contact on stairs near Gas Releases unit.
OIL-2026-02874,Terminal Operations,Completed daily Gas Releases checks. All parameters normal.
OIL-2026-02875,Maintenance Yard,Major hydrocarbon gas release during Routine inspections. Cloud drifted towards hot work area. Emergency shutdown activated immediately. Lunch had just finished.
OIL-2026-02876,Refinery Unit B,"Vehicle struck a pedestrian crossing the yard during Confined Space. Severe trauma sustained, medevac initiated."
OIL-2026-02877,Refinery Unit B,"Catastrophic failure of lifting gear during Working at Height. 5-ton load dropped 10 meters, striking the deck less than 2 meters from the rigging crew. Radio comms were a bit staticky."
OIL-2026-02878,Offshore Platform Alpha,"Hydraulic hose burst during Excavation, spraying fluid across the deck. Operator was wearing face shield, no injury."
OIL-2026-02879,Pipeline Sector 4,"Catastrophic failure of lifting gear during Gas Releases. 5-ton load dropped 10 meters, striking the deck less than 2 meters from the rigging crew."
OIL-2026-02880,Refinery Unit B,The gauge looked weird during Vehicle Movement. We left it alone.
OIL-2026-02881,Maintenance Yard,Contractor found entering restricted Hydrocarbon Leaks area without a valid permit. Escorted out and work stopped.
OIL-2026-02882,Pipeline Sector 4,Completed daily Minor maintenance issues checks. All parameters normal.
OIL-2026-02883,Pipeline Sector 4,Arc flash occurred during Excavation in the main switchgear room. Technician suffered severe electrical burns to face and hands.
OIL-2026-02884,Maintenance Yard,Small localized smoldering fire observed during Hydrocarbon Leaks hot work. Extinguished immediately with local fire watch. It was raining heavily at the time.
OIL-2026-02885,Offshore Platform Alpha,Major hydrocarbon gas release during Dropped Objects. Cloud drifted towards hot work area. Emergency shutdown activated immediately.
OIL-2026-02886,Offshore Platform Alpha,"Hydraulic hose burst during Dropped Objects, spraying fluid across the deck. Operator was wearing face shield, no injury."
OIL-2026-02887,Drilling Rig Delta,"Loud bang heard near Routine inspections unit, but no damage found and no one saw anything."
OIL-2026-02888,Offshore Platform Alpha,"During routine Confined Space inspection, noticed minor debris which ws cleared immediately."
OIL-2026-02889,Maintenance Yard,Contractor found entering restricted Overpressure area without a valid permit. Escorted out and work stopped.
OIL-2026-02890,Drilling Rig Delta,Contractor reminded to use three points of contact on stairs near Working at Height unit. I didn't have my glasses on but I saw it happen.
OIL-2026-02891,Pipeline Sector 4,"Loud bang heard near Electrical Hazards unit, but no damage found and no one saw anything."
OIL-2026-02892,Refinery Unit B,Handrail paint was peeling near the Chemical Exposure sector. Maintenance request submitted.
OIL-2026-02893,Maintenance Yard,"During routine Minor maintenance issues inspection, noticed minor debris which was cleared immediately."
OIL-2026-02894,Drilling Rig Delta,Arc flash occurred during Electrical Hazards in the main switchgear room. Technician suffered severe electrical burns to face and hands.
OIL-2026-02895,Offshore Platform Alpha,Found some fluid on the deck near Energy Isolation / LOTO. Not sure if water or oil.
OIL-2026-02896,Pipeline Sector 4,"Hydraulic hose burst during Dropped Objects, spraying fluid across the deck. Operator was wearing face shield, no injury."
OIL-2026-02897,Offshore Platform Alpha,Trench collapsed during Vehicle Movement excavation. Worker was partially buried up to the waist. Rescue team deployed.
OIL-2026-02898,Maintenance Yard,Minor oil weepage noticed on valve body during Dropped Objects. Cleaned and tightened.
OIL-2026-02899,Terminal Operations,"Loud bang heard near Overpressure unit, but no damage found and no one saw anything."
OIL-2026-02900,Maintenance Yard,"Hydraulic hose burst during Minor maintenance issues, spraying fluid across the deck. Operator was wearing face shield, no injury."
OIL-2026-02901,Refinery Unit B,Someone said the pressure was high during Dropped Objects. Need to investigate further.
OIL-2026-02902,Terminal Operations,Worker fell 5 meters during PPE observations because harness lanyard snapped. Rushed to medical bay with suspected fractures.
OIL-2026-02903,Refinery Unit B,Slight trip hazard identified at Simultaneous Operations location due to uneven grating. Marked with high-viz tape.
OIL-2026-02904,Terminal Operations,Someone said teh pressure ws high during Process Upsets. Need to investigate further.
OIL-2026-02905,Maintenance Yard,Completed daily Chemical Exposure checks. All parameters normal.
OIL-2026-02906,Maintenance Yard,"During Hot Work, LEL alarms triggered at 10%. Work stopped and area ventilated."
OIL-2026-02907,Terminal Operations,Completed daily Dropped Objects checks. All parameters normal. The contractor was late to the shift.
OIL-2026-02908,Drilling Rig Delta,"Worker reported feeling unwell after Routine inspections. Might be related, might be food poisoning."
OIL-2026-02909,Maintenance Yard,The gauge looked weird during Simultaneous Operations. We left it alone.
OIL-2026-02910,Offshore Platform Alpha,Worker fell 5 meters during Housekeeping because harness lanyard snapped. Rushed to medical bay with suspected fractures. It was raining heavily at the time.
OIL-2026-02911,Offshore Platform Alpha,"Worker reported feeling unwell after Fire. Might be related, might be food poisoning."
OIL-2026-02912,Maintenance Yard,"While performing Dropped Objects, a heavy wrench slipped and struck the scaffolding tube near the worker's head. Near miss."
OIL-2026-02913,Pipeline Sector 4,Contractor reminded to use three points of contact on stairs near Electrical Hazards unit.
OIL-2026-02914,Refinery Unit B,Handrail paint was peeling near the Vehicle Movement sector. Maintenance request submitted.
OIL-2026-02915,Offshore Platform Alpha,"While performing Process Upsets, a heavy wrench slipped and struck the scaffolding tube near the worker's head. Near miss."
OIL-2026-02916,Offshore Platform Alpha,Someone said the pressure was high during Chemical Exposure. Need to investigate further.
OIL-2026-02917,Refinery Unit B,Major hydrocarbon gas release during Minor maintenance issues. Cloud drifted towards hot work area. Emergency shutdown activated immediately. The contractor was late to the shift.
OIL-2026-02918,Refinery Unit B,"Catastrophic failure of lifting gear during Minor maintenance issues. 5-ton load dropped 10 meters, striking the deck less than 2 meters from the rigging crew. Lunch had just finished."
OIL-2026-02919,Terminal Operations,"Vehicle struck a pedestrian crossing teh yard during Minor maintenance issues. Severe trauma sustained, medevac initiated."
OIL-2026-02920,Offshore Platform Alpha,The gauge looked weird during Chemical Exposure. We left it alone.
OIL-2026-02921,Offshore Platform Alpha,"While performing Vehicle Movement, a heavy wrench slipped and struck the scaffolding tube near the worker's head. Near miss."
OIL-2026-02922,Offshore Platform Alpha,"Worker reported feeling unwell after Minor maintenance issues. Might be related, might be food poisoning. The contractor was late to the shift."
OIL-2026-02923,Drilling Rig Delta,"Hydraulic hose burst during Lifting Operations, spraying fluid across the deck. Operator was wearing face shield, no injury."
OIL-2026-02924,Offshore Platform Alpha,Arc flash occurred during Electrical Hazards in the main switchgear room. Technician suffered severe electrical burns to face and hands.
OIL-2026-02925,Refinery Unit B,Received report of incident during Confined Space. Could not verify details. The shift was almost over.
OIL-2026-02926,Drilling Rig Delta,The gauge looked weird during Routine inspections. We left it alone. Lunch had just finished.
OIL-2026-02927,Maintenance Yard,Worker bypassed machine guard during Housekeeping to clear a jam. Equipment was still energized. Intervened and applied LOTO.
OIL-2026-02928,Pipeline Sector 4,"While performing Vehicle Movement, a heavy wrench slipped and struck the scaffolding tube near the worker's head. Near miss."
OIL-2026-02929,Drilling Rig Delta,"During routine PPE observations inspection, noticed minor debris which was cleared immediately."
OIL-2026-02930,Offshore Platform Alpha,"Catastrophic failure of lifting gear during Housekeeping. 5-ton load dropped 10 meters, striking the deck less than 2 meters from the rigging crew. Radio comms were a bit staticky."
OIL-2026-02931,Terminal Operations,Fire extinguisher tag missing in the PPE observations zone. Replaced by safety officer.
OIL-2026-02932,Maintenance Yard,"Vehicle struck a pedestrian crossing the yard during Minor maintenance issues. Severe trauma sustained, medevac initiated."
OIL-2026-02933,Drilling Rig Delta,"During routine Lifting Operations inspection, noticed minor debris which was cleared immediately."
OIL-2026-02934,Drilling Rig Delta,"Vehicle struck a pedestrian crossing the yard during Fire. Severe trauma sustained, medevac initiated."
OIL-2026-02935,Terminal Operations,"Crane slewed unexpectedly during Working at Height, load swung over the pedestrian walkway. Exclusion zone was active, no personnel exposed."
OIL-2026-02936,Refinery Unit B,"Worker reported feeling unwell after Minor maintenance issues. Might be related, might be food poisoning."
OIL-2026-02937,Terminal Operations,Worker fell 5 meters during Hot Work because harness lanyard snapped. Rushed to medical bay with suspected fractures.
OIL-2026-02938,Refinery Unit B,Scaffold tag was red but workers were seen preparing for PPE observations on it. Intervened before access.
OIL-2026-02939,Refinery Unit B,Someone said the pressure was high during Working at Height. Need to investigate further.
OIL-2026-02940,Refinery Unit B,Received report of incident during Simultaneous Operations. Could not verify details.
OIL-2026-02941,Maintenance Yard,Slight trip hazard identified at PPE observations location due to uneven grating. Marked with high-viz tape.
OIL-2026-02942,Pipeline Sector 4,"Worker reported feeling unwell after Confined Space. Might be related, might be food poisoning."
OIL-2026-02943,Offshore Platform Alpha,Contractor dropped something during Lifting Operations. Didn't see what it was.
OIL-2026-02944,Drilling Rig Delta,Minor oil weepage noticed on valve body during Chemical Exposure. Cleaned and tightened.
OIL-2026-02945,Maintenance Yard,Received report of incident during Hydrocarbon Leaks. Could not verify details.
OIL-2026-02946,Pipeline Sector 4,Slight trip hazard identified at Process Upsets location due to uneven grating. Marked with high-viz tape.
OIL-2026-02947,Terminal Operations,Completed daily Hydrocarbon Leaks checks. All parameters normal. I didn't have my glasses on but I saw it happen.
OIL-2026-02948,Offshore Platform Alpha,Minor oil weepage noticed on valve body during Overpressure. Cleaned and tightened.
OIL-2026-02949,Maintenance Yard,"Worker reported feeling unwell after Chemical Exposure. Might be related, might be food poisoning."
OIL-2026-02950,Refinery Unit B,Contractor dropped something during Hot Work. Didn't see what it was.
OIL-2026-02951,Terminal Operations,Found some fluid on the deck near Overpressure. Not sure if water or oil.
OIL-2026-02952,Offshore Platform Alpha,Arc flash occurred during Confined Space in teh main switchgear room. Technician suffered severe electrical burns to face and hands. (Note: Please fix teh AC in teh control room it is too hot).
OIL-2026-02953,Offshore Platform Alpha,Worker bypassed machine guard during Fire to clear a jam. Equipment was still energized. Intervened and applied LOTO. It was raining heavily at the time.
OIL-2026-02954,Pipeline Sector 4,Arc flash occurred during Energy Isolation / LOTO in teh main switchgear room. Technician suffered severe electrical burns to face and hands. (Note: Please fix teh AC in teh control room it is too hot).
OIL-2026-02955,Offshore Platform Alpha,"Worker reported feeling unwell after Energy Isolation / LOTO. Might be related, might be food poisoning."
OIL-2026-02956,Pipeline Sector 4,Major hydrocarbon gas release during Hydrocarbon Leaks. Cloud drifted towards hot work area. Emergency shutdown activated immediately.
OIL-2026-02957,Maintenance Yard,Minor oil weepage noticed on valve body during Process Upsets. Cleaned and tightened. The supervisor ws not present.
OIL-2026-02958,Pipeline Sector 4,Contractor reminded to use three points of contact on stairs near Fire unit.
OIL-2026-02959,Offshore Platform Alpha,Completed daily Overpressure checks. All parameters normal.
OIL-2026-02960,Refinery Unit B,"Crane slewed unexpectedly during Gas Releases, load swung over the pedestrian walkway. Exclusion zone was active, no personnel exposed."
OIL-2026-02961,Pipeline Sector 4,Worker bypassed machine guard during Dropped Objects to clear a jam. Equipment was still energized. Intervened and applied LOTO.
OIL-2026-02962,Refinery Unit B,Worker observed not wearing full PPE during Lifting Operations in teh safe zone. Reminded and complied.
OIL-2026-02963,Pipeline Sector 4,"Catastrophic failure of lifting gear during Simultaneous Operations. 5-ton load dropped 10 meters, striking the deck less than 2 meters from the rigging crew. Radio comms were a bit staticky."
OIL-2026-02964,Offshore Platform Alpha,The gauge looked weird during Gas Releases. We left it alone.
OIL-2026-02965,Terminal Operations,"Worker reported feeling unwell after Minor maintenance issues. Might be related, might be food poisoning."
OIL-2026-02966,Maintenance Yard,Found some fluid on the deck near Chemical Exposure. Not sure if water or oil.
OIL-2026-02967,Drilling Rig Delta,Contractor dropped something during Minor maintenance issues. Didn't see what it was.
OIL-2026-02968,Offshore Platform Alpha,Handrail paint was peeling near the Working at Height sector. Maintenance request submitted.
OIL-2026-02969,Offshore Platform Alpha,"During routine Dropped Objects inspection, noticed minor debris which was cleared immediately."
OIL-2026-02970,Pipeline Sector 4,"Vehicle struck a pedestrian crossing the yard during Hydrocarbon Leaks. Severe trauma sustained, medevac initiated."
OIL-2026-02971,Refinery Unit B,Arc flash occurred during Housekeeping in the main switchgear room. Technician suffered severe electrical burns to face and hands.
OIL-2026-02972,Maintenance Yard,Worker observed not wearing full PPE during Electrical Hazards in the safe zone. Reminded and complied.
OIL-2026-02973,Refinery Unit B,Small localized smoldering fire observed during Hot Work hot work. Extinguished immediately with local fire watch.
OIL-2026-02974,Refinery Unit B,Received report of incident during Hydrocarbon Leaks. Could not verify details.
OIL-2026-02975,Drilling Rig Delta,Contractor dropped something during Dropped Objects. Didn't see what it was.
OIL-2026-02976,Maintenance Yard,Contractor found entering restricted Housekeeping area without a valid permit. Escorted out and work stopped.
OIL-2026-02977,Refinery Unit B,Worker observed not wearing full PPE during Working at Height in the safe zone. Reminded and complied.
OIL-2026-02978,Pipeline Sector 4,"Catastrophic failure of lifting gear during Lifting Operations. 5-ton load dropped 10 meters, striking teh deck less than 2 meters from teh rigging crew."
OIL-2026-02979,Refinery Unit B,Worker fell 5 meters during PPE observations because harness lanyard snapped. Rushed to medical bay with suspected fractures. The shift ws almost over.
OIL-2026-02980,Offshore Platform Alpha,Contractor found entering restricted Working at Height area without a valid permit. Escorted out and work stopped. (Note: Please fix the AC in the control room it is too hot).
OIL-2026-02981,Maintenance Yard,Found some fluid on the deck near Routine inspections. Not sure if water or oil.
OIL-2026-02982,Drilling Rig Delta,Worker observed not wearing full PPE during Lifting Operations in the safe zone. Reminded and complied. I didn't have my glasses on but I saw it happen.
OIL-2026-02983,Drilling Rig Delta,"Vehicle struck a pedestrian crossing the yard during Housekeeping. Severe trauma sustained, medevac initiated."
OIL-2026-02984,Refinery Unit B,Small localized smoldering fire observed during Confined Space hot work. Extinguished immediately with local fire watch.
OIL-2026-02985,Maintenance Yard,"Worker reported feeling unwell after Hot Work. Might be related, might be food poisoning."
OIL-2026-02986,Offshore Platform Alpha,Worker bypassed machine guard during Excavation to clear a jam. Equipment was still energized. Intervened and applied LOTO.
OIL-2026-02987,Pipeline Sector 4,"While performing Energy Isolation / LOTO, a heavy wrench slipped and struck teh scaffolding tube near teh worker's head. Near miss."
OIL-2026-02988,Offshore Platform Alpha,Minor oil weepage noticed on valve body during Confined Space. Cleaned and tightened.
OIL-2026-02989,Refinery Unit B,Worker observed not wearing full PPE during Process Upsets in the safe zone. Reminded and complied.
OIL-2026-02990,Pipeline Sector 4,Contractor found entering restricted Simultaneous Operations area without a valid permit. Escorted out and work stopped.
OIL-2026-02991,Maintenance Yard,"During Housekeeping, LEL alarms triggered at 10%. Work stopped and area ventilated."
OIL-2026-02992,Maintenance Yard,"Vehicle struck a pedestrian crossing the yard during Simultaneous Operations. Severe trauma sustained, medevac initiated."
OIL-2026-02993,Maintenance Yard,Routine Hot Work completed without any safety incidents.
OIL-2026-02994,Refinery Unit B,Fire extinguisher tag missing in the Fire zone. Replaced by safety officer. (Note: Please fix the AC in the control room it is too hot).
OIL-2026-02995,Terminal Operations,Contractor reminded to use three points of contact on stairs near PPE observations unit.
OIL-2026-02996,Drilling Rig Delta,Found some fluid on the deck near Electrical Hazards. Not sure if water or oil.
OIL-2026-02997,Pipeline Sector 4,Contractor found entering restricted Dropped Objects area without a valid permit. Escorted out and work stopped.
OIL-2026-02998,Terminal Operations,Small localized smoldering fire observed during Hydrocarbon Leaks hot work. Extinguished immediately with local fire watch.
OIL-2026-02999,Refinery Unit B,"Catastrophic failure of lifting gear during Overpressure. 5-ton load dropped 10 meters, striking the deck less than 2 meters from the rigging crew."
OIL-2026-03000,Refinery Unit B,"Loud bang heard near Working at Height unit, but no damage found and no one saw anything."
OIL-2026-03001,Pipeline Sector 4,Found some fluid on the deck near Fire. Not sure if water or oil.
OIL-2026-03002,Pipeline Sector 4,Minor oil weepage noticed on valve body during PPE observations. Cleaned and tightened. The supervisor was not present.
OIL-2026-03003,Refinery Unit B,"Crane slewed unexpectedly during Housekeeping, load swung over the pedestrian walkway. Exclusion zone was active, no personnel exposed."
OIL-2026-03004,Maintenance Yard,Arc flash occurred during Process Upsets in the main switchgear room. Technician suffered severe electrical burns to face and hands. (Note: Please fix the AC in the control room it is too hot).
OIL-2026-03005,Offshore Platform Alpha,Found some fluid on teh deck near Working at Height. Not sure if water or oil.
OIL-2026-03006,Refinery Unit B,Found some fluid on the deck near Hot Work. Not sure if water or oil.
OIL-2026-03007,Drilling Rig Delta,Minor oil weepage noticed on valve body during Routine inspections. Cleaned and tightened.
OIL-2026-03008,Offshore Platform Alpha,Walkway obstructed by empty pallets near Excavation area. Removed by housekeeping.
OIL-2026-03009,Maintenance Yard,"During routine Excavation inspection, noticed minor debris which was cleared immediately."
OIL-2026-03010,Refinery Unit B,Contractor dropped something during Gas Releases. Didn't see what it was.
OIL-2026-03011,Maintenance Yard,Routine Chemical Exposure completed without any safety incidents.
OIL-2026-03012,Terminal Operations,The gauge looked weird during Gas Releases. We left it alone. The supervisor was not present.
OIL-2026-03013,Drilling Rig Delta,"Worker reported feeling unwell after Minor maintenance issues. Might be related, might be food poisoning."
OIL-2026-03014,Maintenance Yard,Contractor reminded to use three points of contact on stairs near Confined Space unit. Radio comms were a bit staticky.
OIL-2026-03015,Offshore Platform Alpha,Trench collapsed during Energy Isolation / LOTO excavation. Worker was partially buried up to the waist. Rescue team deployed.
OIL-2026-03016,Terminal Operations,Trench collapsed during Electrical Hazards excavation. Worker ws partially buried up to teh waist. Rescue team deployed. Radio comms were a bit staticky.
OIL-2026-03017,Pipeline Sector 4,Walkway obstructed by empty pallets near Hot Work area. Removed by housekeeping.
OIL-2026-03018,Refinery Unit B,Small localized smoldering fire observed during Chemical Exposure hot work. Extinguished immediately with local fire watch.
OIL-2026-03019,Terminal Operations,Small localized smoldering fire observed during Minor maintenance issues hot work. Extinguished immediately with local fire watch.
OIL-2026-03020,Offshore Platform Alpha,Trench collapsed during Process Upsets excavation. Worker was partially buried up to the waist. Rescue team deployed.
OIL-2026-03021,Offshore Platform Alpha,Routine Minor maintenance issues completed without any safety incidents.
OIL-2026-03022,Offshore Platform Alpha,"Loud bang heard near Routine inspections unit, but no damage found and no one saw anything."
OIL-2026-03023,Drilling Rig Delta,Major hydrocarbon gas release during Simultaneous Operations. Cloud drifted towards hot work area. Emergency shutdown activated immediately.
OIL-2026-03024,Drilling Rig Delta,Received report of incident during Hot Work. Could not verify details.
OIL-2026-03025,Pipeline Sector 4,Found some fluid on the deck near Routine inspections. Not sure if water or oil.
OIL-2026-03026,Refinery Unit B,"Loud bang heard near Gas Releases unit, but no damage found and no one saw anything."
OIL-2026-03027,Pipeline Sector 4,Someone said the pressure was high during Minor maintenance issues. Need to investigate further.
OIL-2026-03028,Terminal Operations,"During routine Energy Isolation / LOTO inspection, noticed minor debris which was cleared immediately."
OIL-2026-03029,Offshore Platform Alpha,Trench collapsed during Hydrocarbon Leaks excavation. Worker was partially buried up to the waist. Rescue team deployed.
OIL-2026-03030,Drilling Rig Delta,Fire extinguisher tag missing in the Process Upsets zone. Replaced by safety officer.
OIL-2026-03031,Terminal Operations,Arc flash occurred during Routine inspections in the main switchgear room. Technician suffered severe electrical burns to face and hands.
OIL-2026-03032,Terminal Operations,Worker fell 5 meters during Chemical Exposure because harness lanyard snapped. Rushed to medical bay with suspected fractures. Radio comms were a bit staticky.
OIL-2026-03033,Pipeline Sector 4,Handrail paint ws peeling near teh Electrical Hazards sector. Maintenance request submitted.
OIL-2026-03034,Maintenance Yard,Major hydrocarbon gas release during Hydrocarbon Leaks. Cloud drifted towards hot work area. Emergency shutdown activated immediately.
OIL-2026-03035,Pipeline Sector 4,Arc flash occurred during Working at Height in the main switchgear room. Technician suffered severe electrical burns to face and hands. We had a safety meeting about this just yesterday.
OIL-2026-03036,Terminal Operations,"Vehicle struck a pedestrian crossing the yard during Lifting Operations. Severe trauma sustained, medevac initiated. The shift was almost over."
OIL-2026-03037,Refinery Unit B,The gauge looked weird during Process Upsets. We left it alone.
OIL-2026-03038,Refinery Unit B,"Vehicle struck a pedestrian crossing the yard during Working at Height. Severe trauma sustained, medevac initiated."
OIL-2026-03039,Pipeline Sector 4,Someone said the pressure was high during Lifting Operations. Need to investigate further. I didn't have my glasses on but I saw it happen.
OIL-2026-03040,Maintenance Yard,Contractor found entering restricted Simultaneous Operations area without a valid permit. Escorted out and work stopped.
OIL-2026-03041,Offshore Platform Alpha,Received report of incident during Working at Height. Could not verify details. Radio comms were a bit staticky.
OIL-2026-03042,Maintenance Yard,Contractor dropped something during Housekeeping. Didn't see what it was.
OIL-2026-03043,Offshore Platform Alpha,"While performing Energy Isolation / LOTO, a heavy wrench slipped and struck the scaffolding tube near the worker's head. Near miss."
OIL-2026-03044,Pipeline Sector 4,Found some fluid on the deck near Minor maintenance issues. Not sure if water or oil.
OIL-2026-03045,Maintenance Yard,Worker fell 5 meters during Lifting Operations because harness lanyard snapped. Rushed to medical bay with suspected fractures.
OIL-2026-03046,Terminal Operations,Arc flash occurred during Fire in the main switchgear room. Technician suffered severe electrical burns to face and hands.
OIL-2026-03047,Pipeline Sector 4,Routine Overpressure completed without any safety incidents.
OIL-2026-03048,Drilling Rig Delta,"Loud bang heard near Hot Work unit, but no damage found and no one saw anything. (Note: Please fix the AC in the control room it is too hot)."
OIL-2026-03049,Maintenance Yard,Major hydrocarbon gas release during Simultaneous Operations. Cloud drifted towards hot work area. Emergency shutdown activated immediately.
OIL-2026-03050,Drilling Rig Delta,"While performing PPE observations, a heavy wrench slipped and struck the scaffolding tube near the worker's head. Near miss."
OIL-2026-03051,Maintenance Yard,Found some fluid on the deck near Chemical Exposure. Not sure if water or oil. Lunch had just finished.
OIL-2026-03052,Terminal Operations,Scaffold tag was red but workers were seen preparing for Excavation on it. Intervened before access.
OIL-2026-03053,Drilling Rig Delta,Someone said the pressure was high during Overpressure. Need to investigate further.
OIL-2026-03054,Refinery Unit B,Walkway obstructed by empty pallets near Lifting Operations area. Removed by housekeeping.
OIL-2026-03055,Maintenance Yard,"Vehicle struck a pedestrian crossing the yard during Lifting Operations. Severe trauma sustained, medevac initiated."
OIL-2026-03056,Pipeline Sector 4,"Hydraulic hose burst during Simultaneous Operations, spraying fluid across the deck. Operator was wearing face shield, no injury."
OIL-2026-03057,Drilling Rig Delta,"Vehicle struck a pedestrian crossing the yard during Excavation. Severe trauma sustained, medevac initiated."
OIL-2026-03058,Drilling Rig Delta,Received report of incident during Dropped Objects. Could not verify details. (Note: Please fix the AC in the control room it is too hot).
OIL-2026-03059,Maintenance Yard,"Worker reported feeling unwell after Confined Space. Might be related, might be food poisoning."
OIL-2026-03060,Offshore Platform Alpha,Found some fluid on the deck near Confined Space. Not sure if water or oil.
OIL-2026-03061,Refinery Unit B,"During routine Vehicle Movement inspection, noticed minor debris which was cleared immediately."
OIL-2026-03062,Refinery Unit B,Contractor reminded to use three points of contact on stairs near PPE observations unit.
OIL-2026-03063,Drilling Rig Delta,Routine Excavation completed without any safety incidents. The contractor was late to the shift.
OIL-2026-03064,Offshore Platform Alpha,Arc flash occurred during Electrical Hazards in the main switchgear room. Technician suffered severe electrical burns to face and hands.
OIL-2026-03065,Drilling Rig Delta,Worker fell 5 meters during Fire because harness lanyard snapped. Rushed to medical bay with suspected fractures.
OIL-2026-03066,Refinery Unit B,Major hydrocarbon gas release during Chemical Exposure. Cloud drifted towards hot work area. Emergency shutdown activated immediately.
OIL-2026-03067,Maintenance Yard,"Vehicle struck a pedestrian crossing the yard during Fire. Severe trauma sustained, medevac initiated. The supervisor was not present."
OIL-2026-03068,Maintenance Yard,"Loud bang heard near Gas Releases unit, but no damage found and no one saw anything."
OIL-2026-03069,Drilling Rig Delta,Contractor reminded to use three points of contact on stairs near Housekeeping unit.
OIL-2026-03070,Maintenance Yard,Completed daily Routine inspections checks. All parameters normal.
OIL-2026-03071,Pipeline Sector 4,"While performing Lifting Operations, a heavy wrench slipped and struck the scaffolding tube near the worker's head. Near miss."
OIL-2026-03072,Terminal Operations,Worker bypassed machine guard during Lifting Operations to clear a jam. Equipment was still energized. Intervened and applied LOTO. I didn't have my glasses on but I saw it happen.
OIL-2026-03073,Maintenance Yard,Worker observed not wearing full PPE during Energy Isolation / LOTO in the safe zone. Reminded and complied.
OIL-2026-03074,Maintenance Yard,Contractor found entering restricted Process Upsets area without a valid permit. Escorted out and work stopped. Lunch had just finished.
OIL-2026-03075,Offshore Platform Alpha,Worker bypassed machine guard during Minor maintenance issues to clear a jam. Equipment was still energized. Intervened and applied LOTO. The supervisor was not present.
OIL-2026-03076,Pipeline Sector 4,The gauge looked weird during Hot Work. We left it alone.
OIL-2026-03077,Maintenance Yard,Trench collapsed during Dropped Objects excavation. Worker was partially buried up to the waist. Rescue team deployed.
OIL-2026-03078,Offshore Platform Alpha,Trench collapsed during Minor maintenance issues excavation. Worker was partially buried up to the waist. Rescue team deployed.
OIL-2026-03079,Offshore Platform Alpha,Received report of incident during Hot Work. Could not verify details. Lunch had just finished.
OIL-2026-03080,Offshore Platform Alpha,"Worker reported feeling unwell after Housekeeping. Might be related, might be food poisoning."
OIL-2026-03081,Drilling Rig Delta,"Vehicle struck a pedestrian crossing the yard during Housekeeping. Severe trauma sustained, medevac initiated."
OIL-2026-03082,Refinery Unit B,Worker observed not wearing full PPE during Process Upsets in the safe zone. Reminded and complied. The contractor was late to the shift.
OIL-2026-03083,Terminal Operations,Routine Confined Space completed without any safety incidents. The supervisor was not present.
OIL-2026-03084,Offshore Platform Alpha,"Vehicle struck a pedestrian crossing the yard during Excavation. Severe trauma sustained, medevac initiated."
OIL-2026-03085,Maintenance Yard,Arc flash occurred during Chemical Exposure in the main switchgear room. Technician suffered severe electrical burns to face and hands.
OIL-2026-03086,Maintenance Yard,Scaffold tag was red but workers were seen preparing for Vehicle Movement on it. Intervened before access.
OIL-2026-03087,Pipeline Sector 4,"During routine Hot Work inspection, noticed minor debris which was cleared immediately. It was raining heavily at the time."
OIL-2026-03088,Terminal Operations,Major hydrocarbon gas release during Working at Height. Cloud drifted towards hot work area. Emergency shutdown activated immediately.
OIL-2026-03089,Offshore Platform Alpha,Arc flash occurred during Minor maintenance issues in teh main switchgear room. Technician suffered severe electrical burns to face and hands.
OIL-2026-03090,Pipeline Sector 4,Arc flash occurred during Energy Isolation / LOTO in the main switchgear room. Technician suffered severe electrical burns to face and hands.
OIL-2026-03091,Terminal Operations,Worker observed not wearing full PPE during Confined Space in the safe zone. Reminded and complied. The shift was almost over.
OIL-2026-03092,Refinery Unit B,"Vehicle struck a pedestrian crossing the yard during Confined Space. Severe trauma sustained, medevac initiated."
OIL-2026-03093,Maintenance Yard,Arc flash occurred during Working at Height in the main switchgear room. Technician suffered severe electrical burns to face and hands.
OIL-2026-03094,Maintenance Yard,Major hydrocarbon gas release during Minor maintenance issues. Cloud drifted towards hot work area. Emergency shutdown activated immediately.
OIL-2026-03095,Terminal Operations,"Crane slewed unexpectedly during Fire, load swung over the pedestrian walkway. Exclusion zone was active, no personnel exposed."
OIL-2026-03096,Maintenance Yard,Small localized smoldering fire observed during Process Upsets hot work. Extinguished immediately with local fire watch. I didn't have my glasses on but I saw it happen.
OIL-2026-03097,Maintenance Yard,Found some fluid on the deck near Overpressure. Not sure if water or oil.
OIL-2026-03098,Maintenance Yard,The gauge looked weird during Housekeeping. We left it alone.
OIL-2026-03099,Terminal Operations,Someone said the pressure was high during Working at Height. Need to investigate further.
OIL-2026-03100,Drilling Rig Delta,Completed daily Confined Space checks. All parameters normal.
OIL-2026-03101,Drilling Rig Delta,"While performing Lifting Operations, a heavy wrench slipped and struck the scaffolding tube near the worker's head. Near miss."
OIL-2026-03102,Maintenance Yard,Arc flash occurred during Fire in the main switchgear room. Technician suffered severe electrical burns to face and hands.
OIL-2026-03103,Offshore Platform Alpha,Small localized smoldering fire observed during Dropped Objects hot work. Extinguished immediately with local fire watch. The contractor was late to the shift.
OIL-2026-03104,Pipeline Sector 4,Major hydrocarbon gas release during Minor maintenance issues. Cloud drifted towards hot work area. Emergency shutdown activated immediately.
OIL-2026-03105,Pipeline Sector 4,Handrail paint was peeling near the Housekeeping sector. Maintenance request submitted.
OIL-2026-03106,Refinery Unit B,Minor oil weepage noticed on valve body during Confined Space. Cleaned and tightened.
OIL-2026-03107,Maintenance Yard,Trench collapsed during Hot Work excavation. Worker was partially buried up to the waist. Rescue team deployed.
OIL-2026-03108,Refinery Unit B,Found some fluid on the deck near Confined Space. Not sure if water or oil.
OIL-2026-03109,Maintenance Yard,Minor oil weepage noticed on valve body during Dropped Objects. Cleaned and tightened. I didn't have my glasses on but I saw it happen.
OIL-2026-03110,Terminal Operations,Contractor dropped something during Energy Isolation / LOTO. Didn't see what it was.
OIL-2026-03111,Maintenance Yard,Contractor found entering restricted Fire area without a valid permit. Escorted out and work stopped.
OIL-2026-03112,Terminal Operations,Handrail paint was peeling near the Hydrocarbon Leaks sector. Maintenance request submitted.
OIL-2026-03113,Terminal Operations,Minor oil weepage noticed on valve body during Housekeeping. Cleaned and tightened. Lunch had just finished.
OIL-2026-03114,Pipeline Sector 4,Completed daily Working at Height checks. All parameters normal. It ws raining heavily at teh time.
OIL-2026-03115,Refinery Unit B,"Worker reported feeling unwell after Gas Releases. Might be related, might be food poisoning."
OIL-2026-03116,Refinery Unit B,Someone said the pressure was high during Lifting Operations. Need to investigate further.
OIL-2026-03117,Terminal Operations,Scaffold tag was red but workers were seen preparing for PPE observations on it. Intervened before access.
OIL-2026-03118,Maintenance Yard,"Worker reported feeling unwell after Confined Space. Might be related, might be food poisoning."
OIL-2026-03119,Pipeline Sector 4,The gauge looked weird during Chemical Exposure. We left it alone.
OIL-2026-03120,Offshore Platform Alpha,Contractor dropped something during PPE observations. Didn't see what it was.
OIL-2026-03121,Offshore Platform Alpha,Found some fluid on the deck near Fire. Not sure if water or oil.
OIL-2026-03122,Pipeline Sector 4,Someone said the pressure was high during Minor maintenance issues. Need to investigate further.
OIL-2026-03123,Drilling Rig Delta,"Vehicle struck a pedestrian crossing the yard during Hot Work. Severe trauma sustained, medevac initiated. Lunch had just finished."
OIL-2026-03124,Pipeline Sector 4,Worker fell 5 meters during Fire because harness lanyard snapped. Rushed to medical bay with suspected fractures.
OIL-2026-03125,Pipeline Sector 4,"Loud bang heard near Minor maintenance issues unit, but no damage found and no one saw anything. It was raining heavily at the time."
OIL-2026-03126,Drilling Rig Delta,"While performing Working at Height, a heavy wrench slipped and struck the scaffolding tube near the worker's head. Near miss."
OIL-2026-03127,Drilling Rig Delta,Trench collapsed during Confined Space excavation. Worker was partially buried up to the waist. Rescue team deployed.
OIL-2026-03128,Maintenance Yard,Walkway obstructed by empty pallets near Hydrocarbon Leaks area. Removed by housekeeping.
OIL-2026-03129,Refinery Unit B,"Crane slewed unexpectedly during Overpressure, load swung over the pedestrian walkway. Exclusion zone was active, no personnel exposed."
OIL-2026-03130,Drilling Rig Delta,Worker bypassed machine guard during Chemical Exposure to clear a jam. Equipment was still energized. Intervened and applied LOTO.
OIL-2026-03131,Pipeline Sector 4,Contractor dropped something during Routine inspections. Didn't see what it was.
OIL-2026-03132,Drilling Rig Delta,Contractor dropped something during Hydrocarbon Leaks. Didn't see what it was.
OIL-2026-03133,Maintenance Yard,Major hydrocarbon gas release during Energy Isolation / LOTO. Cloud drifted towards hot work area. Emergency shutdown activated immediately.
OIL-2026-03134,Terminal Operations,"Crane slewed unexpectedly during Process Upsets, load swung over teh pedestrian walkway. Exclusion zone ws active, no personnel exposed."
OIL-2026-03135,Refinery Unit B,"Worker reported feeling unwell after Fire. Might be related, might be food poisoning."
OIL-2026-03136,Terminal Operations,Fire extinguisher tag missing in the Lifting Operations zone. Replaced by safety officer.
OIL-2026-03137,Maintenance Yard,"Catastrophic failure of lifting gear during Overpressure. 5-ton load dropped 10 meters, striking the deck less than 2 meters from the rigging crew."
OIL-2026-03138,Maintenance Yard,Contractor found entering restricted Chemical Exposure area without a valid permit. Escorted out and work stopped.
OIL-2026-03139,Drilling Rig Delta,Handrail paint was peeling near the Dropped Objects sector. Maintenance request submitted.
OIL-2026-03140,Terminal Operations,Arc flash occurred during Hydrocarbon Leaks in the main switchgear room. Technician suffered severe electrical burns to face and hands.
OIL-2026-03141,Pipeline Sector 4,Slight trip hazard identified at Electrical Hazards location due to uneven grating. Marked with high-viz tape.
OIL-2026-03142,Pipeline Sector 4,Handrail paint was peeling near the Routine inspections sector. Maintenance request submitted.
OIL-2026-03143,Offshore Platform Alpha,"Loud bang heard near Minor maintenance issues unit, but no damage found and no one saw anything."
OIL-2026-03144,Terminal Operations,Scaffold tag was red but workers were seen preparing for Gas Releases on it. Intervened before access. I didn't have my glasses on but I saw it happen.
OIL-2026-03145,Offshore Platform Alpha,"Hydraulic hose burst during Routine inspections, spraying fluid across teh deck. Operator ws wearing face shield, no injury."
OIL-2026-03146,Drilling Rig Delta,Trench collapsed during Electrical Hazards excavation. Worker ws partially buried up to teh waist. Rescue team deployed.
OIL-2026-03147,Drilling Rig Delta,Contractor dropped something during Gas Releases. Didn't see what it was.
OIL-2026-03148,Maintenance Yard,Minor oil weepage noticed on valve body during Dropped Objects. Cleaned and tightened.
OIL-2026-03149,Drilling Rig Delta,Handrail paint was peeling near the Excavation sector. Maintenance request submitted.
OIL-2026-03150,Refinery Unit B,"Catastrophic failure of lifting gear during Dropped Objects. 5-ton load dropped 10 meters, striking the deck less than 2 meters from the rigging crew."
OIL-2026-03151,Offshore Platform Alpha,Completed daily Gas Releases checks. All parameters normal.
OIL-2026-03152,Offshore Platform Alpha,Contractor dropped something during Overpressure. Didn't see what it was.
OIL-2026-03153,Terminal Operations,Walkway obstructed by empty pallets near Gas Releases area. Removed by housekeeping.
OIL-2026-03154,Terminal Operations,Major hydrocarbon gas release during Minor maintenance issues. Cloud drifted towards hot work area. Emergency shutdown activated immediately.
OIL-2026-03155,Pipeline Sector 4,Received report of incident during Hydrocarbon Leaks. Could not verify details.
OIL-2026-03156,Terminal Operations,Worker bypassed machine guard during Lifting Operations to clear a jam. Equipment ws still energized. Intervened and applied LOTO.
OIL-2026-03157,Drilling Rig Delta,Scaffold tag was red but workers were seen preparing for Minor maintenance issues on it. Intervened before access.
OIL-2026-03158,Drilling Rig Delta,"Catastrophic failure of lifting gear during Confined Space. 5-ton load dropped 10 meters, striking the deck less than 2 meters from the rigging crew. The shift was almost over."
OIL-2026-03159,Offshore Platform Alpha,"While performing Hydrocarbon Leaks, a heavy wrench slipped and struck the scaffolding tube near the worker's head. Near miss."
OIL-2026-03160,Pipeline Sector 4,"Loud bang heard near Fire unit, but no damage found and no one saw anything."
OIL-2026-03161,Offshore Platform Alpha,The gauge looked weird during Routine inspections. We left it alone.
OIL-2026-03162,Terminal Operations,"Hydraulic hose burst during Routine inspections, spraying fluid across the deck. Operator was wearing face shield, no injury."
OIL-2026-03163,Refinery Unit B,Worker fell 5 meters during Routine inspections because harness lanyard snapped. Rushed to medical bay with suspected fractures.
OIL-2026-03164,Offshore Platform Alpha,Major hydrocarbon gas release during Minor maintenance issues. Cloud drifted towards hot work area. Emergency shutdown activated immediately. We had a safety meeting about this just yesterday.
OIL-2026-03165,Offshore Platform Alpha,Found some fluid on teh deck near Simultaneous Operations. Not sure if water or oil.
OIL-2026-03166,Pipeline Sector 4,Contractor reminded to use three points of contact on stairs near Overpressure unit. (Note: Please fix the AC in the control room it is too hot).
OIL-2026-03167,Drilling Rig Delta,Walkway obstructed by empty pallets near Energy Isolation / LOTO area. Removed by housekeeping.
OIL-2026-03168,Maintenance Yard,"Crane slewed unexpectedly during Vehicle Movement, load swung over the pedestrian walkway. Exclusion zone was active, no personnel exposed."
OIL-2026-03169,Pipeline Sector 4,"Crane slewed unexpectedly during Fire, load swung over the pedestrian walkway. Exclusion zone was active, no personnel exposed. The shift was almost over."
OIL-2026-03170,Drilling Rig Delta,Major hydrocarbon gas release during Dropped Objects. Cloud drifted towards hot work area. Emergency shutdown activated immediately.
OIL-2026-03171,Terminal Operations,Worker observed not wearing full PPE during Working at Height in the safe zone. Reminded and complied.
OIL-2026-03172,Terminal Operations,Minor oil weepage noticed on valve body during Process Upsets. Cleaned and tightened.
OIL-2026-03173,Refinery Unit B,The gauge looked weird during Energy Isolation / LOTO. We left it alone. Lunch had just finished.
OIL-2026-03174,Drilling Rig Delta,Worker observed not wearing full PPE during Hot Work in the safe zone. Reminded and complied. It was raining heavily at the time.
OIL-2026-03175,Maintenance Yard,"Vehicle struck a pedestrian crossing teh yard during Overpressure. Severe trauma sustained, medevac initiated. The supervisor ws not present."
OIL-2026-03176,Offshore Platform Alpha,Contractor found entering restricted Overpressure area without a valid permit. Escorted out and work stopped.
OIL-2026-03177,Offshore Platform Alpha,"Worker reported feeling unwell after Process Upsets. Might be related, might be food poisoning."
OIL-2026-03178,Maintenance Yard,Slight trip hazard identified at Gas Releases location due to uneven grating. Marked with high-viz tape.
OIL-2026-03179,Refinery Unit B,Worker bypassed machine guard during PPE observations to clear a jam. Equipment was still energized. Intervened and applied LOTO.
OIL-2026-03180,Refinery Unit B,The gauge looked weird during Minor maintenance issues. We left it alone.
OIL-2026-03181,Refinery Unit B,Walkway obstructed by empty pallets near Excavation area. Removed by housekeeping.
OIL-2026-03182,Offshore Platform Alpha,Arc flash occurred during Lifting Operations in the main switchgear room. Technician suffered severe electrical burns to face and hands.
OIL-2026-03183,Pipeline Sector 4,"During routine Electrical Hazards inspection, noticed minor debris which was cleared immediately."
OIL-2026-03184,Refinery Unit B,Contractor dropped something during Fire. Didn't see what it was. (Note: Please fix teh AC in teh control room it is too hot).
OIL-2026-03185,Drilling Rig Delta,Worker observed not wearing full PPE during Dropped Objects in the safe zone. Reminded and complied.
OIL-2026-03186,Pipeline Sector 4,Found some fluid on the deck near Fire. Not sure if water or oil.
OIL-2026-03187,Maintenance Yard,"Hydraulic hose burst during Fire, spraying fluid across the deck. Operator was wearing face shield, no injury."
OIL-2026-03188,Drilling Rig Delta,Handrail paint was peeling near the PPE observations sector. Maintenance request submitted.
OIL-2026-03189,Drilling Rig Delta,Worker bypassed machine guard during Gas Releases to clear a jam. Equipment was still energized. Intervened and applied LOTO.
OIL-2026-03190,Terminal Operations,"While performing Process Upsets, a heavy wrench slipped and struck the scaffolding tube near the worker's head. Near miss."
OIL-2026-03191,Refinery Unit B,Trench collapsed during Simultaneous Operations excavation. Worker was partially buried up to the waist. Rescue team deployed.
OIL-2026-03192,Maintenance Yard,Found some fluid on the deck near Process Upsets. Not sure if water or oil.
OIL-2026-03193,Terminal Operations,Contractor reminded to use three points of contact on stairs near Dropped Objects unit.
OIL-2026-03194,Offshore Platform Alpha,Trench collapsed during Hot Work excavation. Worker was partially buried up to the waist. Rescue team deployed. I didn't have my glasses on but I saw it happen.
OIL-2026-03195,Refinery Unit B,Found some fluid on the deck near Vehicle Movement. Not sure if water or oil.
OIL-2026-03196,Pipeline Sector 4,Received report of incident during Lifting Operations. Could not verify details.
OIL-2026-03197,Offshore Platform Alpha,"Vehicle struck a pedestrian crossing the yard during Vehicle Movement. Severe trauma sustained, medevac initiated. (Note: Please fix the AC in the control room it is too hot)."
OIL-2026-03198,Offshore Platform Alpha,Completed daily Fire checks. All parameters normal.
OIL-2026-03199,Terminal Operations,"During Working at Height, LEL alarms triggered at 10%. Work stopped and area ventilated. The supervisor was not present."
OIL-2026-03200,Pipeline Sector 4,Worker fell 5 meters during Lifting Operations because harness lanyard snapped. Rushed to medical bay with suspected fractures.
OIL-2026-03201,Offshore Platform Alpha,Worker observed not wearing full PPE during Lifting Operations in the safe zone. Reminded and complied.
OIL-2026-03202,Pipeline Sector 4,Trench collapsed during Lifting Operations excavation. Worker was partially buried up to the waist. Rescue team deployed. We had a safety meeting about this just yesterday.
OIL-2026-03203,Terminal Operations,"During routine Vehicle Movement inspection, noticed minor debris which was cleared immediately."
OIL-2026-03204,Pipeline Sector 4,"Crane slewed unexpectedly during Routine inspections, load swung over the pedestrian walkway. Exclusion zone was active, no personnel exposed."
OIL-2026-03205,Offshore Platform Alpha,Worker observed not wearing full PPE during Minor maintenance issues in the safe zone. Reminded and complied.
OIL-2026-03206,Drilling Rig Delta,"Hydraulic hose burst during Dropped Objects, spraying fluid across the deck. Operator was wearing face shield, no injury."
OIL-2026-03207,Offshore Platform Alpha,Arc flash occurred during Confined Space in the main switchgear room. Technician suffered severe electrical burns to face and hands.
OIL-2026-03208,Offshore Platform Alpha,Trench collapsed during Dropped Objects excavation. Worker was partially buried up to the waist. Rescue team deployed.
OIL-2026-03209,Maintenance Yard,Major hydrocarbon gas release during Working at Height. Cloud drifted towards hot work area. Emergency shutdown activated immediately.
OIL-2026-03210,Maintenance Yard,Trench collapsed during Confined Space excavation. Worker was partially buried up to the waist. Rescue team deployed.
OIL-2026-03211,Offshore Platform Alpha,Received report of incident during Vehicle Movement. Could not verify details.
OIL-2026-03212,Pipeline Sector 4,Handrail paint was peeling near the PPE observations sector. Maintenance request submitted.
OIL-2026-03213,Refinery Unit B,Fire extinguisher tag missing in the Energy Isolation / LOTO zone. Replaced by safety officer.
OIL-2026-03214,Terminal Operations,Contractor dropped something during Housekeeping. Didn't see what it was.
OIL-2026-03215,Pipeline Sector 4,Contractor found entering restricted Chemical Exposure area without a valid permit. Escorted out and work stopped.
OIL-2026-03216,Refinery Unit B,Routine Vehicle Movement completed without any safety incidents.
OIL-2026-03217,Refinery Unit B,"While performing Fire, a heavy wrench slipped and struck the scaffolding tube near the worker's head. Near miss."
OIL-2026-03218,Offshore Platform Alpha,Minor oil weepage noticed on valve body during Lifting Operations. Cleaned and tightened.
OIL-2026-03219,Refinery Unit B,Someone said the pressure was high during Lifting Operations. Need to investigate further.
OIL-2026-03220,Drilling Rig Delta,"Vehicle struck a pedestrian crossing the yard during Gas Releases. Severe trauma sustained, medevac initiated."
OIL-2026-03221,Offshore Platform Alpha,Contractor dropped something during Housekeeping. Didn't see what it was.
OIL-2026-03222,Refinery Unit B,"Hydraulic hose burst during Simultaneous Operations, spraying fluid across the deck. Operator was wearing face shield, no injury."
OIL-2026-03223,Pipeline Sector 4,"Hydraulic hose burst during Hydrocarbon Leaks, spraying fluid across the deck. Operator was wearing face shield, no injury."
OIL-2026-03224,Refinery Unit B,Contractor reminded to use three points of contact on stairs near Vehicle Movement unit.
OIL-2026-03225,Terminal Operations,Worker bypassed machine guard during Hydrocarbon Leaks to clear a jam. Equipment was still energized. Intervened and applied LOTO.
OIL-2026-03226,Refinery Unit B,"Crane slewed unexpectedly during Fire, load swung over the pedestrian walkway. Exclusion zone was active, no personnel exposed."
OIL-2026-03227,Terminal Operations,"Vehicle struck a pedestrian crossing teh yard during Energy Isolation / LOTO. Severe trauma sustained, medevac initiated."
OIL-2026-03228,Drilling Rig Delta,Arc flash occurred during Housekeeping in the main switchgear room. Technician suffered severe electrical burns to face and hands.
OIL-2026-03229,Terminal Operations,Fire extinguisher tag missing in the Electrical Hazards zone. Replaced by safety officer.
OIL-2026-03230,Terminal Operations,Fire extinguisher tag missing in the Electrical Hazards zone. Replaced by safety officer.
OIL-2026-03231,Terminal Operations,"Crane slewed unexpectedly during Gas Releases, load swung over the pedestrian walkway. Exclusion zone was active, no personnel exposed."
OIL-2026-03232,Maintenance Yard,Small localized smoldering fire observed during Chemical Exposure hot work. Extinguished immediately with local fire watch.
OIL-2026-03233,Offshore Platform Alpha,Fire extinguisher tag missing in the Confined Space zone. Replaced by safety officer.
OIL-2026-03234,Maintenance Yard,Someone said the pressure was high during Hydrocarbon Leaks. Need to investigate further. It was raining heavily at the time.
OIL-2026-03235,Pipeline Sector 4,Trench collapsed during Hydrocarbon Leaks excavation. Worker was partially buried up to the waist. Rescue team deployed. We had a safety meeting about this just yesterday.
OIL-2026-03236,Pipeline Sector 4,Scaffold tag was red but workers were seen preparing for Gas Releases on it. Intervened before access.
OIL-2026-03237,Refinery Unit B,Received report of incident during Excavation. Could not verify details.
OIL-2026-03238,Terminal Operations,Received report of incident during Minor maintenance issues. Could not verify details.
OIL-2026-03239,Refinery Unit B,The gauge looked weird during Chemical Exposure. We left it alone.
OIL-2026-03240,Refinery Unit B,Major hydrocarbon gas release during Hot Work. Cloud drifted towards hot work area. Emergency shutdown activated immediately.
OIL-2026-03241,Pipeline Sector 4,Worker bypassed machine guard during Energy Isolation / LOTO to clear a jam. Equipment was still energized. Intervened and applied LOTO.
OIL-2026-03242,Offshore Platform Alpha,Received report of incident during Working at Height. Could not verify details.
OIL-2026-03243,Offshore Platform Alpha,Handrail paint was peeling near the Housekeeping sector. Maintenance request submitted.
OIL-2026-03244,Refinery Unit B,"Worker reported feeling unwell after PPE observations. Might be related, might be food poisoning. (Note: Please fix the AC in the control room it is too hot)."
OIL-2026-03245,Maintenance Yard,The gauge looked weird during Chemical Exposure. We left it alone.
OIL-2026-03246,Drilling Rig Delta,Major hydrocarbon gas release during Chemical Exposure. Cloud drifted towards hot work area. Emergency shutdown activated immediately.
OIL-2026-03247,Drilling Rig Delta,Slight trip hazard identified at Hot Work location due to uneven grating. Marked with high-viz tape. Lunch had just finished.
OIL-2026-03248,Refinery Unit B,"Worker reported feeling unwell after Housekeeping. Might be related, might be food poisoning."
OIL-2026-03249,Pipeline Sector 4,"Worker reported feeling unwell after Electrical Hazards. Might be related, might be food poisoning."
OIL-2026-03250,Offshore Platform Alpha,"Crane slewed unexpectedly during Overpressure, load swung over the pedestrian walkway. Exclusion zone was active, no personnel exposed. It was raining heavily at the time."
OIL-2026-03251,Maintenance Yard,Scaffold tag was red but workers were seen preparing for Energy Isolation / LOTO on it. Intervened before access.
OIL-2026-03252,Offshore Platform Alpha,Someone said the pressure was high during Fire. Need to investigate further.
OIL-2026-03253,Refinery Unit B,"Worker reported feeling unwell after Lifting Operations. Might be related, might be food poisoning."
OIL-2026-03254,Refinery Unit B,Someone said the pressure was high during Dropped Objects. Need to investigate further.
OIL-2026-03255,Drilling Rig Delta,Found some fluid on the deck near Working at Height. Not sure if water or oil.
OIL-2026-03256,Offshore Platform Alpha,Arc flash occurred during Vehicle Movement in the main switchgear room. Technician suffered severe electrical burns to face and hands.
OIL-2026-03257,Terminal Operations,"During routine Dropped Objects inspection, noticed minor debris which was cleared immediately. The supervisor was not present."
OIL-2026-03258,Drilling Rig Delta,Contractor reminded to use three points of contact on stairs near Lifting Operations unit.
OIL-2026-03259,Refinery Unit B,Found some fluid on the deck near Dropped Objects. Not sure if water or oil.
OIL-2026-03260,Drilling Rig Delta,Completed daily Fire checks. All parameters normal.
OIL-2026-03261,Maintenance Yard,"During Excavation, LEL alarms triggered at 10%. Work stopped and area ventilated. I didn't have my glasses on but I saw it happen."
OIL-2026-03262,Terminal Operations,Found some fluid on teh deck near Housekeeping. Not sure if water or oil.
OIL-2026-03263,Pipeline Sector 4,Major hydrocarbon gas release during Excavation. Cloud drifted towards hot work area. Emergency shutdown activated immediately.
OIL-2026-03264,Offshore Platform Alpha,Received report of incident during Fire. Could not verify details.
OIL-2026-03265,Pipeline Sector 4,"While performing Electrical Hazards, a heavy wrench slipped and struck the scaffolding tube near the worker's head. Near miss."
OIL-2026-03266,Refinery Unit B,Trench collapsed during Hot Work excavation. Worker was partially buried up to the waist. Rescue team deployed.
OIL-2026-03267,Offshore Platform Alpha,"During routine Hot Work inspection, noticed minor debris which was cleared immediately."
OIL-2026-03268,Maintenance Yard,Walkway obstructed by empty pallets near PPE observations area. Removed by housekeeping.
OIL-2026-03269,Drilling Rig Delta,"Hydraulic hose burst during Dropped Objects, spraying fluid across the deck. Operator was wearing face shield, no injury."
OIL-2026-03270,Pipeline Sector 4,Contractor reminded to use three points of contact on stairs near Chemical Exposure unit.
OIL-2026-03271,Refinery Unit B,Contractor dropped something during Electrical Hazards. Didn't see what it was.
OIL-2026-03272,Maintenance Yard,Worker fell 5 meters during Lifting Operations because harness lanyard snapped. Rushed to medical bay with suspected fractures.
OIL-2026-03273,Refinery Unit B,Contractor dropped something during Hot Work. Didn't see what it was.
OIL-2026-03274,Drilling Rig Delta,Minor oil weepage noticed on valve body during Minor maintenance issues. Cleaned and tightened.
OIL-2026-03275,Offshore Platform Alpha,"During Dropped Objects, LEL alarms triggered at 10%. Work stopped and area ventilated."
OIL-2026-03276,Pipeline Sector 4,Handrail paint was peeling near the Routine inspections sector. Maintenance request submitted.
OIL-2026-03277,Drilling Rig Delta,Contractor dropped something during Simultaneous Operations. Didn't see what it was.
OIL-2026-03278,Terminal Operations,Someone said the pressure was high during Energy Isolation / LOTO. Need to investigate further.
OIL-2026-03279,Maintenance Yard,Received report of incident during Excavation. Could not verify details.
OIL-2026-03280,Drilling Rig Delta,"Vehicle struck a pedestrian crossing the yard during Hot Work. Severe trauma sustained, medevac initiated."
OIL-2026-03281,Terminal Operations,"Loud bang heard near Process Upsets unit, but no damage found and no one saw anything."
OIL-2026-03282,Terminal Operations,Worker bypassed machine guard during Excavation to clear a jam. Equipment was still energized. Intervened and applied LOTO.
OIL-2026-03283,Offshore Platform Alpha,"While performing Simultaneous Operations, a heavy wrench slipped and struck the scaffolding tube near the worker's head. Near miss."
OIL-2026-03284,Maintenance Yard,Major hydrocarbon gas release during Confined Space. Cloud drifted towards hot work area. Emergency shutdown activated immediately. Radio comms were a bit staticky.
OIL-2026-03285,Drilling Rig Delta,Major hydrocarbon gas release during Gas Releases. Cloud drifted towards hot work area. Emergency shutdown activated immediately.
OIL-2026-03286,Pipeline Sector 4,Found some fluid on the deck near Process Upsets. Not sure if water or oil.
OIL-2026-03287,Offshore Platform Alpha,"During Fire, LEL alarms triggered at 10%. Work stopped and area ventilated. It was raining heavily at the time."
OIL-2026-03288,Drilling Rig Delta,Minor oil weepage noticed on valve body during Overpressure. Cleaned and tightened.
OIL-2026-03289,Maintenance Yard,Worker observed not wearing full PPE during Lifting Operations in the safe zone. Reminded and complied. The contractor was late to the shift.
OIL-2026-03290,Drilling Rig Delta,Found some fluid on the deck near Overpressure. Not sure if water or oil.
OIL-2026-03291,Offshore Platform Alpha,Completed daily Energy Isolation / LOTO checks. All parameters normal.
OIL-2026-03292,Refinery Unit B,"Worker reported feeling unwell after Simultaneous Operations. Might be related, might be food poisoning."
OIL-2026-03293,Terminal Operations,The gauge looked weird during Process Upsets. We left it alone.
OIL-2026-03294,Refinery Unit B,Worker bypassed machine guard during Housekeeping to clear a jam. Equipment was still energized. Intervened and applied LOTO.
OIL-2026-03295,Drilling Rig Delta,"Vehicle struck a pedestrian crossing the yard during Vehicle Movement. Severe trauma sustained, medevac initiated."
OIL-2026-03296,Pipeline Sector 4,"Hydraulic hose burst during Vehicle Movement, spraying fluid across the deck. Operator was wearing face shield, no injury."
OIL-2026-03297,Maintenance Yard,"During routine Vehicle Movement inspection, noticed minor debris which was cleared immediately."
OIL-2026-03298,Maintenance Yard,"Crane slewed unexpectedly during Dropped Objects, load swung over the pedestrian walkway. Exclusion zone was active, no personnel exposed. It was raining heavily at the time."
OIL-2026-03299,Terminal Operations,Contractor dropped something during Working at Height. Didn't see what it was.
OIL-2026-03300,Pipeline Sector 4,"Vehicle struck a pedestrian crossing the yard during Minor maintenance issues. Severe trauma sustained, medevac initiated."
OIL-2026-03301,Terminal Operations,Received report of incident during Energy Isolation / LOTO. Could not verify details. (Note: Please fix the AC in the control room it is too hot).
OIL-2026-03302,Maintenance Yard,Slight trip hazard identified at Overpressure location due to uneven grating. Marked with high-viz tape.
OIL-2026-03303,Terminal Operations,Worker observed not wearing full PPE during Hydrocarbon Leaks in the safe zone. Reminded and complied.
OIL-2026-03304,Pipeline Sector 4,Routine Energy Isolation / LOTO completed without any safety incidents.
OIL-2026-03305,Maintenance Yard,The gauge looked weird during Gas Releases. We left it alone.
OIL-2026-03306,Pipeline Sector 4,Small localized smoldering fire observed during Chemical Exposure hot work. Extinguished immediately with local fire watch.
OIL-2026-03307,Pipeline Sector 4,The gauge looked weird during Minor maintenance issues. We left it alone.
OIL-2026-03308,Drilling Rig Delta,Received report of incident during Vehicle Movement. Could not verify details.
OIL-2026-03309,Pipeline Sector 4,Someone said the pressure was high during Fire. Need to investigate further. (Note: Please fix the AC in the control room it is too hot).
OIL-2026-03310,Terminal Operations,Contractor found entering restricted Overpressure area without a valid permit. Escorted out and work stopped.
OIL-2026-03311,Terminal Operations,Scaffold tag was red but workers were seen preparing for Housekeeping on it. Intervened before access.
OIL-2026-03312,Terminal Operations,Walkway obstructed by empty pallets near Overpressure area. Removed by housekeeping.
OIL-2026-03313,Offshore Platform Alpha,"Vehicle struck a pedestrian crossing the yard during Hydrocarbon Leaks. Severe trauma sustained, medevac initiated."
OIL-2026-03314,Refinery Unit B,Trench collapsed during Hydrocarbon Leaks excavation. Worker was partially buried up to the waist. Rescue team deployed. The supervisor was not present.
OIL-2026-03315,Maintenance Yard,Major hydrocarbon gas release during Chemical Exposure. Cloud drifted towards hot work area. Emergency shutdown activated immediately.
OIL-2026-03316,Refinery Unit B,Major hydrocarbon gas release during Overpressure. Cloud drifted towards hot work area. Emergency shutdown activated immediately. (Note: Please fix the AC in the control room it is too hot).
OIL-2026-03317,Pipeline Sector 4,Found some fluid on the deck near Gas Releases. Not sure if water or oil.
OIL-2026-03318,Offshore Platform Alpha,Contractor found entering restricted Vehicle Movement area without a valid permit. Escorted out and work stopped. Lunch had just finished.
OIL-2026-03319,Pipeline Sector 4,Arc flash occurred during Minor maintenance issues in the main switchgear room. Technician suffered severe electrical burns to face and hands. Lunch had just finished.
OIL-2026-03320,Terminal Operations,Major hydrocarbon gas release during Simultaneous Operations. Cloud drifted towards hot work area. Emergency shutdown activated immediately.
OIL-2026-03321,Refinery Unit B,Someone said the pressure was high during Overpressure. Need to investigate further.
OIL-2026-03322,Terminal Operations,"Catastrophic failure of lifting gear during Lifting Operations. 5-ton load dropped 10 meters, striking teh deck less than 2 meters from teh rigging crew."
OIL-2026-03323,Maintenance Yard,Small localized smoldering fire observed during Hydrocarbon Leaks hot work. Extinguished immediately with local fire watch.
OIL-2026-03324,Offshore Platform Alpha,Contractor dropped something during Energy Isolation / LOTO. Didn't see what it was. We had a safety meeting about this just yesterday.
OIL-2026-03325,Maintenance Yard,Someone said the pressure was high during Electrical Hazards. Need to investigate further.
OIL-2026-03326,Drilling Rig Delta,"Crane slewed unexpectedly during Process Upsets, load swung over the pedestrian walkway. Exclusion zone was active, no personnel exposed."
OIL-2026-03327,Offshore Platform Alpha,Trench collapsed during Working at Height excavation. Worker was partially buried up to the waist. Rescue team deployed.
OIL-2026-03328,Terminal Operations,Worker fell 5 meters during Routine inspections because harness lanyard snapped. Rushed to medical bay with suspected fractures.
OIL-2026-03329,Refinery Unit B,Contractor found entering restricted Vehicle Movement area without a valid permit. Escorted out and work stopped.
OIL-2026-03330,Refinery Unit B,Found some fluid on teh deck near Excavation. Not sure if water or oil.
OIL-2026-03331,Drilling Rig Delta,Walkway obstructed by empty pallets near Dropped Objects area. Removed by housekeeping.
OIL-2026-03332,Terminal Operations,"Crane slewed unexpectedly during Energy Isolation / LOTO, load swung over the pedestrian walkway. Exclusion zone was active, no personnel exposed. I didn't have my glasses on but I saw it happen."
OIL-2026-03333,Drilling Rig Delta,"During routine Hot Work inspection, noticed minor debris which was cleared immediately."
OIL-2026-03334,Offshore Platform Alpha,Small localized smoldering fire observed during Housekeeping hot work. Extinguished immediately with local fire watch.
OIL-2026-03335,Terminal Operations,The gauge looked weird during Gas Releases. We left it alone.
OIL-2026-03336,Pipeline Sector 4,"During routine Minor maintenance issues inspection, noticed minor debris which was cleared immediately. The contractor was late to the shift."
OIL-2026-03337,Offshore Platform Alpha,Worker observed not wearing full PPE during Hydrocarbon Leaks in the safe zone. Reminded and complied.
OIL-2026-03338,Terminal Operations,"During routine Gas Releases inspection, noticed minor debris which was cleared immediately. (Note: Please fix the AC in the control room it is too hot)."
OIL-2026-03339,Terminal Operations,Worker fell 5 meters during Dropped Objects because harness lanyard snapped. Rushed to medical bay with suspected fractures.
OIL-2026-03340,Refinery Unit B,Minor oil weepage noticed on valve body during Gas Releases. Cleaned and tightened.
OIL-2026-03341,Refinery Unit B,Found some fluid on the deck near Lifting Operations. Not sure if water or oil.
OIL-2026-03342,Offshore Platform Alpha,"Loud bang heard near Working at Height unit, but no damage found and no one saw anything."
OIL-2026-03343,Pipeline Sector 4,"Loud bang heard near Working at Height unit, but no damage found and no one saw anything. The supervisor was not present."
OIL-2026-03344,Offshore Platform Alpha,Fire extinguisher tag missing in the Hot Work zone. Replaced by safety officer.
OIL-2026-03345,Terminal Operations,Minor oil weepage noticed on valve body during Overpressure. Cleaned and tightened.
OIL-2026-03346,Terminal Operations,Worker fell 5 meters during Gas Releases because harness lanyard snapped. Rushed to medical bay with suspected fractures.
OIL-2026-03347,Drilling Rig Delta,"While performing Vehicle Movement, a heavy wrench slipped and struck the scaffolding tube near the worker's head. Near miss. Lunch had just finished."
OIL-2026-03348,Drilling Rig Delta,Worker bypassed machine guard during Chemical Exposure to clear a jam. Equipment was still energized. Intervened and applied LOTO. It was raining heavily at the time.
OIL-2026-03349,Maintenance Yard,"Catastrophic failure of lifting gear during Lifting Operations. 5-ton load dropped 10 meters, striking the deck less than 2 meters from the rigging crew. Radio comms were a bit staticky."
OIL-2026-03350,Refinery Unit B,"Catastrophic failure of lifting gear during Working at Height. 5-ton load dropped 10 meters, striking the deck less than 2 meters from the rigging crew."
OIL-2026-03351,Drilling Rig Delta,Contractor found entering restricted Lifting Operations area without a valid permit. Escorted out and work stopped. We had a safety meeting about this just yesterday.
OIL-2026-03352,Offshore Platform Alpha,Contractor reminded to use three points of contact on stairs near Chemical Exposure unit.
OIL-2026-03353,Terminal Operations,"Vehicle struck a pedestrian crossing the yard during Simultaneous Operations. Severe trauma sustained, medevac initiated."
OIL-2026-03354,Terminal Operations,Completed daily Routine inspections checks. All parameters normal.
OIL-2026-03355,Pipeline Sector 4,The gauge looked weird during Fire. We left it alone.
OIL-2026-03356,Offshore Platform Alpha,The gauge looked weird during Simultaneous Operations. We left it alone. (Note: Please fix the AC in the control room it is too hot).
OIL-2026-03357,Maintenance Yard,Found some fluid on the deck near Gas Releases. Not sure if water or oil. We had a safety meeting about this just yesterday.
OIL-2026-03358,Refinery Unit B,Contractor reminded to use three points of contact on stairs near Chemical Exposure unit.
OIL-2026-03359,Refinery Unit B,Slight trip hazard identified at Vehicle Movement location due to uneven grating. Marked with high-viz tape.
OIL-2026-03360,Pipeline Sector 4,Received report of incident during Confined Space. Could not verify details.
OIL-2026-03361,Maintenance Yard,Worker fell 5 meters during Energy Isolation / LOTO because harness lanyard snapped. Rushed to medical bay with suspected fractures.
OIL-2026-03362,Offshore Platform Alpha,"During routine Routine inspections inspection, noticed minor debris which was cleared immediately."
OIL-2026-03363,Drilling Rig Delta,Slight trip hazard identified at Energy Isolation / LOTO location due to uneven grating. Marked with high-viz tape.
OIL-2026-03364,Maintenance Yard,Worker fell 5 meters during Routine inspections because harness lanyard snapped. Rushed to medical bay with suspected fractures.
OIL-2026-03365,Offshore Platform Alpha,"During Fire, LEL alarms triggered at 10%. Work stopped and area ventilated."
OIL-2026-03366,Drilling Rig Delta,Minor oil weepage noticed on valve body during Dropped Objects. Cleaned and tightened. I didn't have my glasses on but I saw it happen.
OIL-2026-03367,Terminal Operations,Contractor reminded to use three points of contact on stairs near Excavation unit.
OIL-2026-03368,Terminal Operations,Worker fell 5 meters during Lifting Operations because harness lanyard snapped. Rushed to medical bay with suspected fractures. Lunch had just finished.
OIL-2026-03369,Refinery Unit B,Small localized smoldering fire observed during Chemical Exposure hot work. Extinguished immediately with local fire watch.
OIL-2026-03370,Terminal Operations,"Crane slewed unexpectedly during Working at Height, load swung over the pedestrian walkway. Exclusion zone was active, no personnel exposed."
OIL-2026-03371,Maintenance Yard,Routine Working at Height completed without any safety incidents.
OIL-2026-03372,Refinery Unit B,"While performing Gas Releases, a heavy wrench slipped and struck teh scaffolding tube near teh worker's head. Near miss."
OIL-2026-03373,Drilling Rig Delta,Found some fluid on the deck near Fire. Not sure if water or oil.
OIL-2026-03374,Maintenance Yard,Handrail paint was peeling near the Routine inspections sector. Maintenance request submitted. I didn't have my glasses on but I saw it happen.
OIL-2026-03375,Refinery Unit B,Small localized smoldering fire observed during Dropped Objects hot work. Extinguished immediately with local fire watch.
OIL-2026-03376,Refinery Unit B,"Vehicle struck a pedestrian crossing the yard during Routine inspections. Severe trauma sustained, medevac initiated."
OIL-2026-03377,Terminal Operations,Slight trip hazard identified at Simultaneous Operations location due to uneven grating. Marked with high-viz tape.
OIL-2026-03378,Offshore Platform Alpha,Small localized smoldering fire observed during Working at Height hot work. Extinguished immediately with local fire watch. The shift was almost over.
OIL-2026-03379,Refinery Unit B,"Loud bang heard near Routine inspections unit, but no damage found and no one saw anything. We had a safety meeting about this just yesterday."
OIL-2026-03380,Refinery Unit B,Received report of incident during Hydrocarbon Leaks. Could not verify details. The shift was almost over.
OIL-2026-03381,Drilling Rig Delta,Small localized smoldering fire observed during Gas Releases hot work. Extinguished immediately with local fire watch.
OIL-2026-03382,Refinery Unit B,Small localized smoldering fire observed during Lifting Operations hot work. Extinguished immediately with local fire watch. Radio comms were a bit staticky.
OIL-2026-03383,Maintenance Yard,Received report of incident during Process Upsets. Could not verify details.
OIL-2026-03384,Refinery Unit B,Someone said the pressure was high during PPE observations. Need to investigate further. The supervisor was not present.
OIL-2026-03385,Refinery Unit B,"While performing Energy Isolation / LOTO, a heavy wrench slipped and struck the scaffolding tube near the worker's head. Near miss."
OIL-2026-03386,Refinery Unit B,"Hydraulic hose burst during Dropped Objects, spraying fluid across teh deck. Operator ws wearing face shield, no injury."
OIL-2026-03387,Offshore Platform Alpha,Contractor dropped something during Dropped Objects. Didn't see what it was. Radio comms were a bit staticky.
OIL-2026-03388,Maintenance Yard,"During PPE observations, LEL alarms triggered at 10%. Work stopped and area ventilated."
OIL-2026-03389,Maintenance Yard,Routine Process Upsets completed without any safety incidents.
OIL-2026-03390,Terminal Operations,Someone said teh pressure ws high during Gas Releases. Need to investigate further.
OIL-2026-03391,Maintenance Yard,"Vehicle struck a pedestrian crossing the yard during Lifting Operations. Severe trauma sustained, medevac initiated. The shift was almost over."
OIL-2026-03392,Terminal Operations,Arc flash occurred during Simultaneous Operations in the main switchgear room. Technician suffered severe electrical burns to face and hands.
OIL-2026-03393,Drilling Rig Delta,Small localized smoldering fire observed during Process Upsets hot work. Extinguished immediately with local fire watch.
OIL-2026-03394,Terminal Operations,Completed daily Hot Work checks. All parameters normal.
OIL-2026-03395,Refinery Unit B,"During Hot Work, LEL alarms triggered at 10%. Work stopped and area ventilated."
OIL-2026-03396,Refinery Unit B,"Loud bang heard near Vehicle Movement unit, but no damage found and no one saw anything. The contractor ws late to teh shift."
OIL-2026-03397,Drilling Rig Delta,"Crane slewed unexpectedly during PPE observations, load swung over the pedestrian walkway. Exclusion zone was active, no personnel exposed."
OIL-2026-03398,Offshore Platform Alpha,Completed daily Housekeeping checks. All parameters normal.
OIL-2026-03399,Maintenance Yard,"Worker reported feeling unwell after Routine inspections. Might be related, might be food poisoning. The shift was almost over."
OIL-2026-03400,Refinery Unit B,Trench collapsed during Chemical Exposure excavation. Worker ws partially buried up to teh waist. Rescue team deployed.
OIL-2026-03401,Refinery Unit B,"Hydraulic hose burst during Vehicle Movement, spraying fluid across teh deck. Operator ws wearing face shield, no injury."
OIL-2026-03402,Offshore Platform Alpha,Arc flash occurred during Overpressure in the main switchgear room. Technician suffered severe electrical burns to face and hands. Lunch had just finished.
OIL-2026-03403,Pipeline Sector 4,The gauge looked weird during Vehicle Movement. We left it alone. We had a safety meeting about this just yesterday.
OIL-2026-03404,Refinery Unit B,Received report of incident during Hot Work. Could not verify details.
OIL-2026-03405,Terminal Operations,Walkway obstructed by empty pallets near Housekeeping area. Removed by housekeeping.
OIL-2026-03406,Drilling Rig Delta,Small localized smoldering fire observed during Dropped Objects hot work. Extinguished immediately with local fire watch.
OIL-2026-03407,Pipeline Sector 4,"Catastrophic failure of lifting gear during Routine inspections. 5-ton load dropped 10 meters, striking the deck less than 2 meters from the rigging crew. The shift was almost over."
OIL-2026-03408,Refinery Unit B,Contractor dropped something during Electrical Hazards. Didn't see what it was.
OIL-2026-03409,Pipeline Sector 4,"Loud bang heard near PPE observations unit, but no damage found and no one saw anything."
OIL-2026-03410,Drilling Rig Delta,"Crane slewed unexpectedly during Vehicle Movement, load swung over the pedestrian walkway. Exclusion zone was active, no personnel exposed."
OIL-2026-03411,Pipeline Sector 4,The gauge looked weird during Gas Releases. We left it alone. (Note: Please fix the AC in the control room it is too hot).
OIL-2026-03412,Offshore Platform Alpha,Received report of incident during Electrical Hazards. Could not verify details.
OIL-2026-03413,Refinery Unit B,"Loud bang heard near Confined Space unit, but no damage found and no one saw anything. (Note: Please fix the AC in the control room it is too hot)."
OIL-2026-03414,Drilling Rig Delta,Worker fell 5 meters during Routine inspections because harness lanyard snapped. Rushed to medical bay with suspected fractures. (Note: Please fix the AC in the control room it is too hot).
OIL-2026-03415,Offshore Platform Alpha,Worker fell 5 meters during Fire because harness lanyard snapped. Rushed to medical bay with suspected fractures.
OIL-2026-03416,Pipeline Sector 4,"While performing Gas Releases, a heavy wrench slipped and struck the scaffolding tube near the worker's head. Near miss."
OIL-2026-03417,Maintenance Yard,Fire extinguisher tag missing in the Energy Isolation / LOTO zone. Replaced by safety officer.
OIL-2026-03418,Offshore Platform Alpha,Found some fluid on the deck near PPE observations. Not sure if water or oil. Radio comms were a bit staticky.
OIL-2026-03419,Maintenance Yard,Worker bypassed machine guard during Electrical Hazards to clear a jam. Equipment was still energized. Intervened and applied LOTO.
OIL-2026-03420,Refinery Unit B,Small localized smoldering fire observed during Fire hot work. Extinguished immediately with local fire watch.
OIL-2026-03421,Drilling Rig Delta,Scaffold tag was red but workers were seen preparing for Hydrocarbon Leaks on it. Intervened before access.
OIL-2026-03422,Pipeline Sector 4,The gauge looked weird during Lifting Operations. We left it alone.
OIL-2026-03423,Terminal Operations,Scaffold tag ws red but workers were seen preparing for Dropped Objects on it. Intervened before access.
OIL-2026-03424,Refinery Unit B,Completed daily Hydrocarbon Leaks checks. All parameters normal.
OIL-2026-03425,Drilling Rig Delta,Completed daily Excavation checks. All parameters normal.
OIL-2026-03426,Maintenance Yard,The gauge looked weird during Electrical Hazards. We left it alone.
OIL-2026-03427,Pipeline Sector 4,The gauge looked weird during Chemical Exposure. We left it alone.
OIL-2026-03428,Pipeline Sector 4,Worker observed not wearing full PPE during Hydrocarbon Leaks in the safe zone. Reminded and complied.
OIL-2026-03429,Terminal Operations,"During routine PPE observations inspection, noticed minor debris which was cleared immediately."
OIL-2026-03430,Maintenance Yard,Contractor found entering restricted Simultaneous Operations area without a valid permit. Escorted out and work stopped.
OIL-2026-03431,Maintenance Yard,Worker observed not wearing full PPE during Chemical Exposure in the safe zone. Reminded and complied.
OIL-2026-03432,Pipeline Sector 4,"Catastrophic failure of lifting gear during Hydrocarbon Leaks. 5-ton load dropped 10 meters, striking the deck less than 2 meters from the rigging crew."
OIL-2026-03433,Maintenance Yard,"Crane slewed unexpectedly during Gas Releases, load swung over the pedestrian walkway. Exclusion zone was active, no personnel exposed."
OIL-2026-03434,Terminal Operations,Someone said the pressure was high during Process Upsets. Need to investigate further.
OIL-2026-03435,Offshore Platform Alpha,Completed daily Working at Height checks. All parameters normal. (Note: Please fix the AC in the control room it is too hot).
OIL-2026-03436,Refinery Unit B,Worker observed not wearing full PPE during Dropped Objects in the safe zone. Reminded and complied.
OIL-2026-03437,Maintenance Yard,"During routine Electrical Hazards inspection, noticed minor debris which was cleared immediately."
OIL-2026-03438,Terminal Operations,Trench collapsed during Working at Height excavation. Worker was partially buried up to the waist. Rescue team deployed. (Note: Please fix the AC in the control room it is too hot).
OIL-2026-03439,Maintenance Yard,"While performing Excavation, a heavy wrench slipped and struck the scaffolding tube near the worker's head. Near miss."
OIL-2026-03440,Maintenance Yard,Someone said the pressure was high during Energy Isolation / LOTO. Need to investigate further.
OIL-2026-03441,Offshore Platform Alpha,Worker bypassed machine guard during Routine inspections to clear a jam. Equipment was still energized. Intervened and applied LOTO.
OIL-2026-03442,Offshore Platform Alpha,"Crane slewed unexpectedly during Overpressure, load swung over the pedestrian walkway. Exclusion zone was active, no personnel exposed. I didn't have my glasses on but I saw it happen."
OIL-2026-03443,Drilling Rig Delta,Received report of incident during Vehicle Movement. Could not verify details.
OIL-2026-03444,Terminal Operations,Completed daily Minor maintenance issues checks. All parameters normal.
OIL-2026-03445,Pipeline Sector 4,Contractor reminded to use three points of contact on stairs near Hot Work unit.
OIL-2026-03446,Pipeline Sector 4,Arc flash occurred during Hydrocarbon Leaks in teh main switchgear room. Technician suffered severe electrical burns to face and hands.
OIL-2026-03447,Drilling Rig Delta,"Vehicle struck a pedestrian crossing the yard during Working at Height. Severe trauma sustained, medevac initiated. I didn't have my glasses on but I saw it happen."
OIL-2026-03448,Terminal Operations,"Catastrophic failure of lifting gear during Working at Height. 5-ton load dropped 10 meters, striking the deck less than 2 meters from the rigging crew."
OIL-2026-03449,Terminal Operations,"Catastrophic failure of lifting gear during Hot Work. 5-ton load dropped 10 meters, striking the deck less than 2 meters from the rigging crew."
OIL-2026-03450,Pipeline Sector 4,Worker fell 5 meters during Chemical Exposure because harness lanyard snapped. Rushed to medical bay with suspected fractures.
OIL-2026-03451,Terminal Operations,Fire extinguisher tag missing in the Gas Releases zone. Replaced by safety officer.
OIL-2026-03452,Terminal Operations,"Worker reported feeling unwell after Energy Isolation / LOTO. Might be related, might be food poisoning. Lunch had just finished."
OIL-2026-03453,Refinery Unit B,Worker bypassed machine guard during Overpressure to clear a jam. Equipment was still energized. Intervened and applied LOTO. The shift was almost over.
OIL-2026-03454,Refinery Unit B,"Catastrophic failure of lifting gear during Dropped Objects. 5-ton load dropped 10 meters, striking the deck less than 2 meters from the rigging crew."
OIL-2026-03455,Terminal Operations,Arc flash occurred during Hydrocarbon Leaks in the main switchgear room. Technician suffered severe electrical burns to face and hands.
OIL-2026-03456,Terminal Operations,Routine Process Upsets completed without any safety incidents.
OIL-2026-03457,Refinery Unit B,Completed daily Excavation checks. All parameters normal.
OIL-2026-03458,Refinery Unit B,"While performing Gas Releases, a heavy wrench slipped and struck teh scaffolding tube near teh worker's head. Near miss."
OIL-2026-03459,Refinery Unit B,Walkway obstructed by empty pallets near Fire area. Removed by housekeeping. It ws raining heavily at teh time.
OIL-2026-03460,Drilling Rig Delta,Worker observed not wearing full PPE during Dropped Objects in teh safe zone. Reminded and complied.
OIL-2026-03461,Pipeline Sector 4,"Vehicle struck a pedestrian crossing the yard during Excavation. Severe trauma sustained, medevac initiated. I didn't have my glasses on but I saw it happen."
OIL-2026-03462,Terminal Operations,"Vehicle struck a pedestrian crossing the yard during PPE observations. Severe trauma sustained, medevac initiated."
OIL-2026-03463,Terminal Operations,Scaffold tag was red but workers were seen preparing for Gas Releases on it. Intervened before access. Radio comms were a bit staticky.
OIL-2026-03464,Terminal Operations,Received report of incident during Gas Releases. Could not verify details.
OIL-2026-03465,Offshore Platform Alpha,Worker observed not wearing full PPE during Routine inspections in teh safe zone. Reminded and complied.
OIL-2026-03466,Pipeline Sector 4,Scaffold tag ws red but workers were seen preparing for Energy Isolation / LOTO on it. Intervened before access.
OIL-2026-03467,Refinery Unit B,Slight trip hazard identified at Chemical Exposure location due to uneven grating. Marked with high-viz tape.
OIL-2026-03468,Drilling Rig Delta,Routine Lifting Operations completed without any safety incidents.
OIL-2026-03469,Offshore Platform Alpha,"Catastrophic failure of lifting gear during Hydrocarbon Leaks. 5-ton load dropped 10 meters, striking the deck less than 2 meters from the rigging crew."
OIL-2026-03470,Maintenance Yard,Completed daily Hydrocarbon Leaks checks. All parameters normal.
OIL-2026-03471,Refinery Unit B,"Loud bang heard near Gas Releases unit, but no damage found and no one saw anything."
OIL-2026-03472,Offshore Platform Alpha,"Loud bang heard near Housekeeping unit, but no damage found and no one saw anything."
OIL-2026-03473,Pipeline Sector 4,"During Excavation, LEL alarms triggered at 10%. Work stopped and area ventilated."
OIL-2026-03474,Maintenance Yard,"Hydraulic hose burst during Dropped Objects, spraying fluid across the deck. Operator was wearing face shield, no injury."
OIL-2026-03475,Terminal Operations,Routine Working at Height completed without any safety incidents.
OIL-2026-03476,Drilling Rig Delta,"During Gas Releases, LEL alarms triggered at 10%. Work stopped and area ventilated. Radio comms were a bit staticky."
OIL-2026-03477,Maintenance Yard,The gauge looked weird during Gas Releases. We left it alone.
OIL-2026-03478,Drilling Rig Delta,Found some fluid on the deck near Housekeeping. Not sure if water or oil.
OIL-2026-03479,Drilling Rig Delta,Routine Hydrocarbon Leaks completed without any safety incidents.
OIL-2026-03480,Offshore Platform Alpha,Minor oil weepage noticed on valve body during Process Upsets. Cleaned and tightened.
OIL-2026-03481,Maintenance Yard,Worker fell 5 meters during Excavation because harness lanyard snapped. Rushed to medical bay with suspected fractures.
OIL-2026-03482,Offshore Platform Alpha,Small localized smoldering fire observed during Process Upsets hot work. Extinguished immediately with local fire watch.
OIL-2026-03483,Maintenance Yard,"While performing Minor maintenance issues, a heavy wrench slipped and struck the scaffolding tube near the worker's head. Near miss."
OIL-2026-03484,Refinery Unit B,Worker bypassed machine guard during Gas Releases to clear a jam. Equipment ws still energized. Intervened and applied LOTO.
OIL-2026-03485,Pipeline Sector 4,Worker fell 5 meters during Gas Releases because harness lanyard snapped. Rushed to medical bay with suspected fractures. The contractor was late to the shift.
OIL-2026-03486,Drilling Rig Delta,Contractor found entering restricted Hydrocarbon Leaks area without a valid permit. Escorted out and work stopped. Radio comms were a bit staticky.
OIL-2026-03487,Drilling Rig Delta,Major hydrocarbon gas release during Housekeeping. Cloud drifted towards hot work area. Emergency shutdown activated immediately.
OIL-2026-03488,Terminal Operations,Scaffold tag was red but workers were seen preparing for Electrical Hazards on it. Intervened before access.
OIL-2026-03489,Maintenance Yard,Major hydrocarbon gas release during Simultaneous Operations. Cloud drifted towards hot work area. Emergency shutdown activated immediately.
OIL-2026-03490,Offshore Platform Alpha,The gauge looked weird during Housekeeping. We left it alone. It was raining heavily at the time.
OIL-2026-03491,Drilling Rig Delta,Slight trip hazard identified at Minor maintenance issues location due to uneven grating. Marked with high-viz tape.
OIL-2026-03492,Drilling Rig Delta,Worker fell 5 meters during Confined Space because harness lanyard snapped. Rushed to medical bay with suspected fractures.
OIL-2026-03493,Maintenance Yard,"Hydraulic hose burst during Electrical Hazards, spraying fluid across the deck. Operator was wearing face shield, no injury."
OIL-2026-03494,Refinery Unit B,Scaffold tag was red but workers were seen preparing for Chemical Exposure on it. Intervened before access.
OIL-2026-03495,Offshore Platform Alpha,Contractor reminded to use three points of contact on stairs near Dropped Objects unit.
OIL-2026-03496,Pipeline Sector 4,The gauge looked weird during Vehicle Movement. We left it alone. (Note: Please fix the AC in the control room it is too hot).
OIL-2026-03497,Pipeline Sector 4,"Catastrophic failure of lifting gear during Hot Work. 5-ton load dropped 10 meters, striking the deck less than 2 meters from the rigging crew."
OIL-2026-03498,Offshore Platform Alpha,Major hydrocarbon gas release during Confined Space. Cloud drifted towards hot work area. Emergency shutdown activated immediately.
OIL-2026-03499,Drilling Rig Delta,"Vehicle struck a pedestrian crossing the yard during Working at Height. Severe trauma sustained, medevac initiated."
OIL-2026-03500,Terminal Operations,"Hydraulic hose burst during Dropped Objects, spraying fluid across the deck. Operator was wearing face shield, no injury."
OIL-2026-03501,Refinery Unit B,Fire extinguisher tag missing in the PPE observations zone. Replaced by safety officer.
OIL-2026-03502,Drilling Rig Delta,"Catastrophic failure of lifting gear during Fire. 5-ton load dropped 10 meters, striking the deck less than 2 meters from the rigging crew."
OIL-2026-03503,Drilling Rig Delta,Worker bypassed machine guard during Working at Height to clear a jam. Equipment ws still energized. Intervened and applied LOTO.
OIL-2026-03504,Refinery Unit B,Fire extinguisher tag missing in the Lifting Operations zone. Replaced by safety officer. The contractor was late to the shift.
OIL-2026-03505,Refinery Unit B,"Catastrophic failure of lifting gear during Confined Space. 5-ton load dropped 10 meters, striking the deck less than 2 meters from the rigging crew."
OIL-2026-03506,Refinery Unit B,Major hydrocarbon gas release during Simultaneous Operations. Cloud drifted towards hot work area. Emergency shutdown activated immediately. We had a safety meeting about this just yesterday.
OIL-2026-03507,Maintenance Yard,"While performing Energy Isolation / LOTO, a heavy wrench slipped and struck the scaffolding tube near the worker's head. Near miss."
OIL-2026-03508,Refinery Unit B,"Vehicle struck a pedestrian crossing the yard during Housekeeping. Severe trauma sustained, medevac initiated. Radio comms were a bit staticky."
OIL-2026-03509,Drilling Rig Delta,Walkway obstructed by empty pallets near Electrical Hazards area. Removed by housekeeping.
OIL-2026-03510,Refinery Unit B,Arc flash occurred during Housekeeping in the main switchgear room. Technician suffered severe electrical burns to face and hands.
OIL-2026-03511,Maintenance Yard,Worker fell 5 meters during Confined Space because harness lanyard snapped. Rushed to medical bay with suspected fractures.
OIL-2026-03512,Offshore Platform Alpha,Walkway obstructed by empty pallets near Excavation area. Removed by housekeeping.
OIL-2026-03513,Pipeline Sector 4,Scaffold tag was red but workers were seen preparing for Gas Releases on it. Intervened before access.
OIL-2026-03514,Terminal Operations,"Worker reported feeling unwell after Hydrocarbon Leaks. Might be related, might be food poisoning."
OIL-2026-03515,Terminal Operations,Worker fell 5 meters during Process Upsets because harness lanyard snapped. Rushed to medical bay with suspected fractures.
OIL-2026-03516,Drilling Rig Delta,Worker observed not wearing full PPE during Hot Work in the safe zone. Reminded and complied.
OIL-2026-03517,Offshore Platform Alpha,"Crane slewed unexpectedly during Lifting Operations, load swung over the pedestrian walkway. Exclusion zone was active, no personnel exposed."
OIL-2026-03518,Pipeline Sector 4,Trench collapsed during PPE observations excavation. Worker was partially buried up to the waist. Rescue team deployed.
OIL-2026-03519,Pipeline Sector 4,Walkway obstructed by empty pallets near Gas Releases area. Removed by housekeeping.
OIL-2026-03520,Offshore Platform Alpha,"Catastrophic failure of lifting gear during Chemical Exposure. 5-ton load dropped 10 meters, striking the deck less than 2 meters from the rigging crew."
OIL-2026-03521,Terminal Operations,Found some fluid on the deck near Hot Work. Not sure if water or oil.
OIL-2026-03522,Terminal Operations,Scaffold tag was red but workers were seen preparing for Vehicle Movement on it. Intervened before access.
OIL-2026-03523,Offshore Platform Alpha,"During routine Chemical Exposure inspection, noticed minor debris which was cleared immediately."
OIL-2026-03524,Offshore Platform Alpha,Found some fluid on the deck near PPE observations. Not sure if water or oil. I didn't have my glasses on but I saw it happen.
OIL-2026-03525,Maintenance Yard,Fire extinguisher tag missing in the Simultaneous Operations zone. Replaced by safety officer.
OIL-2026-03526,Offshore Platform Alpha,"Vehicle struck a pedestrian crossing the yard during Chemical Exposure. Severe trauma sustained, medevac initiated."
OIL-2026-03527,Offshore Platform Alpha,"Crane slewed unexpectedly during Minor maintenance issues, load swung over the pedestrian walkway. Exclusion zone was active, no personnel exposed."
OIL-2026-03528,Drilling Rig Delta,"While performing Minor maintenance issues, a heavy wrench slipped and struck the scaffolding tube near the worker's head. Near miss."
OIL-2026-03529,Maintenance Yard,"Vehicle struck a pedestrian crossing the yard during Routine inspections. Severe trauma sustained, medevac initiated."
OIL-2026-03530,Maintenance Yard,Found some fluid on the deck near Housekeeping. Not sure if water or oil.
OIL-2026-03531,Drilling Rig Delta,Scaffold tag was red but workers were seen preparing for Chemical Exposure on it. Intervened before access.
OIL-2026-03532,Pipeline Sector 4,Found some fluid on the deck near Gas Releases. Not sure if water or oil.
OIL-2026-03533,Maintenance Yard,"Loud bang heard near Chemical Exposure unit, but no damage found and no one saw anything. The shift was almost over."
OIL-2026-03534,Drilling Rig Delta,Arc flash occurred during Hot Work in the main switchgear room. Technician suffered severe electrical burns to face and hands.
OIL-2026-03535,Maintenance Yard,Worker fell 5 meters during Energy Isolation / LOTO because harness lanyard snapped. Rushed to medical bay with suspected fractures.
OIL-2026-03536,Pipeline Sector 4,Trench collapsed during Confined Space excavation. Worker was partially buried up to the waist. Rescue team deployed.
OIL-2026-03537,Terminal Operations,"Crane slewed unexpectedly during Fire, load swung over the pedestrian walkway. Exclusion zone was active, no personnel exposed."
OIL-2026-03538,Drilling Rig Delta,"Catastrophic failure of lifting gear during Electrical Hazards. 5-ton load dropped 10 meters, striking teh deck less than 2 meters from teh rigging crew."
OIL-2026-03539,Terminal Operations,Found some fluid on the deck near Working at Height. Not sure if water or oil.
OIL-2026-03540,Terminal Operations,Received report of incident during Overpressure. Could not verify details. Lunch had just finished.
OIL-2026-03541,Refinery Unit B,"During routine Dropped Objects inspection, noticed minor debris which ws cleared immediately."
OIL-2026-03542,Terminal Operations,"Catastrophic failure of lifting gear during Excavation. 5-ton load dropped 10 meters, striking the deck less than 2 meters from the rigging crew."
OIL-2026-03543,Offshore Platform Alpha,"During routine Lifting Operations inspection, noticed minor debris which was cleared immediately."
OIL-2026-03544,Offshore Platform Alpha,The gauge looked weird during Simultaneous Operations. We left it alone.
OIL-2026-03545,Maintenance Yard,Contractor found entering restricted Dropped Objects area without a valid permit. Escorted out and work stopped.
OIL-2026-03546,Drilling Rig Delta,Worker bypassed machine guard during Energy Isolation / LOTO to clear a jam. Equipment was still energized. Intervened and applied LOTO.
OIL-2026-03547,Maintenance Yard,Major hydrocarbon gas release during Lifting Operations. Cloud drifted towards hot work area. Emergency shutdown activated immediately.
OIL-2026-03548,Maintenance Yard,Worker bypassed machine guard during PPE observations to clear a jam. Equipment was still energized. Intervened and applied LOTO. The shift was almost over.
OIL-2026-03549,Terminal Operations,Minor oil weepage noticed on valve body during Dropped Objects. Cleaned and tightened.
OIL-2026-03550,Offshore Platform Alpha,Major hydrocarbon gas release during Dropped Objects. Cloud drifted towards hot work area. Emergency shutdown activated immediately. The supervisor was not present.
OIL-2026-03551,Pipeline Sector 4,Received report of incident during Routine inspections. Could not verify details. Radio comms were a bit staticky.
OIL-2026-03552,Pipeline Sector 4,"Loud bang heard near Process Upsets unit, but no damage found and no one saw anything. It was raining heavily at the time."
OIL-2026-03553,Offshore Platform Alpha,"During routine Dropped Objects inspection, noticed minor debris which was cleared immediately."
OIL-2026-03554,Pipeline Sector 4,Contractor dropped something during Gas Releases. Didn't see what it was.
OIL-2026-03555,Offshore Platform Alpha,Scaffold tag was red but workers were seen preparing for Confined Space on it. Intervened before access. (Note: Please fix the AC in the control room it is too hot).
OIL-2026-03556,Pipeline Sector 4,Completed daily Simultaneous Operations checks. All parameters normal.
OIL-2026-03557,Pipeline Sector 4,Contractor dropped something during Gas Releases. Didn't see what it was.
OIL-2026-03558,Refinery Unit B,Received report of incident during Electrical Hazards. Could not verify details. It was raining heavily at the time.
OIL-2026-03559,Offshore Platform Alpha,"Loud bang heard near Hot Work unit, but no damage found and no one saw anything."
OIL-2026-03560,Refinery Unit B,"Hydraulic hose burst during Simultaneous Operations, spraying fluid across the deck. Operator was wearing face shield, no injury."
OIL-2026-03561,Terminal Operations,Someone said the pressure was high during Chemical Exposure. Need to investigate further.
OIL-2026-03562,Offshore Platform Alpha,Worker bypassed machine guard during Hot Work to clear a jam. Equipment was still energized. Intervened and applied LOTO. Lunch had just finished.
OIL-2026-03563,Offshore Platform Alpha,Slight trip hazard identified at Working at Height location due to uneven grating. Marked with high-viz tape.
OIL-2026-03564,Refinery Unit B,Worker fell 5 meters during Lifting Operations because harness lanyard snapped. Rushed to medical bay with suspected fractures.
OIL-2026-03565,Terminal Operations,Received report of incident during Lifting Operations. Could not verify details.
OIL-2026-03566,Drilling Rig Delta,Someone said the pressure was high during Minor maintenance issues. Need to investigate further.
OIL-2026-03567,Pipeline Sector 4,Trench collapsed during Working at Height excavation. Worker was partially buried up to the waist. Rescue team deployed.
OIL-2026-03568,Drilling Rig Delta,Worker fell 5 meters during Simultaneous Operations because harness lanyard snapped. Rushed to medical bay with suspected fractures.
OIL-2026-03569,Offshore Platform Alpha,Someone said the pressure was high during Fire. Need to investigate further. Lunch had just finished.
OIL-2026-03570,Drilling Rig Delta,Contractor found entering restricted Routine inspections area without a valid permit. Escorted out and work stopped.
OIL-2026-03571,Terminal Operations,Contractor dropped something during Fire. Didn't see what it was.
OIL-2026-03572,Maintenance Yard,"Loud bang heard near Energy Isolation / LOTO unit, but no damage found and no one saw anything. The contractor was late to the shift."
OIL-2026-03573,Pipeline Sector 4,"During Confined Space, LEL alarms triggered at 10%. Work stopped and area ventilated."
OIL-2026-03574,Pipeline Sector 4,"Vehicle struck a pedestrian crossing the yard during Hydrocarbon Leaks. Severe trauma sustained, medevac initiated."
OIL-2026-03575,Maintenance Yard,Fire extinguisher tag missing in the PPE observations zone. Replaced by safety officer.
OIL-2026-03576,Offshore Platform Alpha,"Crane slewed unexpectedly during Lifting Operations, load swung over the pedestrian walkway. Exclusion zone was active, no personnel exposed."
OIL-2026-03577,Drilling Rig Delta,Contractor found entering restricted Chemical Exposure area without a valid permit. Escorted out and work stopped.
OIL-2026-03578,Offshore Platform Alpha,Received report of incident during PPE observations. Could not verify details.
OIL-2026-03579,Offshore Platform Alpha,Completed daily Routine inspections checks. All parameters normal. The shift was almost over.
OIL-2026-03580,Drilling Rig Delta,Walkway obstructed by empty pallets near Housekeeping area. Removed by housekeeping.
OIL-2026-03581,Maintenance Yard,Contractor dropped something during Vehicle Movement. Didn't see what it was.
OIL-2026-03582,Maintenance Yard,Routine Overpressure completed without any safety incidents.
OIL-2026-03583,Terminal Operations,Found some fluid on the deck near Excavation. Not sure if water or oil.
OIL-2026-03584,Drilling Rig Delta,"During routine Lifting Operations inspection, noticed minor debris which was cleared immediately. Lunch had just finished."
OIL-2026-03585,Refinery Unit B,"During routine Lifting Operations inspection, noticed minor debris which was cleared immediately."
OIL-2026-03586,Refinery Unit B,"Catastrophic failure of lifting gear during Working at Height. 5-ton load dropped 10 meters, striking the deck less than 2 meters from the rigging crew. (Note: Please fix the AC in the control room it is too hot)."
OIL-2026-03587,Offshore Platform Alpha,Arc flash occurred during Process Upsets in the main switchgear room. Technician suffered severe electrical burns to face and hands.
OIL-2026-03588,Offshore Platform Alpha,Found some fluid on the deck near Housekeeping. Not sure if water or oil.
OIL-2026-03589,Offshore Platform Alpha,"Worker reported feeling unwell after Hot Work. Might be related, might be food poisoning."
OIL-2026-03590,Pipeline Sector 4,Walkway obstructed by empty pallets near Lifting Operations area. Removed by housekeeping. I didn't have my glasses on but I saw it happen.
OIL-2026-03591,Pipeline Sector 4,Worker bypassed machine guard during Minor maintenance issues to clear a jam. Equipment was still energized. Intervened and applied LOTO.
OIL-2026-03592,Offshore Platform Alpha,Someone said the pressure was high during Gas Releases. Need to investigate further.
OIL-2026-03593,Refinery Unit B,Arc flash occurred during PPE observations in the main switchgear room. Technician suffered severe electrical burns to face and hands.
OIL-2026-03594,Maintenance Yard,Found some fluid on the deck near Working at Height. Not sure if water or oil.
OIL-2026-03595,Drilling Rig Delta,Walkway obstructed by empty pallets near Excavation area. Removed by housekeeping.
OIL-2026-03596,Offshore Platform Alpha,"Catastrophic failure of lifting gear during Electrical Hazards. 5-ton load dropped 10 meters, striking the deck less than 2 meters from the rigging crew."
OIL-2026-03597,Terminal Operations,Contractor reminded to use three points of contact on stairs near Routine inspections unit.
OIL-2026-03598,Terminal Operations,Contractor found entering restricted Minor maintenance issues area without a valid permit. Escorted out and work stopped. It was raining heavily at the time.
OIL-2026-03599,Refinery Unit B,"Catastrophic failure of lifting gear during Working at Height. 5-ton load dropped 10 meters, striking the deck less than 2 meters from the rigging crew."
OIL-2026-03600,Maintenance Yard,"During routine Overpressure inspection, noticed minor debris which was cleared immediately."
OIL-2026-03601,Pipeline Sector 4,Contractor found entering restricted Chemical Exposure area without a valid permit. Escorted out and work stopped.
OIL-2026-03602,Drilling Rig Delta,"During routine Lifting Operations inspection, noticed minor debris which was cleared immediately. (Note: Please fix the AC in the control room it is too hot)."
OIL-2026-03603,Refinery Unit B,"Hydraulic hose burst during Lifting Operations, spraying fluid across the deck. Operator was wearing face shield, no injury."
OIL-2026-03604,Offshore Platform Alpha,Worker bypassed machine guard during Housekeeping to clear a jam. Equipment was still energized. Intervened and applied LOTO.
OIL-2026-03605,Offshore Platform Alpha,"Loud bang heard near Process Upsets unit, but no damage found and no one saw anything. We had a safety meeting about this just yesterday."
OIL-2026-03606,Terminal Operations,Minor oil weepage noticed on valve body during Gas Releases. Cleaned and tightened.
OIL-2026-03607,Refinery Unit B,Small localized smoldering fire observed during Vehicle Movement hot work. Extinguished immediately with local fire watch.
OIL-2026-03608,Offshore Platform Alpha,"During routine Electrical Hazards inspection, noticed minor debris which was cleared immediately. The contractor was late to the shift."
OIL-2026-03609,Maintenance Yard,Worker fell 5 meters during PPE observations because harness lanyard snapped. Rushed to medical bay with suspected fractures.
OIL-2026-03610,Terminal Operations,Received report of incident during Overpressure. Could not verify details.
OIL-2026-03611,Offshore Platform Alpha,Routine Working at Height completed without any safety incidents.
OIL-2026-03612,Terminal Operations,Arc flash occurred during Energy Isolation / LOTO in the main switchgear room. Technician suffered severe electrical burns to face and hands.
OIL-2026-03613,Refinery Unit B,"During routine Working at Height inspection, noticed minor debris which was cleared immediately. (Note: Please fix the AC in the control room it is too hot)."
OIL-2026-03614,Refinery Unit B,Worker observed not wearing full PPE during Working at Height in the safe zone. Reminded and complied.
OIL-2026-03615,Pipeline Sector 4,Found some fluid on the deck near Lifting Operations. Not sure if water or oil.
OIL-2026-03616,Drilling Rig Delta,"Loud bang heard near Confined Space unit, but no damage found and no one saw anything. Radio comms were a bit staticky."
OIL-2026-03617,Drilling Rig Delta,Fire extinguisher tag missing in the Simultaneous Operations zone. Replaced by safety officer.
OIL-2026-03618,Terminal Operations,Major hydrocarbon gas release during Chemical Exposure. Cloud drifted towards hot work area. Emergency shutdown activated immediately.
OIL-2026-03619,Drilling Rig Delta,Worker bypassed machine guard during Lifting Operations to clear a jam. Equipment was still energized. Intervened and applied LOTO.
OIL-2026-03620,Offshore Platform Alpha,Worker observed not wearing full PPE during Working at Height in the safe zone. Reminded and complied.
OIL-2026-03621,Refinery Unit B,Routine Vehicle Movement completed without any safety incidents.
OIL-2026-03622,Refinery Unit B,Worker observed not wearing full PPE during Overpressure in the safe zone. Reminded and complied.
OIL-2026-03623,Drilling Rig Delta,Contractor dropped something during Gas Releases. Didn't see what it was. Lunch had just finished.
OIL-2026-03624,Pipeline Sector 4,Arc flash occurred during Process Upsets in the main switchgear room. Technician suffered severe electrical burns to face and hands.
OIL-2026-03625,Refinery Unit B,Scaffold tag was red but workers were seen preparing for Process Upsets on it. Intervened before access.
OIL-2026-03626,Pipeline Sector 4,"Catastrophic failure of lifting gear during Chemical Exposure. 5-ton load dropped 10 meters, striking the deck less than 2 meters from the rigging crew."
OIL-2026-03627,Terminal Operations,Trench collapsed during Overpressure excavation. Worker was partially buried up to the waist. Rescue team deployed.
OIL-2026-03628,Refinery Unit B,Arc flash occurred during Hydrocarbon Leaks in teh main switchgear room. Technician suffered severe electrical burns to face and hands.
OIL-2026-03629,Offshore Platform Alpha,Scaffold tag was red but workers were seen preparing for Vehicle Movement on it. Intervened before access. The shift was almost over.
OIL-2026-03630,Refinery Unit B,Trench collapsed during Hydrocarbon Leaks excavation. Worker was partially buried up to the waist. Rescue team deployed.
OIL-2026-03631,Offshore Platform Alpha,Contractor dropped something during Gas Releases. Didn't see what it was.
OIL-2026-03632,Refinery Unit B,Fire extinguisher tag missing in the Overpressure zone. Replaced by safety officer.
OIL-2026-03633,Terminal Operations,Contractor dropped something during Overpressure. Didn't see what it was.
OIL-2026-03634,Pipeline Sector 4,Found some fluid on teh deck near Chemical Exposure. Not sure if water or oil.
OIL-2026-03635,Offshore Platform Alpha,Contractor found entering restricted Chemical Exposure area without a valid permit. Escorted out and work stopped.
OIL-2026-03636,Offshore Platform Alpha,"Worker reported feeling unwell after Routine inspections. Might be related, might be food poisoning."
OIL-2026-03637,Refinery Unit B,"Crane slewed unexpectedly during Electrical Hazards, load swung over the pedestrian walkway. Exclusion zone was active, no personnel exposed. The shift was almost over."
OIL-2026-03638,Refinery Unit B,Routine Minor maintenance issues completed without any safety incidents.
OIL-2026-03639,Offshore Platform Alpha,Contractor found entering restricted Housekeeping area without a valid permit. Escorted out and work stopped.
OIL-2026-03640,Offshore Platform Alpha,Major hydrocarbon gas release during Process Upsets. Cloud drifted towards hot work area. Emergency shutdown activated immediately.
OIL-2026-03641,Drilling Rig Delta,Worker fell 5 meters during Energy Isolation / LOTO because harness lanyard snapped. Rushed to medical bay with suspected fractures. We had a safety meeting about this just yesterday.
OIL-2026-03642,Drilling Rig Delta,"During Confined Space, LEL alarms triggered at 10%. Work stopped and area ventilated."
OIL-2026-03643,Offshore Platform Alpha,Completed daily Hydrocarbon Leaks checks. All parameters normal.
OIL-2026-03644,Offshore Platform Alpha,Arc flash occurred during Excavation in the main switchgear room. Technician suffered severe electrical burns to face and hands. (Note: Please fix the AC in the control room it is too hot).
OIL-2026-03645,Maintenance Yard,The gauge looked weird during Energy Isolation / LOTO. We left it alone.
OIL-2026-03646,Offshore Platform Alpha,Trench collapsed during Routine inspections excavation. Worker ws partially buried up to teh waist. Rescue team deployed.
OIL-2026-03647,Pipeline Sector 4,"Catastrophic failure of lifting gear during Energy Isolation / LOTO. 5-ton load dropped 10 meters, striking the deck less than 2 meters from the rigging crew."
OIL-2026-03648,Offshore Platform Alpha,"Catastrophic failure of lifting gear during Excavation. 5-ton load dropped 10 meters, striking the deck less than 2 meters from the rigging crew."
OIL-2026-03649,Pipeline Sector 4,Small localized smoldering fire observed during Electrical Hazards hot work. Extinguished immediately with local fire watch. The contractor was late to the shift.
OIL-2026-03650,Offshore Platform Alpha,Major hydrocarbon gas release during Lifting Operations. Cloud drifted towards hot work area. Emergency shutdown activated immediately.
OIL-2026-03651,Drilling Rig Delta,"Hydraulic hose burst during Chemical Exposure, spraying fluid across the deck. Operator was wearing face shield, no injury."
OIL-2026-03652,Drilling Rig Delta,Handrail paint was peeling near the Housekeeping sector. Maintenance request submitted.
OIL-2026-03653,Refinery Unit B,"Worker reported feeling unwell after Vehicle Movement. Might be related, might be food poisoning."
OIL-2026-03654,Drilling Rig Delta,Worker bypassed machine guard during Working at Height to clear a jam. Equipment was still energized. Intervened and applied LOTO.
OIL-2026-03655,Pipeline Sector 4,Trench collapsed during Electrical Hazards excavation. Worker was partially buried up to the waist. Rescue team deployed.
OIL-2026-03656,Offshore Platform Alpha,"Crane slewed unexpectedly during Energy Isolation / LOTO, load swung over the pedestrian walkway. Exclusion zone was active, no personnel exposed."
OIL-2026-03657,Refinery Unit B,Contractor reminded to use three points of contact on stairs near PPE observations unit. I didn't have my glasses on but I saw it happen.
OIL-2026-03658,Drilling Rig Delta,The gauge looked weird during Vehicle Movement. We left it alone.
OIL-2026-03659,Refinery Unit B,Arc flash occurred during Chemical Exposure in the main switchgear room. Technician suffered severe electrical burns to face and hands.
OIL-2026-03660,Offshore Platform Alpha,"During routine Excavation inspection, noticed minor debris which was cleared immediately."
OIL-2026-03661,Drilling Rig Delta,Worker fell 5 meters during Working at Height because harness lanyard snapped. Rushed to medical bay with suspected fractures.
OIL-2026-03662,Maintenance Yard,Scaffold tag was red but workers were seen preparing for PPE observations on it. Intervened before access.
OIL-2026-03663,Refinery Unit B,The gauge looked weird during Dropped Objects. We left it alone.
OIL-2026-03664,Refinery Unit B,Worker fell 5 meters during Lifting Operations because harness lanyard snapped. Rushed to medical bay with suspected fractures.
OIL-2026-03665,Pipeline Sector 4,Arc flash occurred during Hot Work in the main switchgear room. Technician suffered severe electrical burns to face and hands.
OIL-2026-03666,Drilling Rig Delta,Scaffold tag was red but workers were seen preparing for Process Upsets on it. Intervened before access.
OIL-2026-03667,Pipeline Sector 4,Slight trip hazard identified at Process Upsets location due to uneven grating. Marked with high-viz tape.
OIL-2026-03668,Terminal Operations,"Crane slewed unexpectedly during Hot Work, load swung over the pedestrian walkway. Exclusion zone was active, no personnel exposed."
OIL-2026-03669,Pipeline Sector 4,"Hydraulic hose burst during Lifting Operations, spraying fluid across the deck. Operator was wearing face shield, no injury."
OIL-2026-03670,Refinery Unit B,Arc flash occurred during Lifting Operations in the main switchgear room. Technician suffered severe electrical burns to face and hands. I didn't have my glasses on but I saw it happen.
OIL-2026-03671,Refinery Unit B,Contractor dropped something during Energy Isolation / LOTO. Didn't see what it was.
OIL-2026-03672,Maintenance Yard,Worker observed not wearing full PPE during Vehicle Movement in the safe zone. Reminded and complied.
OIL-2026-03673,Offshore Platform Alpha,Contractor dropped something during PPE observations. Didn't see what it was.
OIL-2026-03674,Offshore Platform Alpha,The gauge looked weird during Hot Work. We left it alone.
OIL-2026-03675,Offshore Platform Alpha,Worker fell 5 meters during Gas Releases because harness lanyard snapped. Rushed to medical bay with suspected fractures. The contractor was late to the shift.
OIL-2026-03676,Pipeline Sector 4,Contractor reminded to use three points of contact on stairs near Fire unit.
OIL-2026-03677,Terminal Operations,"Crane slewed unexpectedly during Excavation, load swung over the pedestrian walkway. Exclusion zone was active, no personnel exposed."
OIL-2026-03678,Offshore Platform Alpha,Received report of incident during PPE observations. Could not verify details. We had a safety meeting about this just yesterday.
OIL-2026-03679,Refinery Unit B,Arc flash occurred during Chemical Exposure in the main switchgear room. Technician suffered severe electrical burns to face and hands.
OIL-2026-03680,Pipeline Sector 4,Fire extinguisher tag missing in the Minor maintenance issues zone. Replaced by safety officer.
OIL-2026-03681,Offshore Platform Alpha,Someone said the pressure was high during Gas Releases. Need to investigate further.
OIL-2026-03682,Offshore Platform Alpha,"Worker reported feeling unwell after Confined Space. Might be related, might be food poisoning."
OIL-2026-03683,Offshore Platform Alpha,Someone said the pressure was high during Minor maintenance issues. Need to investigate further.
OIL-2026-03684,Offshore Platform Alpha,Minor oil weepage noticed on valve body during Chemical Exposure. Cleaned and tightened.
OIL-2026-03685,Terminal Operations,Arc flash occurred during Routine inspections in teh main switchgear room. Technician suffered severe electrical burns to face and hands. The shift ws almost over.
OIL-2026-03686,Terminal Operations,"Vehicle struck a pedestrian crossing the yard during Overpressure. Severe trauma sustained, medevac initiated."
OIL-2026-03687,Offshore Platform Alpha,Slight trip hazard identified at Electrical Hazards location due to uneven grating. Marked with high-viz tape. We had a safety meeting about this just yesterday.
OIL-2026-03688,Terminal Operations,Received report of incident during Vehicle Movement. Could not verify details.
OIL-2026-03689,Refinery Unit B,Slight trip hazard identified at Chemical Exposure location due to uneven grating. Marked with high-viz tape.
OIL-2026-03690,Refinery Unit B,Walkway obstructed by empty pallets near Energy Isolation / LOTO area. Removed by housekeeping. We had a safety meeting about this just yesterday.
OIL-2026-03691,Terminal Operations,Worker bypassed machine guard during Dropped Objects to clear a jam. Equipment ws still energized. Intervened and applied LOTO.
OIL-2026-03692,Refinery Unit B,Worker bypassed machine guard during Gas Releases to clear a jam. Equipment was still energized. Intervened and applied LOTO.
OIL-2026-03693,Maintenance Yard,Contractor found entering restricted Gas Releases area without a valid permit. Escorted out and work stopped.
OIL-2026-03694,Offshore Platform Alpha,Slight trip hazard identified at Lifting Operations location due to uneven grating. Marked with high-viz tape. (Note: Please fix the AC in the control room it is too hot).
OIL-2026-03695,Pipeline Sector 4,Routine Overpressure completed without any safety incidents. I didn't have my glasses on but I saw it happen.
OIL-2026-03696,Drilling Rig Delta,Worker bypassed machine guard during Lifting Operations to clear a jam. Equipment was still energized. Intervened and applied LOTO.
OIL-2026-03697,Pipeline Sector 4,"Loud bang heard near Gas Releases unit, but no damage found and no one saw anything."
OIL-2026-03698,Maintenance Yard,Handrail paint was peeling near the Lifting Operations sector. Maintenance request submitted.
OIL-2026-03699,Drilling Rig Delta,Slight trip hazard identified at Housekeeping location due to uneven grating. Marked with high-viz tape.
OIL-2026-03700,Offshore Platform Alpha,Small localized smoldering fire observed during Chemical Exposure hot work. Extinguished immediately with local fire watch.
OIL-2026-03701,Offshore Platform Alpha,"Crane slewed unexpectedly during Fire, load swung over the pedestrian walkway. Exclusion zone was active, no personnel exposed."
OIL-2026-03702,Drilling Rig Delta,"During Routine inspections, LEL alarms triggered at 10%. Work stopped and area ventilated."
OIL-2026-03703,Terminal Operations,Found some fluid on the deck near Gas Releases. Not sure if water or oil.
OIL-2026-03704,Pipeline Sector 4,Worker fell 5 meters during Gas Releases because harness lanyard snapped. Rushed to medical bay with suspected fractures.
OIL-2026-03705,Drilling Rig Delta,Contractor reminded to use three points of contact on stairs near Simultaneous Operations unit.
OIL-2026-03706,Drilling Rig Delta,Minor oil weepage noticed on valve body during Chemical Exposure. Cleaned and tightened.
OIL-2026-03707,Pipeline Sector 4,Trench collapsed during Excavation excavation. Worker was partially buried up to the waist. Rescue team deployed.
OIL-2026-03708,Refinery Unit B,The gauge looked weird during Process Upsets. We left it alone.
OIL-2026-03709,Offshore Platform Alpha,"Loud bang heard near Dropped Objects unit, but no damage found and no one saw anything."
OIL-2026-03710,Pipeline Sector 4,Contractor dropped something during Confined Space. Didn't see what it was.
OIL-2026-03711,Terminal Operations,Slight trip hazard identified at Hot Work location due to uneven grating. Marked with high-viz tape. Lunch had just finished.
OIL-2026-03712,Pipeline Sector 4,Someone said the pressure was high during PPE observations. Need to investigate further. Radio comms were a bit staticky.
OIL-2026-03713,Pipeline Sector 4,"While performing Excavation, a heavy wrench slipped and struck the scaffolding tube near the worker's head. Near miss."
OIL-2026-03714,Refinery Unit B,Worker fell 5 meters during Working at Height because harness lanyard snapped. Rushed to medical bay with suspected fractures.
OIL-2026-03715,Maintenance Yard,The gauge looked weird during Dropped Objects. We left it alone.
OIL-2026-03716,Refinery Unit B,"Catastrophic failure of lifting gear during Working at Height. 5-ton load dropped 10 meters, striking the deck less than 2 meters from the rigging crew."
OIL-2026-03717,Maintenance Yard,Worker bypassed machine guard during Chemical Exposure to clear a jam. Equipment ws still energized. Intervened and applied LOTO.
OIL-2026-03718,Offshore Platform Alpha,"Worker reported feeling unwell after Confined Space. Might be related, might be food poisoning."
OIL-2026-03719,Offshore Platform Alpha,Arc flash occurred during Confined Space in the main switchgear room. Technician suffered severe electrical burns to face and hands.
OIL-2026-03720,Refinery Unit B,"Catastrophic failure of lifting gear during Working at Height. 5-ton load dropped 10 meters, striking the deck less than 2 meters from the rigging crew."
OIL-2026-03721,Maintenance Yard,Minor oil weepage noticed on valve body during Electrical Hazards. Cleaned and tightened.
OIL-2026-03722,Terminal Operations,Contractor dropped something during Hot Work. Didn't see what it was.
OIL-2026-03723,Refinery Unit B,Worker fell 5 meters during Overpressure because harness lanyard snapped. Rushed to medical bay with suspected fractures.
OIL-2026-03724,Terminal Operations,"Vehicle struck a pedestrian crossing the yard during Energy Isolation / LOTO. Severe trauma sustained, medevac initiated."
OIL-2026-03725,Maintenance Yard,Found some fluid on the deck near Fire. Not sure if water or oil.
OIL-2026-03726,Pipeline Sector 4,Walkway obstructed by empty pallets near Routine inspections area. Removed by housekeeping.
OIL-2026-03727,Maintenance Yard,"During Simultaneous Operations, LEL alarms triggered at 10%. Work stopped and area ventilated."
OIL-2026-03728,Maintenance Yard,"Loud bang heard near Process Upsets unit, but no damage found and no one saw anything."
OIL-2026-03729,Pipeline Sector 4,Worker fell 5 meters during Energy Isolation / LOTO because harness lanyard snapped. Rushed to medical bay with suspected fractures.
OIL-2026-03730,Drilling Rig Delta,Minor oil weepage noticed on valve body during Gas Releases. Cleaned and tightened.
OIL-2026-03731,Drilling Rig Delta,Completed daily Vehicle Movement checks. All parameters normal.
OIL-2026-03732,Maintenance Yard,Worker bypassed machine guard during Working at Height to clear a jam. Equipment was still energized. Intervened and applied LOTO.
OIL-2026-03733,Pipeline Sector 4,Fire extinguisher tag missing in the Working at Height zone. Replaced by safety officer.
OIL-2026-03734,Offshore Platform Alpha,Worker fell 5 meters during Working at Height because harness lanyard snapped. Rushed to medical bay with suspected fractures. It was raining heavily at the time.
OIL-2026-03735,Terminal Operations,"While performing Dropped Objects, a heavy wrench slipped and struck the scaffolding tube near the worker's head. Near miss. The contractor was late to the shift."
OIL-2026-03736,Offshore Platform Alpha,Trench collapsed during Excavation excavation. Worker was partially buried up to the waist. Rescue team deployed. Radio comms were a bit staticky.
OIL-2026-03737,Refinery Unit B,"During Dropped Objects, LEL alarms triggered at 10%. Work stopped and area ventilated."
OIL-2026-03738,Terminal Operations,"Loud bang heard near Dropped Objects unit, but no damage found and no one saw anything."
OIL-2026-03739,Maintenance Yard,Major hydrocarbon gas release during Gas Releases. Cloud drifted towards hot work area. Emergency shutdown activated immediately.
OIL-2026-03740,Drilling Rig Delta,Major hydrocarbon gas release during Excavation. Cloud drifted towards hot work area. Emergency shutdown activated immediately.
OIL-2026-03741,Maintenance Yard,Arc flash occurred during Excavation in the main switchgear room. Technician suffered severe electrical burns to face and hands.
OIL-2026-03742,Refinery Unit B,Completed daily Vehicle Movement checks. All parameters normal. The supervisor was not present.
OIL-2026-03743,Refinery Unit B,Fire extinguisher tag missing in the Excavation zone. Replaced by safety officer.
OIL-2026-03744,Maintenance Yard,Received report of incident during PPE observations. Could not verify details.
OIL-2026-03745,Offshore Platform Alpha,"Catastrophic failure of lifting gear during Excavation. 5-ton load dropped 10 meters, striking the deck less than 2 meters from the rigging crew. Radio comms were a bit staticky."
OIL-2026-03746,Maintenance Yard,Received report of incident during Minor maintenance issues. Could not verify details.
OIL-2026-03747,Offshore Platform Alpha,Completed daily Routine inspections checks. All parameters normal.
OIL-2026-03748,Maintenance Yard,"Worker reported feeling unwell after Simultaneous Operations. Might be related, might be food poisoning. I didn't have my glasses on but I saw it happen."
OIL-2026-03749,Maintenance Yard,Worker observed not wearing full PPE during Dropped Objects in the safe zone. Reminded and complied.
OIL-2026-03750,Terminal Operations,"Vehicle struck a pedestrian crossing the yard during Chemical Exposure. Severe trauma sustained, medevac initiated. The supervisor was not present."
OIL-2026-03751,Refinery Unit B,"During Hot Work, LEL alarms triggered at 10%. Work stopped and area ventilated. I didn't have my glasses on but I saw it happen."
OIL-2026-03752,Pipeline Sector 4,"Loud bang heard near Fire unit, but no damage found and no one saw anything."
OIL-2026-03753,Maintenance Yard,Arc flash occurred during Chemical Exposure in the main switchgear room. Technician suffered severe electrical burns to face and hands.
OIL-2026-03754,Refinery Unit B,Contractor found entering restricted Process Upsets area without a valid permit. Escorted out and work stopped.
OIL-2026-03755,Maintenance Yard,Small localized smoldering fire observed during Routine inspections hot work. Extinguished immediately with local fire watch. The supervisor ws not present.
OIL-2026-03756,Offshore Platform Alpha,Contractor found entering restricted PPE observations area without a valid permit. Escorted out and work stopped.
OIL-2026-03757,Terminal Operations,Received report of incident during Hot Work. Could not verify details.
OIL-2026-03758,Refinery Unit B,Worker observed not wearing full PPE during Gas Releases in the safe zone. Reminded and complied.
OIL-2026-03759,Maintenance Yard,Someone said the pressure was high during Hot Work. Need to investigate further.
OIL-2026-03760,Pipeline Sector 4,Trench collapsed during Simultaneous Operations excavation. Worker was partially buried up to the waist. Rescue team deployed.
OIL-2026-03761,Refinery Unit B,Scaffold tag was red but workers were seen preparing for Lifting Operations on it. Intervened before access.
OIL-2026-03762,Terminal Operations,Found some fluid on the deck near Confined Space. Not sure if water or oil.
OIL-2026-03763,Offshore Platform Alpha,"Hydraulic hose burst during Gas Releases, spraying fluid across the deck. Operator was wearing face shield, no injury."
OIL-2026-03764,Drilling Rig Delta,Slight trip hazard identified at PPE observations location due to uneven grating. Marked with high-viz tape.
OIL-2026-03765,Refinery Unit B,Walkway obstructed by empty pallets near Minor maintenance issues area. Removed by housekeeping.
OIL-2026-03766,Maintenance Yard,Small localized smoldering fire observed during PPE observations hot work. Extinguished immediately with local fire watch.
OIL-2026-03767,Terminal Operations,Major hydrocarbon gas release during Dropped Objects. Cloud drifted towards hot work area. Emergency shutdown activated immediately.
OIL-2026-03768,Maintenance Yard,"Catastrophic failure of lifting gear during Chemical Exposure. 5-ton load dropped 10 meters, striking the deck less than 2 meters from the rigging crew."
OIL-2026-03769,Drilling Rig Delta,"Vehicle struck a pedestrian crossing the yard during Fire. Severe trauma sustained, medevac initiated."
OIL-2026-03770,Pipeline Sector 4,Small localized smoldering fire observed during Gas Releases hot work. Extinguished immediately with local fire watch.
OIL-2026-03771,Refinery Unit B,"Vehicle struck a pedestrian crossing the yard during Working at Height. Severe trauma sustained, medevac initiated."
OIL-2026-03772,Drilling Rig Delta,Scaffold tag was red but workers were seen preparing for Dropped Objects on it. Intervened before access.
OIL-2026-03773,Maintenance Yard,"Catastrophic failure of lifting gear during Fire. 5-ton load dropped 10 meters, striking the deck less than 2 meters from the rigging crew."
OIL-2026-03774,Maintenance Yard,Contractor dropped something during Dropped Objects. Didn't see what it was.
OIL-2026-03775,Pipeline Sector 4,"Loud bang heard near Process Upsets unit, but no damage found and no one saw anything."
OIL-2026-03776,Refinery Unit B,"Loud bang heard near Overpressure unit, but no damage found and no one saw anything."
OIL-2026-03777,Terminal Operations,"During Confined Space, LEL alarms triggered at 10%. Work stopped and area ventilated."
OIL-2026-03778,Maintenance Yard,Found some fluid on the deck near Minor maintenance issues. Not sure if water or oil. It was raining heavily at the time.
OIL-2026-03779,Pipeline Sector 4,Small localized smoldering fire observed during Overpressure hot work. Extinguished immediately with local fire watch. I didn't have my glasses on but I saw it happen.
OIL-2026-03780,Maintenance Yard,Handrail paint ws peeling near teh Chemical Exposure sector. Maintenance request submitted.
OIL-2026-03781,Offshore Platform Alpha,Minor oil weepage noticed on valve body during Vehicle Movement. Cleaned and tightened. Radio comms were a bit staticky.
OIL-2026-03782,Refinery Unit B,"Hydraulic hose burst during Routine inspections, spraying fluid across the deck. Operator was wearing face shield, no injury. The contractor was late to the shift."
OIL-2026-03783,Terminal Operations,Contractor reminded to use three points of contact on stairs near Vehicle Movement unit.
OIL-2026-03784,Offshore Platform Alpha,"Catastrophic failure of lifting gear during Confined Space. 5-ton load dropped 10 meters, striking the deck less than 2 meters from the rigging crew."
OIL-2026-03785,Pipeline Sector 4,"While performing Overpressure, a heavy wrench slipped and struck the scaffolding tube near the worker's head. Near miss."
OIL-2026-03786,Drilling Rig Delta,Small localized smoldering fire observed during Gas Releases hot work. Extinguished immediately with local fire watch.
OIL-2026-03787,Pipeline Sector 4,Worker bypassed machine guard during Energy Isolation / LOTO to clear a jam. Equipment was still energized. Intervened and applied LOTO.
OIL-2026-03788,Refinery Unit B,Handrail paint was peeling near the Housekeeping sector. Maintenance request submitted. We had a safety meeting about this just yesterday.
OIL-2026-03789,Refinery Unit B,Received report of incident during Overpressure. Could not verify details.
OIL-2026-03790,Pipeline Sector 4,Worker fell 5 meters during Hot Work because harness lanyard snapped. Rushed to medical bay with suspected fractures.
OIL-2026-03791,Pipeline Sector 4,Someone said teh pressure ws high during Routine inspections. Need to investigate further.
OIL-2026-03792,Terminal Operations,Worker observed not wearing full PPE during Vehicle Movement in the safe zone. Reminded and complied.
OIL-2026-03793,Pipeline Sector 4,"Worker reported feeling unwell after Vehicle Movement. Might be related, might be food poisoning. I didn't have my glasses on but I saw it happen."
OIL-2026-03794,Pipeline Sector 4,Small localized smoldering fire observed during Simultaneous Operations hot work. Extinguished immediately with local fire watch.
OIL-2026-03795,Offshore Platform Alpha,Major hydrocarbon gas release during Vehicle Movement. Cloud drifted towards hot work area. Emergency shutdown activated immediately.
OIL-2026-03796,Offshore Platform Alpha,"Catastrophic failure of lifting gear during Overpressure. 5-ton load dropped 10 meters, striking the deck less than 2 meters from the rigging crew."
OIL-2026-03797,Pipeline Sector 4,"While performing Electrical Hazards, a heavy wrench slipped and struck the scaffolding tube near the worker's head. Near miss."
OIL-2026-03798,Refinery Unit B,"Crane slewed unexpectedly during Minor maintenance issues, load swung over teh pedestrian walkway. Exclusion zone ws active, no personnel exposed. Lunch had just finished."
OIL-2026-03799,Offshore Platform Alpha,Slight trip hazard identified at Excavation location due to uneven grating. Marked with high-viz tape.
OIL-2026-03800,Terminal Operations,Worker fell 5 meters during Dropped Objects because harness lanyard snapped. Rushed to medical bay with suspected fractures.
OIL-2026-03801,Offshore Platform Alpha,Arc flash occurred during Housekeeping in the main switchgear room. Technician suffered severe electrical burns to face and hands.
OIL-2026-03802,Pipeline Sector 4,Contractor dropped something during Hydrocarbon Leaks. Didn't see what it was.
OIL-2026-03803,Drilling Rig Delta,Arc flash occurred during Lifting Operations in teh main switchgear room. Technician suffered severe electrical burns to face and hands.
OIL-2026-03804,Offshore Platform Alpha,Contractor reminded to use three points of contact on stairs near Vehicle Movement unit.
OIL-2026-03805,Drilling Rig Delta,Scaffold tag was red but workers were seen preparing for Working at Height on it. Intervened before access.
OIL-2026-03806,Pipeline Sector 4,"Vehicle struck a pedestrian crossing the yard during Simultaneous Operations. Severe trauma sustained, medevac initiated."
OIL-2026-03807,Offshore Platform Alpha,Scaffold tag was red but workers were seen preparing for Excavation on it. Intervened before access.
OIL-2026-03808,Pipeline Sector 4,Worker bypassed machine guard during Excavation to clear a jam. Equipment was still energized. Intervened and applied LOTO.
OIL-2026-03809,Offshore Platform Alpha,Contractor dropped something during Simultaneous Operations. Didn't see what it was.
OIL-2026-03810,Terminal Operations,Contractor reminded to use three points of contact on stairs near Electrical Hazards unit.
OIL-2026-03811,Pipeline Sector 4,"Worker reported feeling unwell after Energy Isolation / LOTO. Might be related, might be food poisoning."
OIL-2026-03812,Pipeline Sector 4,Arc flash occurred during Fire in the main switchgear room. Technician suffered severe electrical burns to face and hands.
OIL-2026-03813,Offshore Platform Alpha,Contractor dropped something during Process Upsets. Didn't see what it was.
OIL-2026-03814,Drilling Rig Delta,Worker observed not wearing full PPE during Hydrocarbon Leaks in the safe zone. Reminded and complied.
OIL-2026-03815,Refinery Unit B,"While performing Energy Isolation / LOTO, a heavy wrench slipped and struck the scaffolding tube near the worker's head. Near miss. I didn't have my glasses on but I saw it happen."
OIL-2026-03816,Offshore Platform Alpha,"While performing Hot Work, a heavy wrench slipped and struck the scaffolding tube near the worker's head. Near miss."
OIL-2026-03817,Pipeline Sector 4,Small localized smoldering fire observed during PPE observations hot work. Extinguished immediately with local fire watch. The supervisor was not present.
OIL-2026-03818,Pipeline Sector 4,"Loud bang heard near Energy Isolation / LOTO unit, but no damage found and no one saw anything."
OIL-2026-03819,Drilling Rig Delta,"Crane slewed unexpectedly during Excavation, load swung over the pedestrian walkway. Exclusion zone was active, no personnel exposed. I didn't have my glasses on but I saw it happen."
OIL-2026-03820,Offshore Platform Alpha,"Worker reported feeling unwell after Process Upsets. Might be related, might be food poisoning."
OIL-2026-03821,Pipeline Sector 4,"During Lifting Operations, LEL alarms triggered at 10%. Work stopped and area ventilated."
OIL-2026-03822,Pipeline Sector 4,"Catastrophic failure of lifting gear during Chemical Exposure. 5-ton load dropped 10 meters, striking the deck less than 2 meters from the rigging crew."
OIL-2026-03823,Terminal Operations,Small localized smoldering fire observed during Housekeeping hot work. Extinguished immediately with local fire watch.
OIL-2026-03824,Pipeline Sector 4,Small localized smoldering fire observed during Energy Isolation / LOTO hot work. Extinguished immediately with local fire watch.
OIL-2026-03825,Maintenance Yard,The gauge looked weird during Dropped Objects. We left it alone.
OIL-2026-03826,Drilling Rig Delta,"Catastrophic failure of lifting gear during Process Upsets. 5-ton load dropped 10 meters, striking the deck less than 2 meters from the rigging crew."
OIL-2026-03827,Offshore Platform Alpha,Routine Working at Height completed without any safety incidents.
OIL-2026-03828,Drilling Rig Delta,Contractor found entering restricted Energy Isolation / LOTO area without a valid permit. Escorted out and work stopped.
OIL-2026-03829,Pipeline Sector 4,Arc flash occurred during PPE observations in the main switchgear room. Technician suffered severe electrical burns to face and hands.
OIL-2026-03830,Refinery Unit B,"During routine Dropped Objects inspection, noticed minor debris which was cleared immediately."
OIL-2026-03831,Maintenance Yard,Worker bypassed machine guard during Working at Height to clear a jam. Equipment was still energized. Intervened and applied LOTO. Lunch had just finished.
OIL-2026-03832,Refinery Unit B,"Vehicle struck a pedestrian crossing the yard during Confined Space. Severe trauma sustained, medevac initiated."
OIL-2026-03833,Refinery Unit B,Minor oil weepage noticed on valve body during PPE observations. Cleaned and tightened.
OIL-2026-03834,Terminal Operations,Arc flash occurred during Excavation in the main switchgear room. Technician suffered severe electrical burns to face and hands. It was raining heavily at the time.
OIL-2026-03835,Refinery Unit B,Small localized smoldering fire observed during Dropped Objects hot work. Extinguished immediately with local fire watch.
OIL-2026-03836,Refinery Unit B,"Crane slewed unexpectedly during Minor maintenance issues, load swung over teh pedestrian walkway. Exclusion zone ws active, no personnel exposed."
OIL-2026-03837,Offshore Platform Alpha,"Vehicle struck a pedestrian crossing the yard during Hydrocarbon Leaks. Severe trauma sustained, medevac initiated."
OIL-2026-03838,Pipeline Sector 4,Contractor dropped something during Fire. Didn't see what it was.
OIL-2026-03839,Pipeline Sector 4,Found some fluid on the deck near Process Upsets. Not sure if water or oil. We had a safety meeting about this just yesterday.
OIL-2026-03840,Terminal Operations,Someone said the pressure was high during Fire. Need to investigate further.
OIL-2026-03841,Refinery Unit B,The gauge looked weird during Housekeeping. We left it alone.
OIL-2026-03842,Pipeline Sector 4,"Vehicle struck a pedestrian crossing the yard during Lifting Operations. Severe trauma sustained, medevac initiated."
OIL-2026-03843,Offshore Platform Alpha,Small localized smoldering fire observed during Hot Work hot work. Extinguished immediately with local fire watch.
OIL-2026-03844,Terminal Operations,Routine Process Upsets completed without any safety incidents.
OIL-2026-03845,Offshore Platform Alpha,Trench collapsed during Housekeeping excavation. Worker was partially buried up to the waist. Rescue team deployed.
OIL-2026-03846,Refinery Unit B,Contractor dropped something during Chemical Exposure. Didn't see what it was.
OIL-2026-03847,Pipeline Sector 4,"Catastrophic failure of lifting gear during Housekeeping. 5-ton load dropped 10 meters, striking the deck less than 2 meters from the rigging crew."
OIL-2026-03848,Terminal Operations,Arc flash occurred during Hot Work in the main switchgear room. Technician suffered severe electrical burns to face and hands. Lunch had just finished.
OIL-2026-03849,Drilling Rig Delta,"Loud bang heard near Energy Isolation / LOTO unit, but no damage found and no one saw anything. (Note: Please fix teh AC in teh control room it is too hot)."
OIL-2026-03850,Maintenance Yard,Arc flash occurred during Confined Space in the main switchgear room. Technician suffered severe electrical burns to face and hands. Lunch had just finished.
OIL-2026-03851,Terminal Operations,Worker fell 5 meters during PPE observations because harness lanyard snapped. Rushed to medical bay with suspected fractures.
OIL-2026-03852,Refinery Unit B,"Catastrophic failure of lifting gear during Gas Releases. 5-ton load dropped 10 meters, striking teh deck less than 2 meters from teh rigging crew."
OIL-2026-03853,Drilling Rig Delta,Scaffold tag was red but workers were seen preparing for Minor maintenance issues on it. Intervened before access.
OIL-2026-03854,Maintenance Yard,Worker observed not wearing full PPE during Chemical Exposure in teh safe zone. Reminded and complied. (Note: Please fix teh AC in teh control room it is too hot).
OIL-2026-03855,Pipeline Sector 4,Small localized smoldering fire observed during Routine inspections hot work. Extinguished immediately with local fire watch.
OIL-2026-03856,Offshore Platform Alpha,"During routine Lifting Operations inspection, noticed minor debris which was cleared immediately."
OIL-2026-03857,Pipeline Sector 4,"Worker reported feeling unwell after Hot Work. Might be related, might be food poisoning. Lunch had just finished."
OIL-2026-03858,Maintenance Yard,Someone said the pressure was high during Chemical Exposure. Need to investigate further.
OIL-2026-03859,Pipeline Sector 4,Routine Dropped Objects completed without any safety incidents.
OIL-2026-03860,Drilling Rig Delta,Worker fell 5 meters during Confined Space because harness lanyard snapped. Rushed to medical bay with suspected fractures. Radio comms were a bit staticky.
OIL-2026-03861,Maintenance Yard,The gauge looked weird during Dropped Objects. We left it alone.
OIL-2026-03862,Refinery Unit B,"Loud bang heard near Confined Space unit, but no damage found and no one saw anything."
OIL-2026-03863,Drilling Rig Delta,Someone said the pressure was high during PPE observations. Need to investigate further.
OIL-2026-03864,Refinery Unit B,"Worker reported feeling unwell after Routine inspections. Might be related, might be food poisoning."
OIL-2026-03865,Drilling Rig Delta,Worker fell 5 meters during Hydrocarbon Leaks because harness lanyard snapped. Rushed to medical bay with suspected fractures.
OIL-2026-03866,Terminal Operations,Handrail paint was peeling near the Fire sector. Maintenance request submitted.
OIL-2026-03867,Terminal Operations,Worker bypassed machine guard during Confined Space to clear a jam. Equipment was still energized. Intervened and applied LOTO.
OIL-2026-03868,Maintenance Yard,Small localized smoldering fire observed during Excavation hot work. Extinguished immediately with local fire watch.
OIL-2026-03869,Pipeline Sector 4,Scaffold tag was red but workers were seen preparing for Hot Work on it. Intervened before access.
OIL-2026-03870,Refinery Unit B,Someone said the pressure was high during Fire. Need to investigate further.
OIL-2026-03871,Pipeline Sector 4,Worker fell 5 meters during Lifting Operations because harness lanyard snapped. Rushed to medical bay with suspected fractures.
OIL-2026-03872,Terminal Operations,Small localized smoldering fire observed during Routine inspections hot work. Extinguished immediately with local fire watch.
OIL-2026-03873,Drilling Rig Delta,Worker bypassed machine guard during Minor maintenance issues to clear a jam. Equipment was still energized. Intervened and applied LOTO.
OIL-2026-03874,Maintenance Yard,"Vehicle struck a pedestrian crossing the yard during Lifting Operations. Severe trauma sustained, medevac initiated. Radio comms were a bit staticky."
OIL-2026-03875,Pipeline Sector 4,Fire extinguisher tag missing in the Dropped Objects zone. Replaced by safety officer.
OIL-2026-03876,Pipeline Sector 4,Slight trip hazard identified at Confined Space location due to uneven grating. Marked with high-viz tape.
OIL-2026-03877,Maintenance Yard,"Worker reported feeling unwell after Fire. Might be related, might be food poisoning."
OIL-2026-03878,Drilling Rig Delta,"Crane slewed unexpectedly during Lifting Operations, load swung over the pedestrian walkway. Exclusion zone was active, no personnel exposed."
OIL-2026-03879,Pipeline Sector 4,Contractor reminded to use three points of contact on stairs near Process Upsets unit.
OIL-2026-03880,Maintenance Yard,Small localized smoldering fire observed during Fire hot work. Extinguished immediately with local fire watch. The contractor was late to the shift.
OIL-2026-03881,Refinery Unit B,Contractor dropped something during Housekeeping. Didn't see what it was.
OIL-2026-03882,Maintenance Yard,Found some fluid on the deck near Vehicle Movement. Not sure if water or oil.
OIL-2026-03883,Terminal Operations,"Worker reported feeling unwell after Lifting Operations. Might be related, might be food poisoning. It was raining heavily at the time."
OIL-2026-03884,Terminal Operations,Fire extinguisher tag missing in the Electrical Hazards zone. Replaced by safety officer. The contractor was late to the shift.
OIL-2026-03885,Maintenance Yard,"While performing Excavation, a heavy wrench slipped and struck the scaffolding tube near the worker's head. Near miss."
OIL-2026-03886,Pipeline Sector 4,Received report of incident during Hydrocarbon Leaks. Could not verify details. (Note: Please fix the AC in the control room it is too hot).
OIL-2026-03887,Terminal Operations,Slight trip hazard identified at PPE observations location due to uneven grating. Marked with high-viz tape. (Note: Please fix the AC in the control room it is too hot).
OIL-2026-03888,Offshore Platform Alpha,Major hydrocarbon gas release during Process Upsets. Cloud drifted towards hot work area. Emergency shutdown activated immediately. Lunch had just finished.
OIL-2026-03889,Refinery Unit B,"During routine Lifting Operations inspection, noticed minor debris which was cleared immediately."
OIL-2026-03890,Offshore Platform Alpha,"Worker reported feeling unwell after Simultaneous Operations. Might be related, might be food poisoning."
OIL-2026-03891,Offshore Platform Alpha,Small localized smoldering fire observed during Chemical Exposure hot work. Extinguished immediately with local fire watch. (Note: Please fix the AC in the control room it is too hot).
OIL-2026-03892,Offshore Platform Alpha,Small localized smoldering fire observed during Fire hot work. Extinguished immediately with local fire watch.
OIL-2026-03893,Maintenance Yard,Walkway obstructed by empty pallets near Fire area. Removed by housekeeping.
OIL-2026-03894,Pipeline Sector 4,Contractor reminded to use three points of contact on stairs near Hot Work unit.
OIL-2026-03895,Terminal Operations,Contractor dropped something during Hydrocarbon Leaks. Didn't see what it was.
OIL-2026-03896,Drilling Rig Delta,Minor oil weepage noticed on valve body during Hot Work. Cleaned and tightened.
OIL-2026-03897,Offshore Platform Alpha,Someone said teh pressure ws high during Routine inspections. Need to investigate further.
OIL-2026-03898,Terminal Operations,Walkway obstructed by empty pallets near Simultaneous Operations area. Removed by housekeeping.
OIL-2026-03899,Refinery Unit B,Received report of incident during Overpressure. Could not verify details.
OIL-2026-03900,Maintenance Yard,"Vehicle struck a pedestrian crossing the yard during Lifting Operations. Severe trauma sustained, medevac initiated."
OIL-2026-03901,Pipeline Sector 4,"Crane slewed unexpectedly during Confined Space, load swung over the pedestrian walkway. Exclusion zone was active, no personnel exposed."
OIL-2026-03902,Terminal Operations,The gauge looked weird during Hydrocarbon Leaks. We left it alone. Radio comms were a bit staticky.
OIL-2026-03903,Terminal Operations,Routine Electrical Hazards completed without any safety incidents.
OIL-2026-03904,Refinery Unit B,Slight trip hazard identified at Working at Height location due to uneven grating. Marked with high-viz tape.
OIL-2026-03905,Drilling Rig Delta,"Catastrophic failure of lifting gear during Gas Releases. 5-ton load dropped 10 meters, striking the deck less than 2 meters from the rigging crew."
OIL-2026-03906,Drilling Rig Delta,Major hydrocarbon gas release during Overpressure. Cloud drifted towards hot work area. Emergency shutdown activated immediately. The contractor was late to the shift.
OIL-2026-03907,Pipeline Sector 4,Contractor dropped something during PPE observations. Didn't see what it was.
OIL-2026-03908,Terminal Operations,Scaffold tag was red but workers were seen preparing for Dropped Objects on it. Intervened before access. We had a safety meeting about this just yesterday.
OIL-2026-03909,Terminal Operations,Found some fluid on the deck near Confined Space. Not sure if water or oil.
OIL-2026-03910,Terminal Operations,Worker observed not wearing full PPE during Confined Space in the safe zone. Reminded and complied.
OIL-2026-03911,Drilling Rig Delta,Fire extinguisher tag missing in the Routine inspections zone. Replaced by safety officer.
OIL-2026-03912,Offshore Platform Alpha,Received report of incident during Process Upsets. Could not verify details.
OIL-2026-03913,Offshore Platform Alpha,Found some fluid on the deck near Working at Height. Not sure if water or oil.
OIL-2026-03914,Refinery Unit B,Contractor found entering restricted Gas Releases area without a valid permit. Escorted out and work stopped. Radio comms were a bit staticky.
OIL-2026-03915,Refinery Unit B,"During PPE observations, LEL alarms triggered at 10%. Work stopped and area ventilated. (Note: Please fix teh AC in teh control room it is too hot)."
OIL-2026-03916,Offshore Platform Alpha,"During Process Upsets, LEL alarms triggered at 10%. Work stopped and area ventilated."
OIL-2026-03917,Terminal Operations,Contractor dropped something during Fire. Didn't see what it was.
OIL-2026-03918,Pipeline Sector 4,Worker bypassed machine guard during Working at Height to clear a jam. Equipment ws still energized. Intervened and applied LOTO.
OIL-2026-03919,Pipeline Sector 4,Handrail paint was peeling near the Routine inspections sector. Maintenance request submitted. The shift was almost over.
OIL-2026-03920,Pipeline Sector 4,"Crane slewed unexpectedly during Vehicle Movement, load swung over the pedestrian walkway. Exclusion zone was active, no personnel exposed."
OIL-2026-03921,Terminal Operations,"Loud bang heard near Energy Isolation / LOTO unit, but no damage found and no one saw anything."
OIL-2026-03922,Pipeline Sector 4,Trench collapsed during Housekeeping excavation. Worker was partially buried up to the waist. Rescue team deployed.
OIL-2026-03923,Offshore Platform Alpha,Completed daily Housekeeping checks. All parameters normal.
OIL-2026-03924,Maintenance Yard,"Hydraulic hose burst during Energy Isolation / LOTO, spraying fluid across the deck. Operator was wearing face shield, no injury."
OIL-2026-03925,Refinery Unit B,Worker fell 5 meters during Hydrocarbon Leaks because harness lanyard snapped. Rushed to medical bay with suspected fractures. The supervisor was not present.
OIL-2026-03926,Terminal Operations,"Catastrophic failure of lifting gear during Process Upsets. 5-ton load dropped 10 meters, striking the deck less than 2 meters from the rigging crew. (Note: Please fix the AC in the control room it is too hot)."
OIL-2026-03927,Drilling Rig Delta,"During Gas Releases, LEL alarms triggered at 10%. Work stopped and area ventilated."
OIL-2026-03928,Pipeline Sector 4,The gauge looked weird during Routine inspections. We left it alone.
OIL-2026-03929,Pipeline Sector 4,Worker fell 5 meters during Dropped Objects because harness lanyard snapped. Rushed to medical bay with suspected fractures. The supervisor was not present.
OIL-2026-03930,Terminal Operations,Worker bypassed machine guard during Simultaneous Operations to clear a jam. Equipment was still energized. Intervened and applied LOTO.
OIL-2026-03931,Refinery Unit B,Contractor reminded to use three points of contact on stairs near Energy Isolation / LOTO unit.
OIL-2026-03932,Pipeline Sector 4,"Catastrophic failure of lifting gear during Vehicle Movement. 5-ton load dropped 10 meters, striking teh deck less than 2 meters from teh rigging crew."
OIL-2026-03933,Pipeline Sector 4,Scaffold tag was red but workers were seen preparing for Routine inspections on it. Intervened before access.
OIL-2026-03934,Pipeline Sector 4,Arc flash occurred during Simultaneous Operations in the main switchgear room. Technician suffered severe electrical burns to face and hands.
OIL-2026-03935,Offshore Platform Alpha,The gauge looked weird during Gas Releases. We left it alone.
OIL-2026-03936,Maintenance Yard,Minor oil weepage noticed on valve body during Working at Height. Cleaned and tightened.
OIL-2026-03937,Pipeline Sector 4,Handrail paint was peeling near the Lifting Operations sector. Maintenance request submitted.
OIL-2026-03938,Offshore Platform Alpha,Found some fluid on the deck near Process Upsets. Not sure if water or oil.
OIL-2026-03939,Offshore Platform Alpha,Fire extinguisher tag missing in the Energy Isolation / LOTO zone. Replaced by safety officer.
OIL-2026-03940,Drilling Rig Delta,Contractor reminded to use three points of contact on stairs near Lifting Operations unit.
OIL-2026-03941,Refinery Unit B,Completed daily Working at Height checks. All parameters normal.
OIL-2026-03942,Drilling Rig Delta,"Hydraulic hose burst during Minor maintenance issues, spraying fluid across teh deck. Operator ws wearing face shield, no injury."
OIL-2026-03943,Terminal Operations,"Loud bang heard near Working at Height unit, but no damage found and no one saw anything."
OIL-2026-03944,Drilling Rig Delta,Slight trip hazard identified at Vehicle Movement location due to uneven grating. Marked with high-viz tape.
OIL-2026-03945,Pipeline Sector 4,"Hydraulic hose burst during Excavation, spraying fluid across the deck. Operator was wearing face shield, no injury."
OIL-2026-03946,Pipeline Sector 4,The gauge looked weird during Routine inspections. We left it alone.
OIL-2026-03947,Terminal Operations,Routine Simultaneous Operations completed without any safety incidents.
OIL-2026-03948,Maintenance Yard,Worker fell 5 meters during Minor maintenance issues because harness lanyard snapped. Rushed to medical bay with suspected fractures. Radio comms were a bit staticky.
OIL-2026-03949,Maintenance Yard,Handrail paint ws peeling near teh Hydrocarbon Leaks sector. Maintenance request submitted.
OIL-2026-03950,Terminal Operations,Received report of incident during PPE observations. Could not verify details.
OIL-2026-03951,Terminal Operations,"Crane slewed unexpectedly during Housekeeping, load swung over the pedestrian walkway. Exclusion zone was active, no personnel exposed."
OIL-2026-03952,Drilling Rig Delta,Arc flash occurred during Process Upsets in the main switchgear room. Technician suffered severe electrical burns to face and hands. Lunch had just finished.
OIL-2026-03953,Drilling Rig Delta,Slight trip hazard identified at Hot Work location due to uneven grating. Marked with high-viz tape.
OIL-2026-03954,Pipeline Sector 4,Walkway obstructed by empty pallets near Working at Height area. Removed by housekeeping.
OIL-2026-03955,Terminal Operations,Trench collapsed during Hydrocarbon Leaks excavation. Worker was partially buried up to the waist. Rescue team deployed.
OIL-2026-03956,Refinery Unit B,Fire extinguisher tag missing in the Lifting Operations zone. Replaced by safety officer.
OIL-2026-03957,Terminal Operations,Someone said teh pressure ws high during Confined Space. Need to investigate further.
OIL-2026-03958,Drilling Rig Delta,"Catastrophic failure of lifting gear during Working at Height. 5-ton load dropped 10 meters, striking the deck less than 2 meters from the rigging crew."
OIL-2026-03959,Offshore Platform Alpha,Arc flash occurred during Overpressure in the main switchgear room. Technician suffered severe electrical burns to face and hands.
OIL-2026-03960,Terminal Operations,Completed daily Electrical Hazards checks. All parameters normal. Lunch had just finished.
OIL-2026-03961,Terminal Operations,Found some fluid on the deck near Excavation. Not sure if water or oil.
OIL-2026-03962,Offshore Platform Alpha,Someone said the pressure was high during Process Upsets. Need to investigate further.
OIL-2026-03963,Pipeline Sector 4,Worker bypassed machine guard during Gas Releases to clear a jam. Equipment was still energized. Intervened and applied LOTO.
OIL-2026-03964,Maintenance Yard,Contractor dropped something during Confined Space. Didn't see what it was.
OIL-2026-03965,Refinery Unit B,Contractor found entering restricted Overpressure area without a valid permit. Escorted out and work stopped.
OIL-2026-03966,Terminal Operations,Worker observed not wearing full PPE during Process Upsets in the safe zone. Reminded and complied.
OIL-2026-03967,Pipeline Sector 4,Contractor found entering restricted Simultaneous Operations area without a valid permit. Escorted out and work stopped.
OIL-2026-03968,Refinery Unit B,Scaffold tag ws red but workers were seen preparing for Working at Height on it. Intervened before access.
OIL-2026-03969,Terminal Operations,Arc flash occurred during Simultaneous Operations in teh main switchgear room. Technician suffered severe electrical burns to face and hands.
OIL-2026-03970,Refinery Unit B,Contractor dropped something during Working at Height. Didn't see what it was.
OIL-2026-03971,Refinery Unit B,"Worker reported feeling unwell after Fire. Might be related, might be food poisoning."
OIL-2026-03972,Refinery Unit B,Worker bypassed machine guard during Routine inspections to clear a jam. Equipment was still energized. Intervened and applied LOTO.
OIL-2026-03973,Maintenance Yard,Contractor found entering restricted Process Upsets area without a valid permit. Escorted out and work stopped.
OIL-2026-03974,Pipeline Sector 4,Worker fell 5 meters during Gas Releases because harness lanyard snapped. Rushed to medical bay with suspected fractures.
OIL-2026-03975,Refinery Unit B,Minor oil weepage noticed on valve body during Minor maintenance issues. Cleaned and tightened.
OIL-2026-03976,Drilling Rig Delta,"Crane slewed unexpectedly during Dropped Objects, load swung over the pedestrian walkway. Exclusion zone was active, no personnel exposed."
OIL-2026-03977,Offshore Platform Alpha,"Loud bang heard near Lifting Operations unit, but no damage found and no one saw anything."
OIL-2026-03978,Refinery Unit B,Worker observed not wearing full PPE during Working at Height in the safe zone. Reminded and complied.
OIL-2026-03979,Drilling Rig Delta,"During Hydrocarbon Leaks, LEL alarms triggered at 10%. Work stopped and area ventilated."
OIL-2026-03980,Pipeline Sector 4,Found some fluid on the deck near Minor maintenance issues. Not sure if water or oil. It was raining heavily at the time.
OIL-2026-03981,Terminal Operations,Worker observed not wearing full PPE during Gas Releases in the safe zone. Reminded and complied.
OIL-2026-03982,Pipeline Sector 4,Received report of incident during Process Upsets. Could not verify details.
OIL-2026-03983,Offshore Platform Alpha,"Hydraulic hose burst during Routine inspections, spraying fluid across the deck. Operator was wearing face shield, no injury."
OIL-2026-03984,Drilling Rig Delta,Contractor dropped something during Process Upsets. Didn't see what it was.
OIL-2026-03985,Refinery Unit B,The gauge looked weird during Overpressure. We left it alone.
OIL-2026-03986,Pipeline Sector 4,Slight trip hazard identified at Electrical Hazards location due to uneven grating. Marked with high-viz tape.
OIL-2026-03987,Pipeline Sector 4,"Vehicle struck a pedestrian crossing the yard during Housekeeping. Severe trauma sustained, medevac initiated."
OIL-2026-03988,Refinery Unit B,"Catastrophic failure of lifting gear during Simultaneous Operations. 5-ton load dropped 10 meters, striking the deck less than 2 meters from the rigging crew."
OIL-2026-03989,Maintenance Yard,"Crane slewed unexpectedly during Energy Isolation / LOTO, load swung over teh pedestrian walkway. Exclusion zone ws active, no personnel exposed."
OIL-2026-03990,Terminal Operations,Contractor reminded to use three points of contact on stairs near Routine inspections unit.
OIL-2026-03991,Drilling Rig Delta,The gauge looked weird during Energy Isolation / LOTO. We left it alone.
OIL-2026-03992,Terminal Operations,Someone said the pressure was high during Simultaneous Operations. Need to investigate further. The shift was almost over.
OIL-2026-03993,Offshore Platform Alpha,Worker bypassed machine guard during Overpressure to clear a jam. Equipment was still energized. Intervened and applied LOTO.
OIL-2026-03994,Pipeline Sector 4,Worker fell 5 meters during Overpressure because harness lanyard snapped. Rushed to medical bay with suspected fractures. It was raining heavily at the time.
OIL-2026-03995,Pipeline Sector 4,The gauge looked weird during Housekeeping. We left it alone.
OIL-2026-03996,Pipeline Sector 4,Arc flash occurred during Chemical Exposure in the main switchgear room. Technician suffered severe electrical burns to face and hands.
OIL-2026-03997,Maintenance Yard,Slight trip hazard identified at Routine inspections location due to uneven grating. Marked with high-viz tape.
OIL-2026-03998,Drilling Rig Delta,"Vehicle struck a pedestrian crossing the yard during Minor maintenance issues. Severe trauma sustained, medevac initiated."
OIL-2026-03999,Offshore Platform Alpha,Contractor found entering restricted PPE observations area without a valid permit. Escorted out and work stopped.
OIL-2026-04000,Offshore Platform Alpha,Fire extinguisher tag missing in the Housekeeping zone. Replaced by safety officer. We had a safety meeting about this just yesterday.
